# Blender 4.5.3 LTS
# www.blender.org
mtllib terrain.mtl
o Cube
v -74.301422 26.485306 -120.565193
v -117.954491 19.463625 118.223930
v -85.924995 24.608723 -119.632790
v -118.219803 20.399122 -117.873474
v -97.196922 27.747505 -119.920845
v 116.722427 20.835960 118.414833
v -108.226990 21.416109 -120.068413
v 118.366356 21.267748 -118.021187
v -63.199440 21.183264 -120.781639
v -50.894863 20.356714 -120.360435
v -41.504395 25.420319 -120.207634
v -28.584238 32.110790 -120.039932
v -17.414110 25.570183 -119.762161
v -5.565874 11.673764 -120.373543
v 5.440772 10.114234 -120.043205
v 17.152021 22.376871 -119.721062
v 29.141249 29.156445 -119.417419
v 39.982040 24.182541 -119.975616
v 50.843742 26.536324 -119.223427
v 62.845131 22.172308 -119.971519
v 74.272690 19.361441 -120.012192
v 85.546715 29.998756 -120.241905
v 97.013969 31.391888 -120.582268
v 109.391861 24.152523 -120.387016
v 108.564499 23.709135 119.993446
v 97.752663 20.444357 120.722549
v 85.269958 21.628572 121.225723
v 74.265587 22.493528 119.020851
v 61.449425 18.642393 119.077293
v 51.283630 10.901290 120.523651
v 39.448956 17.198103 121.449928
v 28.707203 20.027405 118.879082
v 17.292923 29.273985 119.823318
v 5.699759 28.823694 120.054604
v -5.420872 14.396036 120.100655
v -17.197985 13.278802 119.974197
v -28.706469 20.785454 119.547173
v -40.023209 31.114782 121.060890
v -51.688644 30.497274 119.517570
v -62.876457 24.527336 120.001472
v -73.474297 22.297274 122.260933
v -87.039474 21.139425 118.686974
v -96.725746 10.823822 120.215813
v -107.631210 12.833941 120.242104
v -119.548645 24.009701 108.487297
v -120.212509 12.981762 97.189110
v -120.683594 16.588755 85.238876
v -120.635895 15.212896 74.530289
v -120.188553 15.772251 62.592224
v -121.772827 23.896803 51.146935
v -121.545807 21.072805 40.898113
v -121.319351 18.663582 28.860561
v -119.251617 24.324875 17.311192
v -119.107315 20.441557 5.081461
v -119.235519 25.583900 -5.729734
v -121.417160 28.006802 -17.487877
v -119.912796 26.908325 -28.522400
v -119.768745 22.407476 -40.047337
v -120.294312 12.086856 -51.934105
v -120.540810 16.950542 -61.171890
v -120.531586 22.472532 -73.954300
v -119.889893 17.778030 -85.654694
v -119.499443 17.404726 -96.871986
v -118.003891 11.546465 -108.580284
v 120.274582 23.164492 -108.623299
v 119.946777 21.178259 -97.066963
v 119.948059 21.632961 -85.731888
v 120.543709 25.234844 -74.153358
v 119.968033 23.388067 -62.824013
v 119.632599 20.901516 -51.548607
v 120.806320 19.479467 -39.778812
v 119.955894 19.115294 -28.552387
v 119.658142 16.342751 -17.316427
v 119.595551 20.518356 -5.681826
v 118.597076 23.913031 6.139503
v 120.721130 20.853067 16.970812
v 120.866806 25.071712 28.800827
v 120.861351 25.179878 40.344349
v 119.678146 26.179398 51.650330
v 119.972054 25.588905 62.860374
v 119.719734 22.985678 74.371628
v 119.830078 20.719355 85.250801
v 119.954697 19.685095 97.158089
v 120.821503 19.246780 108.521858
v 108.741760 20.949408 -109.043282
v 108.048798 22.626898 -96.217567
v 108.408112 20.798031 -85.705063
v 110.351051 19.689096 -73.949081
v 108.541603 18.548389 -63.163284
v 109.896263 21.182659 -51.476845
v 110.548393 27.280773 -42.170902
v 108.884918 20.557657 -29.442829
v 108.674583 15.415109 -17.771856
v 105.329155 20.806932 -5.896644
v 105.039169 25.047577 5.893768
v 108.488922 18.889158 17.658857
v 108.469452 17.701061 29.144783
v 108.568375 25.695499 39.905308
v 107.777687 29.379387 51.667404
v 108.161705 28.179085 64.541771
v 108.101303 19.692095 74.626060
v 108.557991 20.623608 85.630066
v 108.769394 28.189980 96.696922
v 108.632339 27.712151 109.039604
v 97.193253 28.074947 -108.194252
v 97.135147 18.703955 -97.654900
v 97.100357 14.024738 -85.605209
v 97.138550 9.308663 -74.275375
v 96.911240 12.701124 -63.806038
v 98.601730 21.164438 -51.920280
v 99.930908 31.286430 -41.811298
v 98.260574 20.003786 -30.004658
v 96.562546 9.895065 -17.146450
v 93.618538 14.338111 -5.670587
v 93.273628 19.919809 5.388578
v 96.565887 16.234137 17.188452
v 97.033470 15.811937 28.628448
v 97.144867 22.412283 40.030109
v 96.894638 27.068336 51.662277
v 96.933228 24.461411 62.455559
v 97.389618 19.222197 74.342941
v 97.013466 21.451424 86.244507
v 97.458687 23.665113 97.159157
v 98.249428 19.939909 108.475655
v 86.002228 24.552490 -108.621429
v 85.531197 13.006613 -97.656441
v 86.424751 9.109326 -85.507477
v 85.700668 8.791029 -74.278069
v 85.759789 8.012088 -62.839409
v 88.240044 14.154353 -51.627342
v 88.975784 19.337717 -41.478374
v 84.165825 11.535814 -29.293377
v 85.745705 5.027567 -17.128971
v 86.325867 5.371644 -5.727334
v 86.513573 8.466358 5.488457
v 85.780655 7.944591 17.160088
v 85.627472 9.865506 28.574966
v 85.891609 12.036623 40.077557
v 86.846855 17.927652 52.707664
v 86.179276 19.182520 63.115578
v 85.269447 20.846476 74.598770
v 85.671661 22.819002 85.751877
v 85.931160 21.193558 95.511719
v 85.529953 14.484742 108.786728
v 74.171333 19.891047 -108.611588
v 74.290581 10.574992 -97.195381
v 74.226860 7.853318 -86.185410
v 73.304375 4.837756 -73.795677
v 74.565208 4.760663 -62.908554
v 74.964073 5.229839 -51.954842
v 74.480049 6.941091 -40.183857
v 74.626953 2.613087 -28.375381
v 74.119873 2.460568 -17.220049
v 74.937851 4.710588 -5.626060
v 74.224602 6.150393 5.778886
v 74.326859 8.695671 17.182878
v 74.048515 10.551268 28.441498
v 74.573936 10.784158 40.299129
v 74.359047 14.393972 51.505257
v 74.090080 15.755008 62.802147
v 77.134598 20.191065 75.490921
v 74.736031 28.522694 85.841393
v 74.130753 31.797237 97.152802
v 73.988441 22.753759 109.632851
v 63.375713 15.609414 -108.805931
v 63.395241 11.026300 -96.966400
v 63.055565 6.857012 -86.172997
v 62.949608 2.697376 -74.565224
v 63.942783 1.133413 -63.579109
v 63.410450 0.274128 -51.574791
v 61.983486 1.655583 -40.239857
v 62.900211 0.996613 -28.514481
v 62.760185 2.081503 -17.196016
v 62.868687 4.109240 -5.666351
v 62.791443 5.387350 5.717750
v 62.782154 7.013405 17.267233
v 63.386051 6.241268 28.702221
v 62.776245 8.133601 39.956013
v 62.277946 12.818510 51.171745
v 62.856041 13.819867 62.864693
v 63.348686 13.732780 75.111771
v 62.885506 34.714005 85.470520
v 62.825508 38.240829 97.077545
v 64.147881 22.781057 109.095619
v 51.515305 18.651369 -108.619865
v 51.216976 16.972969 -97.411766
v 51.598568 9.198998 -86.061623
v 51.622917 2.194739 -74.991180
v 51.426228 0.764059 -62.881355
v 51.447426 -0.081126 -51.486153
v 51.473976 -0.313797 -39.600338
v 51.634193 0.358264 -28.194229
v 50.846928 1.330658 -17.168047
v 51.853779 1.922552 -5.538420
v 51.760826 2.611485 5.678575
v 50.884010 1.571236 17.492620
v 51.270912 2.396359 28.303841
v 51.231071 5.774074 39.892124
v 50.450317 10.515228 51.289009
v 51.394272 12.053811 62.517632
v 51.346478 13.646988 74.389427
v 51.112270 27.800148 86.166695
v 51.387718 22.126196 97.850151
v 51.738594 19.050756 107.792824
v 39.899780 19.301689 -108.539604
v 40.033245 18.125172 -97.333839
v 39.794502 8.683531 -85.460487
v 39.943214 1.875006 -73.447906
v 40.257736 0.884449 -62.427895
v 39.991596 0.158836 -51.419708
v 39.924889 0.514433 -40.045460
v 39.757294 0.455896 -28.643044
v 40.130680 0.204547 -17.254040
v 39.194420 0.263104 -5.517885
v 40.166271 0.028374 5.760642
v 40.021904 0.068604 17.170126
v 39.849861 0.994881 27.906349
v 39.822292 2.891632 40.134098
v 39.948860 4.545554 51.391296
v 39.985252 7.521652 62.929276
v 39.704594 8.741773 73.401115
v 40.863548 12.156759 85.719543
v 40.534126 12.411703 96.787048
v 39.923264 10.929648 109.367859
v 29.710049 20.118456 -108.506020
v 27.946350 12.479883 -97.477547
v 28.550632 4.732835 -85.587265
v 28.604214 2.551373 -73.807045
v 28.519905 1.454601 -62.879097
v 28.246117 0.357334 -52.408852
v 28.575809 -0.026035 -40.016201
v 28.630627 0.305634 -29.121109
v 28.549076 0.184413 -17.147402
v 28.132414 -0.005028 -5.820267
v 28.779987 0.207393 5.556394
v 28.803776 0.233188 17.107666
v 28.585852 0.281555 28.544220
v 28.593317 1.301588 40.070354
v 28.632267 2.199730 51.345482
v 28.335911 3.554224 63.321938
v 28.706614 4.908458 74.219398
v 27.670277 4.658627 85.858124
v 28.637539 8.034860 97.255569
v 28.283304 14.908080 109.405266
v 16.983494 14.316245 -108.849388
v 17.419111 13.466719 -97.397392
v 17.046120 8.657159 -85.392639
v 18.079990 1.064285 -74.733818
v 17.109789 1.448368 -62.848892
v 17.282221 1.147007 -50.342415
v 16.742579 0.101822 -40.031345
v 17.158817 0.237727 -28.581764
v 17.190008 0.170796 -17.190842
v 17.020411 0.090405 -5.668938
v 17.258263 0.291776 4.982982
v 17.106731 0.236226 17.151793
v 17.145027 0.233111 28.566437
v 16.368973 0.231426 40.391041
v 17.777168 1.414652 50.504143
v 17.322433 3.417354 63.370689
v 17.305984 3.120982 73.908249
v 17.204462 2.306624 85.716354
v 16.438620 5.809102 98.402908
v 16.247158 24.645000 109.868980
v 5.878044 12.732743 -107.393661
v 5.147133 11.286141 -96.353271
v 6.017724 3.871024 -86.875854
v 5.562651 0.116440 -74.095551
v 5.722186 0.683743 -62.405891
v 5.696311 0.960329 -51.422241
v 5.391061 0.499355 -40.279530
v 5.724747 0.183739 -28.651913
v 5.725786 0.134769 -17.161160
v 5.351906 0.117283 -5.437931
v 5.757984 0.127411 5.780180
v 5.480445 0.219747 17.227493
v 5.797997 0.152035 28.608589
v 5.648772 0.786255 39.932308
v 5.688776 1.982529 51.422600
v 5.029829 2.283081 63.090675
v 5.941900 0.964939 74.442719
v 4.862827 4.545177 86.668182
v 7.356793 13.885879 96.130669
v 6.383885 27.074646 108.257698
v -5.726164 14.842019 -108.544456
v -5.619722 6.990410 -96.716805
v -5.645407 6.698865 -85.690674
v -6.158781 1.482308 -74.455650
v -5.199130 1.696675 -63.003151
v -5.738168 1.136122 -51.419464
v -6.256803 0.775587 -39.378162
v -5.734054 0.154881 -28.603184
v -5.814842 0.195271 -17.010633
v -5.911761 0.233337 -5.704436
v -5.728315 0.201000 5.739542
v -5.775147 0.122234 17.249607
v -6.062745 0.089297 28.752914
v -5.717012 -0.198260 40.013653
v -5.805438 0.628870 51.380943
v -6.205610 1.718649 62.810997
v -5.732345 1.584658 74.307648
v -5.834500 6.459101 84.679749
v -5.623404 12.773575 97.227875
v -5.504101 12.679466 108.487572
v -17.874485 25.703686 -107.364769
v -17.349211 10.415265 -97.033043
v -17.154657 6.550414 -85.701660
v -17.117584 3.488492 -75.144562
v -16.530653 0.622540 -65.284393
v -17.137415 -0.140529 -51.428436
v -16.732244 0.095104 -39.761967
v -17.167173 0.205776 -28.549973
v -17.029070 0.154320 -16.943182
v -17.476101 0.331134 -5.709795
v -17.236765 0.233261 6.068045
v -16.892704 0.177333 17.349688
v -17.369587 0.009388 28.448601
v -16.560738 0.022449 39.738117
v -17.373680 -0.046711 51.721916
v -17.582670 0.461479 63.648903
v -16.889269 2.402313 73.831848
v -16.568779 3.266907 86.080132
v -16.864073 3.769070 97.328178
v -17.241037 9.272671 107.535210
v -28.562254 25.398037 -108.210823
v -28.550686 13.884988 -97.203522
v -28.085865 4.848785 -85.775810
v -28.132833 1.025770 -74.521683
v -28.509274 0.435295 -63.575493
v -28.730867 -0.645253 -51.567604
v -28.637344 0.095383 -39.816509
v -28.571415 0.183792 -28.559021
v -28.619583 0.149203 -17.084768
v -28.462011 0.180954 -5.745059
v -28.573523 0.149302 5.739562
v -28.442726 0.315216 17.155165
v -28.299402 0.281199 28.715931
v -29.239580 0.163776 40.477283
v -29.135082 0.935337 51.901459
v -29.068159 1.882754 63.333794
v -28.475101 3.527769 74.158981
v -29.174795 2.270397 85.039246
v -28.632298 2.040146 97.212456
v -27.612932 14.725205 106.979729
v -39.428391 26.685631 -108.099098
v -38.787422 18.665850 -95.076797
v -40.005733 7.261415 -85.650291
v -40.404888 1.515299 -74.089783
v -40.177338 1.555107 -62.979530
v -39.778145 0.375340 -51.312920
v -40.027550 0.446243 -39.986958
v -39.995892 0.452452 -28.569534
v -40.051716 0.476782 -17.142042
v -40.091446 0.209050 -5.764436
v -40.011295 0.255142 5.716441
v -40.027122 0.411516 17.168108
v -39.799286 0.475676 28.241028
v -40.216084 0.931217 40.244617
v -39.793209 1.864718 50.754807
v -39.684708 3.517550 62.429283
v -41.265812 2.656739 74.233620
v -40.661308 3.700582 86.284645
v -38.328362 9.711293 95.843651
v -39.571342 22.308935 108.798950
v -51.879936 19.758711 -110.236778
v -51.896202 13.439371 -98.006783
v -51.997025 5.732420 -86.411636
v -51.561966 2.654091 -74.187569
v -51.471508 3.344851 -62.800346
v -52.192116 1.527134 -52.056526
v -51.285713 1.612698 -39.933277
v -51.966148 0.163922 -28.594795
v -51.528641 1.330959 -17.195797
v -51.611446 0.700049 -6.151445
v -51.476616 0.398954 5.783633
v -51.359322 1.277863 17.022573
v -51.969196 2.549622 28.945435
v -51.520565 2.873564 40.032688
v -50.730164 2.429756 50.845444
v -51.429573 4.266507 63.274086
v -51.467556 5.782144 73.646629
v -51.472572 7.256516 86.069221
v -51.287544 14.860204 97.443047
v -51.469570 23.374830 108.462105
v -63.152657 19.017488 -108.093544
v -62.886032 15.628389 -97.289040
v -64.346786 6.680820 -86.974838
v -63.050602 5.448672 -74.374817
v -62.919640 5.166235 -62.885353
v -62.947399 4.808342 -51.410065
v -63.010315 4.582366 -40.085003
v -62.878502 2.733265 -28.458290
v -62.817120 0.179928 -17.154757
v -62.862644 0.697861 -5.707087
v -62.754429 0.286133 5.707525
v -62.312538 3.409697 16.625937
v -62.823277 6.700397 28.519432
v -62.441631 5.499878 39.773838
v -63.455105 3.161816 51.489983
v -62.914616 4.755026 62.966927
v -62.182426 4.797302 74.412636
v -61.939098 9.261719 86.717438
v -61.658134 15.418612 98.516022
v -63.124325 20.902550 108.341652
v -74.310883 16.598980 -108.465538
v -73.979317 10.994199 -97.172005
v -74.368599 9.412450 -85.596138
v -75.085693 6.525681 -75.144943
v -74.817848 6.338254 -63.458725
v -74.433632 5.427556 -51.478294
v -74.127495 5.268699 -39.822491
v -75.578430 1.531126 -29.562386
v -75.071503 0.534414 -17.269794
v -74.695045 1.176733 -5.474554
v -75.336800 3.200047 6.274321
v -73.109749 5.215180 16.850069
v -73.540092 5.841502 27.904629
v -73.916382 5.054142 39.532604
v -74.264969 4.613023 51.427498
v -74.383240 6.219039 62.755333
v -74.578033 5.730716 74.138580
v -74.207077 10.983034 85.228493
v -74.345741 24.691322 96.868538
v -73.874748 21.716658 108.845650
v -85.740791 21.877657 -108.636269
v -85.662155 11.989293 -96.993126
v -85.804146 7.299497 -85.818283
v -85.814018 6.959501 -74.319496
v -86.096748 9.098515 -63.319237
v -85.914055 5.826548 -51.530235
v -85.515633 4.461461 -40.138203
v -85.652901 4.731940 -28.523094
v -85.571632 2.995703 -17.069319
v -87.155388 4.584288 -4.830798
v -86.152809 8.718457 5.940510
v -84.977913 10.381075 17.163567
v -85.417206 8.972749 28.583702
v -85.550331 5.855179 40.424709
v -86.081459 5.246211 51.466255
v -86.370705 6.881404 62.992249
v -86.952911 13.477160 74.129532
v -85.389549 20.168722 85.445854
v -85.891563 27.832870 97.039116
v -85.007690 19.272955 108.535286
v -97.064957 29.350182 -108.437134
v -96.745560 22.788416 -97.007072
v -97.724625 11.398104 -85.627571
v -97.714066 10.239344 -74.125122
v -97.934280 14.709476 -63.464073
v -97.624435 15.330744 -52.040977
v -96.962677 10.888776 -39.935429
v -96.904877 15.000343 -28.619148
v -96.627327 21.644485 -17.157330
v -97.610382 22.344736 -5.354755
v -96.574524 21.055582 4.640501
v -97.151077 25.849228 17.154667
v -97.163528 8.737443 28.324181
v -97.145836 6.244607 39.963230
v -97.125671 7.849710 51.347755
v -97.990501 9.927143 63.307747
v -97.101616 16.029282 74.620773
v -97.215195 15.122862 85.657669
v -96.876099 17.442692 97.217873
v -97.220085 15.763950 108.684837
v -108.684982 29.726910 -108.623535
v -108.601097 34.266262 -98.303185
v -108.998306 24.836540 -85.440140
v -107.654099 18.125494 -73.736687
v -108.565704 14.986921 -62.370422
v -108.549332 11.919571 -50.896988
v -109.140060 17.063374 -39.799698
v -108.165268 32.352165 -29.089085
v -108.097626 36.053055 -16.978632
v -108.487976 27.539219 -5.637468
v -108.605392 19.332972 5.909178
v -108.608055 24.688488 16.690680
v -108.378540 12.857837 28.644249
v -106.767654 15.634642 39.280251
v -109.464859 9.430192 51.673279
v -108.327393 13.482380 62.886147
v -108.329727 12.934551 74.515152
v -109.901741 15.175703 85.588280
v -107.897354 16.069115 97.561089
v -107.872955 14.715858 108.531708
v -34.527615 30.145611 -120.567635
v -46.512100 22.053629 -119.579720
v -120.075516 16.515751 -113.801758
v -68.708435 24.432777 -120.373878
v -80.460785 25.886101 -118.811562
v 115.036865 21.331079 -119.872307
v -113.637802 19.187506 -120.487434
v -91.684242 27.904556 -118.879959
v 118.669205 19.523615 114.218414
v -103.048935 26.241199 -119.936028
v -57.045876 20.278122 -119.700111
v -112.974159 15.623647 120.176758
v -22.745356 30.287792 -120.448402
v -11.514506 16.910130 -119.365074
v 0.064998 8.858393 -120.271156
v 10.883422 14.354869 -118.929390
v 24.176413 29.753845 -117.382225
v 34.296288 25.835564 -119.973145
v 45.419640 26.065937 -119.723663
v 56.241100 25.199009 -117.887482
v 68.182602 20.187723 -119.669655
v 80.192871 22.297014 -119.473152
v 91.172249 32.754765 -120.762642
v 102.478844 30.523911 -120.696083
v 114.130692 23.399668 119.778000
v 103.943985 21.555735 120.051460
v 91.417229 20.896730 120.420845
v 80.087135 22.751806 119.754128
v 68.517540 20.386538 119.953758
v 56.860191 14.637227 119.884293
v 43.705208 13.360112 121.889488
v 34.280251 18.532959 119.891426
v 22.679010 23.967775 120.280991
v 11.649666 32.796341 119.709938
v -0.764473 23.722105 119.567207
v -11.402736 11.585422 119.984718
v -22.951946 16.915203 119.901390
v -34.273872 23.749388 118.922432
v -45.694862 35.369827 120.154297
v -57.119225 27.749641 120.083565
v -68.325447 23.192751 119.210648
v -79.914093 23.125219 120.151855
v -92.017754 16.167852 119.611465
v -102.177986 12.312504 120.124626
v 108.475227 26.141747 114.653069
v 97.179581 19.838430 114.323051
v 85.439507 16.477335 115.011162
v 74.284843 21.902601 113.517143
v 62.614151 20.729612 114.157120
v 51.421486 14.955235 114.446739
v 40.026726 13.986843 114.198021
v 28.463766 17.943960 114.666512
v 16.682198 29.186258 114.843170
v 5.853570 28.520546 113.878761
v -6.305065 15.350832 114.235718
v -17.407509 11.288491 114.385780
v -27.659758 20.686117 114.741402
v -40.010727 28.153688 114.561836
v -51.084011 30.117790 114.998070
v -62.698395 23.411802 114.594933
v -73.432976 21.199091 115.505363
v -85.448059 19.072123 114.513313
v -97.071198 13.160884 114.312370
v -110.268951 11.723609 114.037025
v -120.530052 23.446108 113.942986
v -121.691742 17.273781 104.345528
v -120.056038 14.435312 91.126381
v -120.928070 16.781567 80.443130
v -120.760033 13.575516 67.957611
v -118.252632 20.430861 57.925423
v -116.633659 24.969845 45.516663
v -120.174194 19.828287 34.457554
v -120.462311 21.713545 22.580824
v -120.082443 21.963449 11.512176
v -120.623322 20.625317 0.102495
v -120.016579 28.261742 -11.430968
v -118.766693 26.322533 -22.501434
v -119.648056 26.976219 -34.450447
v -119.790573 17.466944 -45.710560
v -120.156693 14.219856 -56.215324
v -119.680077 18.134840 -69.924057
v -118.821541 18.438105 -79.287445
v -120.192429 17.919634 -91.491722
v -118.602951 13.941463 -102.283730
v 120.001122 22.754709 -114.011177
v 121.372772 20.890257 -103.894218
v 119.173935 22.000338 -90.687340
v 118.333862 23.288630 -81.484352
v 120.386093 24.984383 -68.670799
v 120.050903 21.756769 -57.126961
v 121.030090 20.204437 -44.875626
v 119.430710 19.408772 -33.853024
v 118.624298 17.218344 -23.539083
v 119.277390 16.475760 -11.781285
v 119.822823 21.550007 0.185441
v 119.176010 22.210302 12.118788
v 120.993965 22.861864 23.098124
v 120.014030 26.240234 34.298790
v 119.958633 26.004326 45.944218
v 119.132355 25.297127 57.421967
v 120.322586 23.945456 68.275780
v 119.027191 21.995520 79.896736
v 118.990860 19.137522 92.282242
v 119.492867 19.124626 102.895744
v 108.655472 23.913691 -114.367546
v 108.531143 21.509674 -102.791634
v 108.674126 21.409405 -91.544098
v 108.508423 20.651945 -80.014938
v 107.574760 19.060427 -68.550690
v 109.306549 19.736330 -57.750908
v 110.551239 24.560810 -46.137920
v 109.362007 24.989811 -35.573467
v 108.006058 17.232687 -23.236685
v 106.825668 17.474152 -11.329589
v 104.476822 24.489735 -0.006918
v 106.836067 21.375492 11.698382
v 108.511566 17.274786 22.841677
v 108.529037 21.562716 34.964756
v 108.881317 29.162479 44.681744
v 107.292496 28.555553 57.044754
v 109.184029 22.599035 66.679245
v 109.400139 16.578655 81.433525
v 108.501068 24.413986 91.661034
v 108.313820 27.570602 102.784218
v 97.167114 31.315876 -113.972084
v 97.072220 21.932066 -103.732651
v 97.218636 14.368447 -92.363258
v 97.134033 11.312575 -79.973633
v 97.337112 8.823198 -68.473671
v 99.775360 17.640276 -56.817894
v 100.673813 30.082851 -47.203457
v 99.019012 26.768150 -36.120823
v 97.653328 13.534392 -23.363863
v 96.372551 9.205916 -12.029177
v 93.171326 18.540279 -0.017802
v 95.457436 17.001120 11.539905
v 97.157257 16.414450 22.956812
v 97.535629 18.469271 34.762882
v 96.679710 25.397621 45.474186
v 95.225967 27.531364 57.767189
v 97.309731 21.446894 69.123390
v 98.059036 20.438284 78.794731
v 96.842422 23.491735 90.975883
v 97.689255 22.220953 102.641090
v 86.011101 28.583076 -113.878807
v 85.787369 18.442560 -103.931313
v 85.939056 9.712278 -91.150810
v 85.197067 7.727009 -79.856979
v 85.879669 7.894106 -68.337677
v 86.413651 10.065720 -56.995750
v 87.783028 18.986923 -45.744923
v 86.117149 16.814510 -34.787594
v 87.753334 4.782158 -21.900175
v 85.097710 5.197555 -11.269673
v 85.733803 7.665785 0.040650
v 86.677856 7.866830 11.113034
v 86.209457 8.689565 23.121115
v 84.769699 11.336206 34.791950
v 86.316780 15.085447 46.651081
v 85.892776 19.242727 57.235634
v 85.738289 20.161404 68.523331
v 86.519928 22.536787 79.472610
v 85.935364 22.605059 91.042053
v 85.601044 18.305330 102.436745
v 74.225639 22.684210 -115.035774
v 74.486923 14.606002 -103.189980
v 74.386879 10.007059 -91.146172
v 74.499023 5.691728 -80.603584
v 74.355110 4.579084 -68.550812
v 75.692886 4.245972 -58.130455
v 73.919296 6.871305 -45.429363
v 74.075401 6.292742 -34.210323
v 74.161232 2.245243 -22.922894
v 75.380562 3.126851 -10.981359
v 74.653038 5.590662 -0.128912
v 74.236206 7.370207 11.507511
v 74.315559 10.165759 22.915810
v 74.411156 10.229267 34.334034
v 74.330589 12.692666 45.809025
v 73.920189 15.429923 57.046623
v 73.566170 18.068224 68.242279
v 74.639091 25.254490 80.115891
v 74.388817 31.508724 91.458366
v 74.269707 27.191113 102.867226
v 63.154606 19.037144 -114.933662
v 62.247253 14.532275 -102.842949
v 62.369823 10.609679 -91.387749
v 63.048496 4.159430 -81.128914
v 61.071026 2.834130 -66.990227
v 62.379566 1.036741 -56.833069
v 62.810394 0.789181 -45.713215
v 62.467754 1.490236 -34.390179
v 62.769295 1.431986 -22.978584
v 62.982403 2.694851 -11.382895
v 62.849468 5.181501 0.118114
v 62.829414 6.186702 11.172297
v 63.105721 6.472592 22.783800
v 62.841526 6.941988 34.292149
v 63.091759 10.167163 45.874531
v 62.220833 14.088136 56.954399
v 62.130501 14.088455 68.474419
v 62.547657 23.047224 78.234795
v 62.702457 40.091816 91.503418
v 62.650085 32.401733 102.935089
v 50.802273 22.378317 -113.582832
v 51.167126 18.137796 -102.983894
v 50.915386 15.280123 -91.890472
v 51.444675 4.649796 -80.124321
v 51.415073 1.383068 -68.566353
v 51.094067 1.015297 -56.229149
v 51.365681 0.379776 -45.829388
v 51.395443 0.460594 -34.346455
v 51.396095 0.875055 -22.861290
v 51.490246 1.378653 -11.419074
v 51.294552 2.704926 -0.042403
v 51.824642 1.919428 11.176992
v 50.539829 2.013548 22.898277
v 51.319744 3.504436 33.860806
v 51.283531 8.358757 45.781597
v 51.193699 11.594186 56.866432
v 51.837254 12.123064 67.911110
v 50.479988 24.501610 81.653122
v 51.148975 26.286522 91.228027
v 51.631252 22.586752 101.857292
v 39.978081 21.779169 -114.074127
v 40.660679 21.055586 -104.028755
v 39.912010 14.358623 -91.438492
v 39.772324 3.529702 -79.364944
v 40.184853 1.350792 -67.801216
v 39.987797 0.251269 -57.133789
v 40.094742 0.560043 -45.778637
v 40.223755 0.131802 -34.195553
v 39.785656 0.428091 -22.843580
v 40.038986 0.109960 -11.470353
v 39.601471 0.155034 -0.114284
v 40.039654 0.068863 11.430161
v 40.035770 0.152012 23.071819
v 40.059471 1.587456 34.396610
v 40.519299 2.830736 44.662594
v 39.899490 6.493446 55.584816
v 39.987045 7.881833 68.680771
v 40.195854 10.521561 80.183578
v 41.242004 13.199183 90.818932
v 40.268177 11.475715 102.806480
v 28.538570 23.907843 -114.293121
v 28.420259 16.290861 -102.733177
v 28.512465 8.545808 -91.779968
v 28.603519 2.485644 -80.433105
v 28.681803 1.978934 -68.386230
v 28.409033 1.107874 -57.305626
v 28.620464 -0.224754 -46.889698
v 28.432001 0.244049 -34.643864
v 28.419930 0.114304 -22.742529
v 28.165171 0.026835 -12.034414
v 28.758976 0.168895 -0.147539
v 29.474644 0.319771 11.134359
v 29.425383 0.381876 22.587828
v 28.536001 0.391228 34.448696
v 28.433718 1.420225 45.675037
v 28.361963 2.715090 57.545570
v 28.603424 4.610651 68.389503
v 30.436365 4.274442 78.947495
v 28.846849 5.418442 91.554573
v 28.569193 11.521792 102.592537
v 17.426903 18.211285 -112.989510
v 17.129671 13.444345 -102.819923
v 17.283873 11.929088 -91.765907
v 16.678766 4.628436 -79.076309
v 16.610353 1.530529 -68.766335
v 17.005749 1.509014 -56.601746
v 17.040552 0.262271 -45.803463
v 17.153957 0.232938 -34.288250
v 17.283442 0.134052 -22.992531
v 17.060158 0.215350 -11.321414
v 17.081135 0.146396 0.099139
v 17.151718 0.278248 11.269206
v 17.075356 0.321643 23.179319
v 17.068089 0.300266 34.429241
v 17.523146 0.880295 45.597301
v 17.138321 2.362532 57.091827
v 16.941795 4.111187 68.798874
v 17.074343 2.887556 80.612244
v 17.046284 3.201312 91.561623
v 17.181252 14.064000 102.775337
v 5.581567 12.244120 -113.647346
v 5.655648 12.412428 -102.562019
v 4.753394 8.750187 -90.409203
v 5.763334 0.806545 -80.508034
v 5.621804 0.430603 -68.964432
v 6.088384 1.741356 -57.083771
v 6.558003 1.282675 -45.567204
v 5.642938 0.273114 -34.717144
v 5.846583 0.055804 -23.246319
v 5.807380 0.168599 -11.566764
v 5.767959 0.213692 -0.009929
v 5.909832 0.173691 11.444535
v 5.451942 0.188667 22.965815
v 6.091834 0.247944 34.742786
v 5.853312 1.314606 45.968693
v 6.418008 1.698733 57.299080
v 5.008162 1.877758 68.965645
v 6.098891 2.513157 79.380859
v 4.020349 8.307001 92.992172
v 5.108180 18.749065 103.040382
v -6.173787 13.559815 -114.227089
v -5.725814 11.044424 -102.673485
v -5.854909 6.253785 -91.343811
v -6.806908 3.727421 -80.806892
v -5.590457 1.023539 -68.577805
v -5.791189 1.288937 -57.112389
v -5.766532 0.941145 -45.693661
v -5.434322 0.110728 -35.189579
v -5.803393 0.147774 -22.772209
v -5.959077 0.213848 -11.178191
v -5.541642 0.304832 0.394976
v -5.738393 0.154842 11.474409
v -5.943425 0.126347 23.135923
v -5.036541 -0.236645 34.324322
v -6.037683 0.104222 45.466679
v -3.811091 0.154171 57.930191
v -5.747682 0.931421 68.746727
v -5.745514 3.054591 80.171677
v -6.552472 11.026225 89.438553
v -6.279651 13.632828 103.033836
v -17.466923 27.812363 -113.926819
v -16.345934 15.466887 -104.741631
v -17.109364 7.596489 -91.170631
v -17.160210 5.266326 -79.978935
v -17.271152 2.890501 -66.854248
v -17.296030 0.382719 -56.911331
v -16.419188 -0.164950 -45.342823
v -17.439150 0.440538 -34.184124
v -17.350119 0.251157 -22.935459
v -17.377329 0.275937 -11.754001
v -16.983212 0.198650 -0.315479
v -17.375618 0.084805 11.115445
v -17.713449 0.039249 22.393358
v -16.997650 -0.033703 34.304653
v -17.500420 -0.268902 46.035755
v -17.433468 0.146282 57.632629
v -17.457682 1.306671 69.043732
v -17.091402 3.518615 78.875946
v -15.850573 3.257026 91.731400
v -16.280231 5.362860 104.053078
v -28.585974 33.886051 -113.682838
v -28.635418 18.095282 -103.279900
v -28.992872 12.820547 -91.588158
v -27.782024 2.035759 -80.398270
v -28.120872 0.691788 -69.077126
v -28.477123 0.275475 -56.270752
v -28.517319 0.031582 -45.902088
v -28.575037 0.222011 -34.284672
v -28.744772 0.073891 -22.809643
v -28.555670 0.181301 -11.382663
v -28.575090 0.179576 -0.001109
v -28.475292 0.294251 11.149372
v -28.511318 0.251492 22.973675
v -28.584280 0.215588 34.292213
v -29.222218 0.461927 46.228657
v -28.282446 1.809025 56.898689
v -28.729277 2.746058 68.759079
v -28.542635 3.452544 80.051491
v -28.453726 1.971297 91.421997
v -28.086626 5.986666 101.860443
v -40.594757 27.231827 -114.474922
v -39.828953 23.284197 -102.621071
v -39.815689 14.365092 -90.850342
v -39.976139 3.888874 -79.954247
v -39.954849 1.975184 -68.570679
v -38.627228 1.440743 -55.681519
v -39.590820 0.518248 -45.808872
v -40.243973 0.290288 -34.229206
v -39.451370 0.732639 -22.986349
v -40.431973 0.187686 -11.675563
v -40.011608 0.207279 0.008186
v -40.046307 0.679205 11.117077
v -40.009274 0.407642 23.038662
v -40.299442 0.322342 34.897411
v -40.035858 1.264677 45.732166
v -40.109673 2.175583 57.439888
v -39.040916 4.040651 68.316422
v -39.781979 3.259438 79.899261
v -40.182953 5.482240 91.597687
v -40.570358 16.368380 103.054428
v -51.503117 20.319895 -114.302315
v -51.212601 17.991770 -102.231316
v -51.869286 9.352092 -92.117043
v -51.364601 4.110642 -79.948532
v -51.472008 3.426115 -68.621910
v -51.464169 2.660444 -57.172203
v -50.825512 2.084152 -45.332111
v -51.751030 0.962843 -34.314053
v -51.439053 0.943136 -22.849800
v -51.441566 1.460556 -11.440932
v -51.401573 0.941242 0.419050
v -51.499718 0.728577 11.136619
v -51.742271 1.831755 23.022581
v -51.382656 3.265062 34.243160
v -49.853565 2.781941 45.771763
v -51.459148 2.990479 57.206078
v -51.460323 5.139337 68.543579
v -51.475124 5.899844 80.176712
v -51.646156 9.763651 89.945122
v -50.950390 18.637304 102.533165
v -62.824303 20.707369 -112.969452
v -62.855598 17.774296 -102.873039
v -63.051762 11.221908 -91.716637
v -62.566998 5.513913 -79.833549
v -62.701763 5.660474 -68.433289
v -62.970310 4.806267 -57.140945
v -62.632385 4.839788 -45.655590
v -63.042660 3.705880 -34.665798
v -62.999870 1.195713 -22.461113
v -62.865250 0.465035 -11.416089
v -62.825726 0.556355 0.078555
v -62.312637 1.212576 10.971416
v -62.768745 5.413636 22.766790
v -63.862919 5.762096 35.536068
v -62.999607 4.015496 45.718281
v -63.223156 3.551710 57.284492
v -61.957821 4.001509 67.973442
v -61.841057 6.360785 80.869095
v -64.186745 15.122445 90.009705
v -62.878899 18.588329 102.855804
v -74.290108 21.569141 -113.031776
v -73.573563 11.997214 -103.881554
v -73.836044 9.839635 -91.140610
v -73.866104 8.717431 -79.732544
v -74.255135 6.554935 -68.505386
v -73.861168 6.243459 -56.782082
v -74.087204 5.262160 -45.596500
v -74.632057 3.792243 -34.625374
v -73.162041 1.881144 -22.313271
v -74.600700 0.785420 -11.361543
v -73.569534 2.750174 -0.488044
v -74.286400 4.272625 11.430937
v -74.012581 5.408876 22.756191
v -73.907715 5.538754 33.719097
v -74.722740 3.904799 45.939945
v -74.567543 5.174289 57.065392
v -74.476357 6.169757 68.357613
v -73.894341 7.338200 79.592758
v -74.253990 19.833395 90.267212
v -74.881264 24.652493 102.454033
v -85.541702 22.914896 -115.119942
v -85.508606 17.472980 -102.329430
v -85.674767 7.762231 -91.488297
v -86.081062 7.812488 -80.832253
v -84.967995 8.117471 -67.518478
v -85.655678 8.884697 -57.060104
v -85.862709 4.803528 -45.679844
v -85.592003 4.547519 -34.320000
v -85.244560 4.262760 -22.352589
v -85.478340 3.895473 -11.511571
v -86.187790 6.956601 0.291058
v -87.562675 9.035056 11.951470
v -86.275414 8.399134 22.714638
v -85.533066 6.300904 34.589439
v -85.688744 6.424607 45.421452
v -85.894119 5.934782 57.088387
v -86.512505 9.896171 68.836685
v -85.251534 17.739426 80.214569
v -85.723373 25.047024 91.501984
v -84.654785 22.953360 101.855095
v -97.217484 29.432747 -114.080894
v -97.427086 26.674900 -102.963974
v -98.214577 15.552522 -91.637138
v -97.129044 10.433836 -80.004967
v -97.227905 11.500902 -68.579926
v -95.591393 18.160173 -55.299904
v -96.907166 12.691212 -45.412434
v -97.318550 9.758554 -34.130695
v -96.150742 18.725962 -22.761887
v -96.701660 25.445843 -11.550229
v -97.018311 18.807608 -0.242641
v -97.721130 24.887314 11.947021
v -97.315582 17.486414 22.275496
v -97.072296 7.261754 34.056599
v -97.350616 6.418441 46.474445
v -96.792213 9.003730 56.857445
v -96.567902 13.711758 68.394669
v -97.335121 14.596469 79.074966
v -97.075409 17.802504 91.245369
v -97.033546 17.235270 102.688995
v -107.361877 22.782187 -114.235832
v -108.432823 31.348579 -102.564781
v -108.270317 31.371510 -92.207848
v -109.688171 19.942371 -80.256912
v -108.260483 16.774645 -67.919846
v -108.601120 12.292173 -56.756111
v -108.851837 11.880063 -46.023586
v -108.656143 25.604294 -34.217773
v -108.789352 38.456272 -22.641989
v -108.701897 32.771500 -11.557384
v -108.663712 21.183020 0.116525
v -108.591583 24.095177 11.356908
v -108.972549 19.033817 21.743231
v -109.574677 12.590837 35.013382
v -108.206512 12.382017 45.751835
v -109.268005 10.853893 57.749207
v -108.522949 12.928967 68.885719
v -108.340698 14.489527 79.893646
v -107.876862 17.327429 92.046776
v -108.849533 13.958899 102.885925
v -102.877350 31.100563 -108.553505
v -103.672470 29.466228 -96.945396
v -103.234344 20.624527 -85.681778
v -101.993416 14.210296 -74.298676
v -103.199524 13.113089 -63.415466
v -102.987724 12.905114 -52.180901
v -102.642021 14.550925 -39.977345
v -101.970825 25.543823 -29.032127
v -101.952950 33.634567 -17.077745
v -102.329102 26.274937 -5.724563
v -102.660538 19.433844 8.024722
v -102.903290 26.206932 16.710615
v -103.553223 9.324686 27.823303
v -102.117203 9.883639 39.530262
v -103.350845 7.617463 52.112724
v -103.243057 11.359212 63.079063
v -103.057449 15.288137 75.392731
v -102.020050 16.819746 85.948730
v -102.439072 17.301600 97.383835
v -102.124161 15.583338 108.846420
v -91.777184 23.463465 -109.701302
v -90.425179 16.298471 -96.244972
v -90.336555 8.997935 -86.317451
v -91.389580 8.300432 -74.297760
v -91.806847 16.432276 -63.105247
v -91.921303 12.800179 -51.701485
v -91.299072 6.541823 -40.094845
v -91.497688 7.521935 -28.739151
v -90.723824 9.682277 -17.006964
v -93.367783 12.761213 -4.385325
v -91.130135 15.714247 5.533278
v -91.749809 18.639114 17.061975
v -91.432365 8.597137 28.546913
v -92.544449 7.886813 38.575535
v -91.673203 6.467143 51.675156
v -91.281715 8.682330 62.801544
v -92.635735 14.312901 73.745789
v -91.359169 15.812883 85.553375
v -92.021637 23.941999 97.018135
v -92.414558 18.999186 108.978935
v -80.156029 17.283831 -110.337135
v -79.852516 9.971803 -97.333458
v -78.803253 7.522875 -84.834991
v -79.981003 6.789783 -73.980492
v -80.273979 6.107438 -63.495308
v -79.941734 5.576632 -51.254189
v -79.870003 4.489213 -39.992680
v -81.319237 2.462332 -28.999882
v -80.396446 1.449068 -17.245272
v -80.418961 2.573031 -5.461756
v -79.322571 6.280955 5.252850
v -80.540993 5.978398 17.225481
v -79.724617 5.946187 28.396030
v -80.207985 5.103649 40.245686
v -80.460777 4.418105 51.434525
v -80.012100 6.761889 62.865959
v -78.920692 10.182242 74.555382
v -81.023262 14.304246 86.708969
v -80.011017 27.413490 97.284920
v -80.021461 22.188387 108.576614
v -68.557617 16.989517 -108.639549
v -69.066978 14.278666 -96.857414
v -69.303391 8.690145 -86.070541
v -67.637093 6.543998 -73.719620
v -68.947006 6.216709 -63.059166
v -68.997849 5.396016 -51.413574
v -68.582428 5.486790 -39.987064
v -68.588921 1.720396 -29.964226
v -68.892151 -0.015450 -17.248257
v -68.066475 1.248900 -6.063013
v -67.973648 1.580391 5.522288
v -69.772629 3.779429 17.716745
v -68.126472 6.748038 27.944386
v -68.837616 4.922859 40.353771
v -67.820694 4.560974 51.367897
v -68.633316 5.304986 62.797890
v -68.758926 5.294694 74.392952
v -68.517967 10.171885 85.838135
v -68.331612 19.577967 97.634598
v -68.015640 20.599525 109.038361
v -56.851292 18.555586 -109.508232
v -57.258827 14.550138 -97.302193
v -56.107018 6.671623 -84.550110
v -57.364784 3.932567 -74.376541
v -56.895184 3.297658 -62.973404
v -57.155361 3.621906 -51.417213
v -57.375374 2.971529 -40.086369
v -57.328590 1.465340 -28.888039
v -56.904408 0.575642 -17.125130
v -57.349113 1.310988 -5.584552
v -57.163738 0.160378 5.747294
v -56.885384 2.434931 16.706562
v -57.990498 4.804728 29.310791
v -56.964970 4.570379 39.952190
v -57.449741 2.576470 51.555321
v -57.848228 5.046856 62.152733
v -58.782768 6.318384 73.618317
v -55.854870 8.147930 87.739380
v -57.847607 14.795140 96.520035
v -57.049156 22.839239 108.786819
v -46.096462 22.161943 -108.979256
v -44.945953 16.075281 -95.321632
v -46.049404 6.022399 -86.245247
v -45.914726 2.138157 -74.053535
v -45.581562 2.367981 -62.731148
v -45.697586 1.063563 -51.404564
v -45.474533 0.909241 -39.979527
v -46.032391 0.366772 -28.420746
v -45.623909 0.958355 -17.136744
v -46.407372 0.275131 -6.139123
v -45.751133 0.204166 5.710807
v -45.558044 0.941176 17.085548
v -46.014641 0.514404 28.789757
v -45.407013 1.820782 39.790676
v -46.353558 1.028023 52.318619
v -45.833675 3.910855 63.040314
v -46.726768 3.946164 74.402390
v -45.166210 5.390160 84.984444
v -45.338356 13.408228 96.593315
v -45.597439 25.061424 109.362228
v -34.162598 29.930222 -108.422531
v -34.460052 19.769579 -97.314758
v -35.009686 8.510413 -84.977791
v -34.308239 1.007403 -74.337585
v -34.017456 1.196816 -62.452942
v -34.343739 -0.216343 -51.442207
v -34.150597 0.384298 -40.138020
v -34.331940 0.229451 -28.561050
v -34.505749 0.182513 -17.138264
v -34.265945 0.077342 -5.863305
v -34.298660 0.194305 5.713047
v -34.274658 0.281429 17.135958
v -34.302280 0.155842 28.597397
v -34.098717 0.806374 39.780323
v -34.151314 1.686787 51.054497
v -34.193886 2.799591 62.728172
v -34.268044 3.357661 74.267815
v -34.889355 2.828791 85.913330
v -35.833935 5.327850 98.322655
v -34.843525 18.536724 109.019844
v -21.962559 23.921141 -109.921013
v -23.277994 12.113840 -97.129295
v -23.574522 6.495252 -85.871971
v -23.090284 2.558268 -74.136795
v -22.798471 0.906983 -63.006477
v -22.451097 -1.013756 -51.818733
v -22.917423 0.249768 -40.106380
v -22.871262 0.178403 -28.564369
v -22.819008 0.141400 -17.028189
v -22.718472 0.211384 -5.713241
v -22.945429 0.206058 5.819242
v -23.286823 0.130650 17.039421
v -23.078484 0.093403 28.493782
v -24.147129 -0.218175 40.592686
v -24.324467 0.087486 52.268135
v -21.807354 1.873562 61.902184
v -22.402323 3.187302 73.828079
v -22.878197 2.885519 85.728180
v -23.495295 2.236817 95.972031
v -23.406164 11.449634 110.112984
v -11.774166 19.875967 -106.593147
v -11.267415 9.273734 -96.779312
v -11.954646 6.629842 -85.562027
v -12.628017 2.986805 -75.092201
v -11.183750 1.856846 -61.787430
v -10.419878 0.235344 -51.669182
v -11.933085 0.567444 -39.834064
v -11.502346 0.104546 -28.700485
v -11.494415 0.240177 -17.359259
v -11.408407 0.219063 -5.733509
v -11.450677 0.210637 5.864887
v -11.325212 0.155926 17.487606
v -11.335680 0.098301 29.018414
v -11.395012 -0.090198 39.580891
v -11.497345 0.163653 51.312859
v -11.425405 0.902863 62.909431
v -11.421396 1.855820 74.205826
v -11.252273 4.866045 86.005188
v -9.459919 7.635482 97.904037
v -11.406038 9.731097 108.597404
v 0.138543 12.446478 -107.675362
v -0.372741 8.115805 -95.913269
v 0.434230 5.240105 -85.085571
v 1.051422 0.894804 -73.828171
v 0.156945 1.243597 -63.257240
v 0.049248 1.352305 -51.411598
v 0.009993 0.639305 -40.179081
v -0.029031 0.186671 -28.474850
v -0.067721 0.151646 -17.104233
v -0.532558 0.163326 -5.560379
v -0.014787 0.239459 5.920463
v 0.230723 0.113317 16.978554
v 0.443645 0.039085 28.604836
v 0.142418 0.293011 40.095402
v 1.334669 1.026198 52.006828
v 0.469112 1.120691 62.584190
v 0.063022 1.490902 73.973663
v 0.190110 6.101051 85.231705
v 0.390655 15.194698 96.619331
v 0.039456 18.846289 108.482262
v 11.263078 12.653225 -109.219902
v 11.518375 14.465070 -97.227509
v 10.799662 7.142091 -84.790009
v 11.330966 0.259067 -74.250984
v 11.527502 1.015282 -62.735588
v 11.878752 1.152784 -50.934097
v 11.260986 0.394301 -40.022449
v 11.471981 0.164678 -28.789383
v 11.485894 0.129986 -17.155790
v 11.303719 0.077049 -5.444315
v 11.446682 0.160169 5.949735
v 11.541888 0.242717 17.125992
v 11.120975 0.293251 28.494434
v 11.528897 0.849943 39.803417
v 11.856162 1.936013 50.880180
v 11.013547 3.188691 62.784569
v 12.015129 1.736655 73.617966
v 10.454865 2.768215 86.249222
v 11.955178 9.744564 96.773994
v 10.396600 26.852768 109.378777
v 23.230803 17.084763 -108.306145
v 22.944441 12.680832 -96.930672
v 23.057680 7.174592 -84.650826
v 22.850348 2.072605 -74.285889
v 22.911085 1.257107 -63.040848
v 22.837013 0.834166 -51.206444
v 22.737095 -0.034420 -40.044903
v 22.868805 0.195431 -28.595070
v 22.946804 0.243870 -16.934649
v 23.330797 0.253810 -5.619807
v 23.272541 0.276248 5.067247
v 23.149172 0.285282 17.119957
v 22.715637 0.191440 28.579212
v 22.719809 0.396460 40.021366
v 23.084137 1.496502 50.941322
v 23.070425 3.662317 62.484619
v 22.695208 4.256847 74.659439
v 22.680140 2.699465 85.767227
v 23.014677 6.226893 97.710289
v 22.648457 19.502726 109.191017
v 34.201828 19.034403 -108.549644
v 33.974487 15.146866 -97.005768
v 34.584686 5.762554 -86.210403
v 34.131443 1.579010 -74.743866
v 34.657219 1.215553 -62.624084
v 34.290195 0.524105 -51.405434
v 34.285847 0.155942 -39.996731
v 34.116989 0.274250 -28.683006
v 34.273956 0.191798 -17.161760
v 34.295834 0.064944 -5.666017
v 34.371853 0.160129 5.625246
v 34.042763 0.053658 17.265882
v 34.250954 0.407070 28.735012
v 34.271572 1.818861 40.005726
v 34.338524 3.180809 51.382111
v 34.583134 5.832901 61.081657
v 33.896168 6.468898 74.060760
v 33.531528 7.761972 85.823044
v 34.171730 9.037724 97.139534
v 33.693115 11.668353 109.901680
v 46.178627 18.445406 -108.832817
v 45.665726 18.275866 -97.323227
v 45.525959 10.140305 -85.430344
v 45.294193 2.212315 -73.046448
v 45.501831 1.019016 -62.109779
v 45.759903 0.331577 -51.349014
v 45.571209 0.072909 -39.811687
v 45.475449 0.744183 -28.775787
v 46.337742 0.253246 -17.290936
v 46.187065 0.405338 -5.689710
v 47.094879 0.478163 5.667508
v 44.352058 0.732561 17.439295
v 45.673477 1.265001 28.512733
v 46.031914 3.907592 39.950428
v 44.993500 7.398474 51.326103
v 45.776688 9.245070 64.589645
v 45.486397 11.553667 74.955704
v 46.410255 19.747759 86.446709
v 45.964596 17.442467 96.920784
v 45.716469 14.499059 108.582649
v 57.567745 16.892157 -108.798958
v 57.237717 13.972760 -97.063560
v 57.078480 8.082656 -85.601913
v 57.075813 2.711949 -74.021019
v 56.776146 1.256010 -62.209648
v 57.350895 -0.116379 -51.540939
v 57.399261 0.146244 -39.824657
v 57.394428 0.488655 -28.182655
v 57.063835 1.613524 -17.161543
v 57.214256 3.204480 -5.488492
v 57.345135 4.281045 5.679633
v 56.859238 4.270122 17.488739
v 57.544346 3.777208 28.905552
v 57.111794 6.810367 39.916416
v 57.031624 11.905609 51.394783
v 57.167336 13.011570 62.917648
v 57.172173 14.039378 74.220894
v 56.641430 34.961807 86.242638
v 58.018272 34.208855 97.853020
v 57.041161 22.131784 108.646629
v -113.191849 21.435577 -108.445473
v -112.418121 25.333332 -95.838821
v -114.950607 24.768566 -86.071167
v -114.329025 19.998524 -74.130173
v -114.006088 14.999584 -64.159920
v -114.157974 12.432408 -50.999954
v -113.917831 22.085829 -40.123646
v -114.319992 31.283867 -28.620964
v -114.308083 34.157959 -17.135706
v -114.683083 26.932396 -5.821141
v -114.313400 19.388281 5.737112
v -114.456268 23.872747 17.065765
v -115.612564 15.190187 28.648720
v -115.628586 18.033861 40.737095
v -113.007668 15.203979 51.575401
v -114.448715 14.381978 62.714218
v -113.019211 14.034131 74.134125
v -113.485893 17.831293 86.096962
v -113.586349 15.142343 97.380768
v -116.189285 16.158297 109.062721
v 69.112518 16.751316 -108.646767
v 69.368362 9.118323 -97.227135
v 68.694458 7.384667 -86.101654
v 68.334412 3.356167 -74.037231
v 68.274498 2.976916 -62.776527
v 67.531685 2.318426 -51.012886
v 68.499435 3.283313 -39.986576
v 68.729439 1.513207 -28.488899
v 68.545654 2.219280 -17.143499
v 69.397034 4.302378 -5.430486
v 68.542755 6.229480 5.878651
v 68.449623 9.033484 17.268652
v 69.594643 8.987145 28.904682
v 68.925850 9.695918 40.170620
v 67.774345 13.483156 51.121277
v 68.754219 14.592926 62.879875
v 69.311577 18.033384 74.621384
v 68.420494 32.391579 85.610847
v 68.017380 36.381721 97.114021
v 69.805893 23.221544 109.527611
v 90.890007 28.485565 -108.298569
v 91.312981 15.943631 -97.692230
v 92.439743 12.275852 -85.349281
v 92.066399 9.742796 -74.193787
v 91.842186 10.279968 -62.989143
v 94.782372 19.730242 -51.585716
v 93.921043 24.918724 -41.504917
v 92.126961 14.852315 -29.073952
v 90.226807 7.614818 -16.829332
v 90.739937 8.175735 -5.690907
v 89.902718 13.218867 5.759448
v 92.040489 11.160220 17.196390
v 92.028503 12.601213 28.536148
v 92.831024 16.378468 40.355091
v 90.912872 22.176489 51.215401
v 91.727432 21.605261 62.299187
v 90.715271 19.833845 74.380562
v 91.382011 21.847246 85.814819
v 92.745583 20.929802 96.312279
v 92.067451 15.467660 108.742043
v 113.575165 21.560701 -108.320366
v 115.290222 20.240665 -98.733727
v 113.504539 22.447451 -85.972023
v 111.860825 23.883081 -74.838829
v 115.291695 20.586113 -62.368835
v 114.545128 21.762915 -51.355980
v 115.249237 23.109400 -40.115326
v 114.182762 19.668772 -28.645485
v 113.954224 16.933182 -17.418961
v 112.374435 22.921633 -5.119472
v 111.731293 24.639141 6.134710
v 113.910156 19.360975 17.346189
v 115.105110 21.321722 28.971725
v 114.290619 25.976692 40.035393
v 113.634811 27.953720 51.784294
v 114.279465 27.901890 63.649963
v 114.118256 21.013006 74.361115
v 114.009018 21.372572 84.275688
v 114.701454 25.361282 96.924797
v 116.487976 25.722469 108.732430
v 102.434723 23.986631 -108.924416
v 102.700714 20.846327 -96.590630
v 103.648254 16.659895 -85.958588
v 102.154892 15.101727 -74.370987
v 103.512405 15.647287 -62.820732
v 106.474365 22.286043 -51.324791
v 105.072762 31.626556 -41.752750
v 104.190613 21.157341 -29.810738
v 102.470833 12.849138 -17.308880
v 99.937614 16.780651 -6.236578
v 99.016327 21.981405 5.918619
v 102.778275 19.044271 17.412460
v 102.212311 17.712980 28.798996
v 103.071060 25.844799 38.949848
v 102.184723 29.871372 51.286713
v 102.358383 26.575150 62.697197
v 102.901230 19.578054 74.810410
v 102.871246 21.343594 85.525299
v 103.695305 26.231628 97.846634
v 103.460434 24.520794 108.359581
v 79.923264 22.945959 -108.634727
v 79.906670 11.726317 -97.371246
v 79.570656 7.711954 -86.131851
v 80.316879 6.363402 -74.410767
v 79.962509 6.598418 -62.818642
v 80.832695 9.124912 -52.107170
v 80.272476 13.520040 -39.609562
v 79.355209 6.629313 -28.946877
v 79.825768 2.926893 -17.199987
v 80.023415 5.057109 -5.707141
v 79.885674 6.489797 5.787674
v 80.483513 7.626154 17.301851
v 79.938522 10.001362 28.553116
v 79.930801 10.785995 40.324070
v 79.842514 15.953994 51.124756
v 80.133652 17.430363 62.979790
v 79.617279 21.860804 73.846878
v 79.887352 25.587204 85.743866
v 79.811325 24.939568 96.977043
v 79.495605 20.172400 108.835060
v 79.433739 19.517624 115.151283
v 102.455688 23.569815 114.334190
v 113.712868 23.656301 114.230888
v 91.905540 16.473194 115.463753
v 68.558159 21.522514 114.294090
v -114.563377 16.766155 114.183784
v 57.171707 18.096478 114.308739
v 45.746452 13.475126 114.237686
v 34.398018 15.488786 113.665565
v 22.471743 23.341558 115.014458
v 11.264171 32.690762 114.452965
v 0.372913 20.298033 114.448898
v -11.332685 10.088002 114.398232
v -22.134085 16.066843 114.258781
v -34.244171 23.860823 114.501450
v -45.663139 30.559250 114.712982
v -56.615677 26.839058 115.138512
v -68.504120 21.816229 114.452538
v -81.370537 23.287905 112.895653
v -91.292961 15.861833 114.371101
v -103.088249 11.814933 114.250252
v -102.921440 29.066605 -114.264969
v -101.810944 35.164291 -103.349434
v -101.813065 26.655479 -91.542229
v -103.394455 16.281216 -79.955833
v -103.217796 13.241741 -68.722382
v -102.548645 13.981269 -55.873436
v -102.725471 14.276805 -45.276119
v -103.340179 17.230574 -34.007809
v -104.119370 30.051865 -22.492865
v -101.926315 31.324406 -11.091783
v -102.855057 20.160219 0.227516
v -102.879379 25.999748 11.178638
v -102.920616 19.004858 22.397465
v -101.635757 9.676028 33.657162
v -102.142548 9.373565 45.357487
v -102.849640 9.758596 57.106422
v -102.978333 12.097971 68.142220
v -103.407715 13.378296 79.568726
v -101.462143 18.455414 91.808449
v -103.214417 14.076860 102.619278
v -91.446037 26.639145 -114.234810
v -91.622482 21.259068 -103.085014
v -91.135674 10.350980 -91.281349
v -91.083435 7.819177 -80.449425
v -91.689369 10.600819 -68.668823
v -92.203758 18.846170 -57.676796
v -91.715645 7.217195 -45.780888
v -91.468269 5.010924 -33.933140
v -91.187424 9.617223 -22.500389
v -90.821106 12.831799 -11.743993
v -92.345070 13.340335 0.598766
v -93.843254 17.792463 12.268215
v -90.217247 14.008685 24.557755
v -92.977615 8.667192 33.966717
v -91.438622 6.469029 45.744259
v -90.755692 7.660570 57.118210
v -90.291542 12.549522 67.908951
v -91.358559 17.974123 80.214912
v -91.223091 20.580418 91.745071
v -91.818161 21.585508 103.208923
v -80.010475 22.222254 -114.295174
v -79.978233 14.243914 -102.409523
v -78.842377 7.730474 -90.823883
v -79.528053 7.277928 -79.866638
v -80.386841 6.157125 -69.623222
v -79.966507 5.927720 -57.012268
v -79.966782 4.925082 -45.711399
v -79.897697 3.953154 -34.257908
v -80.132362 1.919680 -22.903044
v -80.053291 1.884091 -11.414287
v -80.583977 3.989023 0.466914
v -80.162750 6.368450 11.488142
v -79.638535 6.229583 22.783468
v -80.166512 5.385177 34.477997
v -80.198341 4.810034 45.832584
v -80.184456 5.290123 56.984695
v -79.961113 8.079836 68.596626
v -81.055870 10.533261 80.099068
v -79.894234 24.177006 91.066032
v -80.045288 25.318550 102.873154
v -68.679474 20.312372 -114.774734
v -68.597359 15.263436 -102.843628
v -68.552094 11.764365 -91.284500
v -68.276398 6.989259 -79.860359
v -68.829590 6.563418 -68.743553
v -68.320168 6.113009 -57.081635
v -68.859612 5.077214 -45.772205
v -68.598862 4.243165 -34.628689
v -68.403770 1.348843 -22.364845
v -68.778084 0.205279 -11.280133
v -68.147308 1.235737 -0.121967
v -67.663895 2.722943 11.031527
v -68.010437 6.060584 22.486929
v -68.429253 6.294188 33.939045
v -68.417068 4.357897 45.681263
v -68.831917 4.571000 57.116592
v -68.544304 5.493495 69.038422
v -67.965096 5.786479 80.823303
v -68.195908 15.290421 92.227722
v -68.580101 20.795061 102.870590
v -57.153225 19.722109 -114.295570
v -56.926640 18.507065 -101.927956
v -56.985298 9.609487 -91.177727
v -56.961384 4.335734 -79.865837
v -57.138481 4.480435 -68.516747
v -57.181583 3.871663 -57.125847
v -56.792610 3.649580 -45.444233
v -57.539463 2.374016 -34.441883
v -57.062729 0.814354 -22.986071
v -57.817081 1.475483 -11.683419
v -57.283699 0.847124 0.390560
v -56.948727 1.024191 10.734492
v -56.827255 4.236507 22.559748
v -57.675007 5.235082 34.700237
v -57.352821 3.156403 45.711697
v -56.851200 3.686819 56.324097
v -57.504673 5.286531 68.547592
v -58.094067 7.248963 78.906898
v -58.858315 12.616059 89.295792
v -57.013405 19.072050 102.963966
v -46.231163 22.344442 -114.282433
v -45.099686 19.975500 -101.551498
v -46.107224 11.882376 -92.259193
v -45.666653 4.352334 -79.974396
v -45.630165 2.622246 -68.637184
v -45.242229 1.870480 -56.690147
v -45.600189 0.864868 -45.679020
v -46.086678 0.318138 -34.229633
v -45.783546 0.736021 -22.821659
v -45.216583 1.051975 -11.230796
v -46.160229 0.054214 -0.394351
v -45.728790 0.392050 11.434954
v -45.718719 0.521730 22.864643
v -45.743969 1.188376 34.312492
v -45.812714 1.474014 45.722462
v -45.456970 2.821348 56.365654
v -45.579857 4.388689 68.532150
v -44.645790 4.509797 79.317101
v -45.818176 7.993570 91.603020
v -45.769852 18.823076 102.840843
v -35.063099 31.711533 -115.358482
v -33.883739 25.106113 -102.437630
v -34.323471 14.662642 -91.190796
v -34.217861 2.478701 -80.100067
v -33.699993 1.952101 -68.268875
v -34.569141 0.115456 -57.579842
v -33.964355 0.275417 -46.015217
v -33.842144 0.546415 -34.358543
v -33.549614 0.472290 -22.980165
v -34.360214 0.179310 -11.476270
v -34.288872 0.124924 -0.012755
v -34.310303 0.201668 11.614877
v -34.349506 0.315021 22.982092
v -34.195370 0.409630 34.106724
v -34.659775 0.705917 46.109409
v -34.431026 1.912836 57.419647
v -34.483498 3.081639 68.755440
v -34.375980 2.990019 80.012886
v -35.301994 3.212853 91.955887
v -35.074181 12.269100 103.589821
v -22.849277 31.870525 -114.320976
v -23.032879 17.306755 -102.635712
v -23.374878 10.207374 -91.901459
v -22.158907 3.554861 -80.284882
v -22.519438 1.624399 -68.918022
v -22.680670 -0.182393 -57.766975
v -22.733124 -0.255775 -45.344746
v -22.945568 0.275963 -34.300198
v -22.925331 0.188767 -22.853943
v -23.128408 0.262715 -11.770608
v -22.734367 0.182797 -0.134387
v -22.716858 0.228066 11.377890
v -23.335777 0.111623 22.562941
v -22.343699 0.173947 34.240349
v -22.362400 0.466816 45.416714
v -22.773129 1.018458 57.090019
v -22.446650 2.334193 68.097733
v -22.771112 3.389163 79.951668
v -22.135618 1.427624 91.356216
v -22.969269 4.574446 101.788811
v -11.298883 18.586229 -114.519325
v -11.318801 13.285876 -105.299355
v -11.291902 7.919453 -91.666756
v -8.964622 6.341040 -78.357597
v -10.908018 2.185024 -68.177467
v -11.651822 0.914009 -56.920609
v -11.535139 0.514679 -45.707996
v -11.475154 0.286495 -34.204746
v -11.443060 0.169731 -22.818552
v -11.466575 0.274417 -11.531449
v -11.427284 0.225223 -0.216150
v -11.455264 0.135933 11.338456
v -11.497796 0.049385 22.694670
v -11.491841 -0.234604 34.223434
v -11.535179 -0.066616 45.163479
v -11.368839 0.500271 57.258888
v -11.467134 1.197430 68.669662
v -11.398830 2.953409 80.475494
v -8.482404 6.058264 93.430725
v -9.636332 8.270565 103.412720
v -0.059250 10.807414 -114.272888
v 0.030620 8.960283 -103.395515
v 0.158348 7.831870 -90.915985
v -0.421723 1.646427 -80.630798
v -0.860362 -0.306904 -67.511787
v -0.184196 0.850151 -57.000343
v -0.032433 0.987671 -45.750790
v -0.067829 0.357503 -34.050945
v 0.111012 0.176346 -22.827026
v 0.332772 0.228902 -11.645782
v 0.203534 0.265981 0.134039
v -0.080995 0.184207 11.502064
v -0.187696 0.130992 22.948692
v -1.125913 0.237620 33.818584
v 0.547876 0.700066 46.051426
v 0.376338 1.492750 57.149544
v 0.249710 0.653214 68.448997
v 0.482738 2.903942 78.645256
v 0.515237 11.233519 90.309830
v 0.030963 17.710079 102.892357
v 11.506053 13.201776 -114.881073
v 11.569818 13.428548 -103.749443
v 12.265200 11.913999 -92.118179
v 11.556792 2.591824 -80.221977
v 10.716973 1.088541 -69.280792
v 11.334929 0.402905 -57.728706
v 11.087763 0.435537 -45.800518
v 10.880290 0.142803 -34.563187
v 11.901425 0.089032 -23.275583
v 11.376506 0.161797 -11.455415
v 11.500898 0.224663 -0.139872
v 11.158330 0.293072 11.161217
v 12.250618 0.131680 22.337635
v 11.508703 0.225857 35.118065
v 11.427335 1.218718 45.713757
v 11.217422 2.719656 56.478409
v 10.803597 2.935055 68.959152
v 11.662356 2.499892 80.045662
v 11.121466 5.611773 91.643806
v 10.189607 17.210712 103.684319
v 22.704151 22.030416 -114.481117
v 22.866278 14.348449 -102.868713
v 22.757990 9.314427 -91.759727
v 22.881817 4.035944 -80.274551
v 23.113815 1.321846 -68.659912
v 22.825907 1.528965 -56.788094
v 22.772623 0.074521 -46.098988
v 22.484791 0.009636 -33.934711
v 22.940006 0.232613 -22.882751
v 22.730610 0.126019 -11.605508
v 22.790276 0.141357 0.067049
v 23.322653 0.295555 11.054541
v 22.818043 0.234263 22.855818
v 22.896780 0.415697 34.208179
v 22.976063 1.002033 45.672916
v 23.467913 2.784899 55.569847
v 23.100525 4.867905 68.903427
v 23.215803 3.029892 79.462357
v 22.296793 3.895183 90.720261
v 22.842838 12.483946 102.770271
v 36.046501 24.215630 -113.168083
v 33.763248 17.143356 -102.373589
v 34.688122 10.652080 -92.225960
v 33.869297 3.327145 -78.621109
v 34.429195 1.445332 -68.406708
v 34.897270 1.075857 -56.804367
v 34.280712 0.072716 -45.937420
v 34.227654 0.181736 -34.291676
v 34.298046 0.194588 -22.841932
v 34.269886 0.102959 -11.447265
v 34.351601 0.119778 -0.116186
v 34.250942 0.118344 11.441543
v 34.411331 0.271084 22.644217
v 34.278328 1.042837 34.314373
v 34.187111 2.325831 45.572193
v 33.521008 2.976475 59.253845
v 34.146355 6.142617 67.758408
v 35.669670 7.347217 80.011299
v 35.384197 8.665220 91.313690
v 34.423943 10.577779 102.361382
v 46.044685 21.483767 -114.638000
v 45.784164 18.513464 -102.590202
v 45.682068 15.107119 -91.446030
v 46.096802 4.243345 -81.255684
v 45.273956 1.574204 -67.362038
v 45.688377 0.259266 -57.040703
v 45.596432 -0.065518 -45.609066
v 45.699749 0.375565 -34.246342
v 45.797764 0.480862 -22.831833
v 46.979713 0.047093 -11.740277
v 45.501545 0.687748 -0.027050
v 47.003460 0.119107 11.031981
v 45.915977 0.323848 23.007195
v 46.051170 2.241356 34.871014
v 45.702477 5.825671 45.719707
v 45.360634 8.950992 56.459709
v 45.444134 9.555296 69.500366
v 45.610649 16.851616 81.399330
v 46.162563 18.484715 91.154709
v 44.684624 14.751918 103.616356
v 56.259697 21.399649 -113.024933
v 57.301109 15.499009 -102.813873
v 56.673290 12.583437 -91.555405
v 57.122318 4.389490 -79.952957
v 56.878010 1.870035 -67.938332
v 56.988441 0.552212 -56.922310
v 56.656540 0.542257 -45.868870
v 57.008671 0.698244 -34.384693
v 57.105923 1.144219 -22.880125
v 56.915680 2.730755 -11.489259
v 57.187950 4.288756 0.182724
v 57.321144 4.397134 11.122169
v 57.214378 3.734391 22.825788
v 57.133705 5.035502 34.318417
v 57.360584 9.163480 45.812634
v 57.096748 13.121997 57.125473
v 57.106678 12.584450 68.609200
v 57.224277 24.999542 79.824730
v 56.678654 35.924026 91.462761
v 57.053329 29.986744 102.714531
v -114.748772 22.636869 -113.910347
v -114.214874 24.843716 -102.801796
v -113.348694 25.634514 -90.821533
v -114.643532 22.236715 -80.121056
v -114.344429 18.501680 -68.080994
v -114.306526 13.030653 -57.088570
v -114.582443 15.010098 -45.767242
v -114.647903 26.269611 -33.947475
v -114.353958 34.524467 -22.894905
v -114.268944 31.455822 -11.351254
v -112.790390 22.087912 -0.440466
v -114.033676 23.117826 10.925603
v -114.599472 20.456696 22.554205
v -114.249512 17.372835 34.247768
v -115.915543 16.974430 45.710930
v -113.722672 15.012796 57.208511
v -114.349243 13.015757 68.505219
v -113.351807 15.682922 79.437508
v -114.821960 14.259579 90.024361
v -113.117065 16.150152 102.094795
v 68.554741 19.823740 -114.241577
v 67.423035 14.336146 -102.413857
v 68.932243 8.304641 -91.579735
v 68.658348 4.837250 -80.360481
v 70.093834 2.567934 -68.778915
v 67.263176 2.503149 -56.477669
v 68.874413 2.562939 -45.757999
v 68.806755 2.340334 -34.305782
v 68.502296 1.639879 -22.905018
v 69.536049 2.814282 -11.069516
v 68.672432 5.569426 0.039688
v 68.717186 7.759635 12.025017
v 68.142654 9.764647 22.728012
v 68.632545 8.988589 34.314915
v 66.888214 11.390801 44.806660
v 67.898415 14.615790 57.035835
v 68.624359 15.373726 68.589706
v 67.802139 25.393265 79.445282
v 68.558235 36.194981 91.436165
v 68.696075 30.844635 102.907806
v 91.470154 32.060986 -114.193047
v 91.633308 21.126841 -104.188515
v 91.407631 11.414926 -91.434807
v 91.214058 8.848599 -79.933739
v 91.406548 8.149720 -68.568207
v 93.743568 14.475349 -56.579536
v 93.574196 24.023212 -46.235004
v 91.714737 21.932928 -35.757019
v 90.904709 9.882822 -22.915298
v 90.733864 6.688363 -11.459878
v 90.084137 11.726121 0.308427
v 92.105537 11.972379 11.369451
v 91.570206 11.648082 22.890999
v 91.398262 14.186061 34.295597
v 91.932610 19.461872 46.066013
v 92.740067 22.534681 57.123924
v 91.388268 20.842016 68.558121
v 92.767204 21.408638 78.942764
v 91.038284 22.529299 91.340523
v 90.343933 19.084946 103.640739
v 113.818756 22.847441 -114.198296
v 115.000557 20.697119 -103.478081
v 113.924149 22.586088 -91.091003
v 112.455002 22.532446 -81.397934
v 114.574356 22.820250 -68.541733
v 114.825974 21.585400 -57.396614
v 115.388741 22.797743 -45.455395
v 114.043327 21.631557 -34.288673
v 114.605301 18.164570 -22.730574
v 113.394402 18.156475 -11.566974
v 112.638794 22.350134 0.160801
v 113.298569 21.235914 11.601707
v 113.807846 20.193867 22.802952
v 115.019371 23.252695 34.782967
v 114.060776 26.843712 46.144077
v 113.488571 28.047901 57.256882
v 114.320633 23.910025 68.500671
v 114.150360 19.627447 79.951927
v 114.174286 22.710379 91.570023
v 113.700592 25.405373 102.897827
v 102.686966 27.218040 -113.990181
v 103.051346 22.101496 -101.777214
v 103.215729 17.911095 -91.972122
v 104.573181 15.379072 -79.613266
v 101.505203 13.168633 -68.854446
v 104.308113 18.131969 -57.372894
v 106.911911 27.254494 -47.272030
v 103.944321 28.746658 -36.058361
v 104.876060 15.833620 -23.407324
v 101.556900 13.196590 -12.277763
v 97.529633 24.626060 -0.248948
v 100.902863 21.238684 11.578317
v 102.807022 17.647821 22.855570
v 102.318710 20.598715 35.088928
v 102.534058 28.223015 45.483120
v 101.983948 30.741936 57.858833
v 102.872833 21.922968 68.270775
v 103.083786 19.485142 78.839142
v 103.026009 24.223389 92.779266
v 101.208176 26.820374 103.328728
v 79.848618 25.442993 -114.617905
v 79.971199 16.341791 -103.422508
v 79.992989 9.340775 -91.414597
v 79.997040 7.249658 -80.038017
v 80.023750 6.214992 -68.572540
v 80.187538 7.255280 -57.397316
v 80.974594 12.490919 -45.769703
v 79.734520 10.545907 -34.255749
v 80.569778 2.712269 -22.495844
v 79.938606 3.856449 -11.430127
v 79.979439 6.176815 0.009112
v 79.663490 7.208348 11.643538
v 79.234428 9.655466 22.030714
v 80.196693 10.009574 34.153599
v 79.953377 13.886049 44.382992
v 79.812370 17.017220 57.036629
v 79.754959 19.281881 68.264023
v 79.961159 23.818663 79.998932
v 80.051254 25.058914 91.085388
v 80.830452 22.493322 103.097527
v -38.016006 27.782965 -120.387634
v -31.555927 31.128201 -120.303787
v -48.703484 21.205172 -119.970078
v -44.008247 23.736973 -119.893677
v -119.039703 14.031108 -111.191025
v -119.147659 18.457436 -115.837616
v -71.504929 25.459042 -120.469536
v -65.953934 22.808022 -120.577759
v -83.192886 25.247412 -119.222176
v -77.381104 26.185703 -119.688377
v 112.214363 22.741802 -120.129662
v 116.701614 21.299414 -118.946747
v -115.928802 19.793314 -119.180450
v -110.932396 20.301807 -120.277924
v -94.440582 27.826031 -119.400406
v -88.804619 26.256639 -119.256378
v 119.745354 19.385197 111.370132
v 117.695816 20.179787 116.316620
v -105.637962 23.828655 -120.002220
v -100.122925 26.994352 -119.928436
v -60.122658 20.730694 -120.240875
v -53.970367 20.317417 -120.030273
v -110.302689 14.228794 120.209427
v -115.464325 17.543636 119.200348
v -25.664797 31.199291 -120.244171
v -20.079733 27.928988 -120.105286
v -14.464308 21.240156 -119.563614
v -8.540190 14.291946 -119.869308
v -2.750437 10.266079 -120.322350
v 2.752885 9.486313 -120.157181
v 8.162097 12.234551 -119.486298
v 14.017721 18.365870 -119.325226
v 20.664217 26.065357 -118.551643
v 26.658831 29.455145 -118.399826
v 31.718769 27.496004 -119.695282
v 37.139164 25.009052 -119.974380
v 42.700840 25.124239 -119.849640
v 48.131691 26.301130 -119.473541
v 53.542419 25.867666 -118.555450
v 59.543114 23.685658 -118.929504
v 65.513870 21.180016 -119.820587
v 71.227646 19.774582 -119.840927
v 77.232780 20.829227 -119.742676
v 82.869797 26.147884 -119.857529
v 88.359482 31.376760 -120.502274
v 94.093109 32.073326 -120.672455
v 99.746407 30.957899 -120.639175
v 105.935349 27.338217 -120.541550
v 115.426559 22.117813 119.096420
v 111.347595 23.554401 119.885727
v 106.254242 22.632435 120.022453
v 100.848328 21.000046 120.387009
v 94.584946 20.670544 120.571701
v 88.343597 21.262651 120.823288
v 82.678543 22.190189 120.489929
v 77.176361 22.622667 119.387489
v 71.391563 21.440033 119.487305
v 64.983482 19.514465 119.515526
v 59.154808 16.639811 119.480789
v 54.071911 12.769258 120.203972
v 47.494419 12.130701 121.206573
v 41.577080 15.279108 121.669708
v 36.864601 17.865532 120.670677
v 31.493727 19.280182 119.385254
v 25.693108 21.997589 119.580032
v 19.985966 26.617767 120.052155
v 14.471294 31.056320 119.766632
v 8.674712 30.876070 119.882271
v 2.467643 26.324318 119.810905
v -3.092673 19.059071 119.833931
v -8.411804 12.990728 120.042686
v -14.300360 12.432112 119.979462
v -20.074966 15.097002 119.937790
v -25.829208 18.850328 119.724281
v -31.490170 22.267422 119.234802
v -37.148094 27.946012 119.992973
v -42.860146 33.162392 120.604340
v -48.692654 33.094093 119.833275
v -54.403835 29.115658 119.800858
v -59.997841 26.138489 120.042519
v -65.600952 23.860043 119.606064
v -70.899872 22.745012 120.735794
v -76.694199 22.711246 121.206390
v -83.476784 22.132322 119.419418
v -89.528610 18.653639 119.149216
v -94.371750 13.495837 119.913635
v -99.451866 11.568163 120.170219
v -104.904602 12.573223 120.183365
v 108.553787 26.926949 111.846336
v 108.519867 24.925442 117.323257
v 97.714508 19.889170 111.399353
v 97.466125 20.141394 117.522797
v 85.484726 15.481039 111.898941
v 85.354736 19.052954 118.118439
v 74.136642 22.328180 111.574997
v 74.275215 22.198065 116.268997
v 63.381016 21.755335 111.626373
v 62.031788 19.686003 116.617203
v 51.580040 17.002995 111.119781
v 51.352558 12.928263 117.485199
v 39.974995 12.458246 111.782944
v 39.737839 15.592473 117.823975
v 28.373535 16.426020 112.035889
v 28.585484 18.985683 116.772797
v 16.464678 26.893009 112.356079
v 16.987560 29.264528 117.333244
v 6.118727 27.639755 111.068230
v 5.776664 28.575554 116.966682
v -5.904583 14.015149 111.361649
v -5.862968 14.873434 117.168182
v -17.324272 10.280581 110.960495
v -17.302746 12.283647 117.179993
v -27.636345 17.705662 110.860565
v -28.183113 20.735786 117.144287
v -39.791035 25.204132 111.680389
v -40.016521 29.737465 117.812675
v -51.276791 26.746311 111.730087
v -51.386230 30.299820 117.258110
v -62.911362 22.157177 111.468292
v -62.787426 23.969570 117.298203
v -73.653862 21.457874 112.175507
v -73.453636 21.748182 118.883148
v -85.227875 19.172539 111.524300
v -86.243767 20.105774 116.600143
v -97.145645 14.462418 111.498604
v -96.898468 11.992353 117.264091
v -109.070953 13.219734 111.284363
v -108.950081 12.278775 117.139565
v -119.242271 21.454866 116.083458
v -120.039352 23.727905 111.215141
v -120.620193 20.641741 106.416412
v -120.952126 15.127771 100.767319
v -120.134277 13.708537 94.157745
v -120.369812 15.512033 88.182632
v -120.805832 16.685162 82.841003
v -120.781982 15.997231 77.486710
v -120.697968 14.394206 71.243950
v -120.474289 14.673883 65.274918
v -119.220596 18.101555 60.258823
v -120.012726 22.163832 54.536179
v -119.203247 24.433323 48.331799
v -119.089737 23.021324 43.207390
v -120.860001 20.450546 37.677834
v -120.746773 19.245934 31.659058
v -120.890831 20.188564 25.720692
v -119.856964 23.019211 19.946007
v -119.667030 23.144161 14.411684
v -119.594879 21.202503 8.296819
v -119.865318 20.533436 2.591978
v -119.929420 23.104609 -2.813620
v -119.626053 26.922821 -8.580351
v -120.716873 28.134272 -14.459423
v -120.091927 27.164667 -19.994656
v -119.339745 26.615429 -25.511917
v -119.780426 26.942272 -31.486423
v -119.708405 24.691849 -37.248894
v -119.779663 19.937210 -42.878948
v -120.042442 14.776899 -48.822334
v -120.225502 13.153357 -54.074715
v -120.348755 15.585199 -58.693607
v -120.110443 17.542690 -65.547974
v -120.105835 20.303686 -71.939178
v -119.676559 20.455318 -76.620872
v -119.355713 18.108067 -82.471069
v -120.041161 17.848831 -88.573212
v -119.845932 17.662180 -94.181854
v -119.051193 15.673094 -99.577858
v -118.303421 12.743963 -105.432007
v 119.183739 22.011229 -116.016182
v 120.137848 22.959600 -111.317238
v 120.823677 22.027374 -106.258759
v 120.659775 21.034258 -100.480591
v 119.560356 21.589298 -93.877151
v 119.560997 21.816650 -88.209610
v 119.140961 22.460796 -83.608124
v 119.438782 24.261738 -77.818855
v 120.464905 25.109613 -71.412079
v 120.177063 24.186226 -65.747406
v 120.009468 22.572418 -59.975487
v 119.841751 21.329144 -54.337784
v 120.331345 20.552977 -48.212116
v 120.918205 19.841953 -42.327217
v 120.118515 19.444118 -36.815918
v 119.693298 19.262032 -31.202705
v 119.290100 18.166819 -26.045734
v 119.141220 16.780548 -20.427755
v 119.467766 16.409256 -14.548857
v 119.436470 18.497059 -8.731556
v 119.709183 21.034182 -2.748193
v 119.209946 22.731518 3.162472
v 118.886543 23.061666 9.129146
v 119.948570 21.531685 14.544800
v 120.857544 21.857466 20.034468
v 120.930389 23.966789 25.949474
v 120.440414 25.655973 31.549809
v 120.437691 25.710056 37.321571
v 120.409988 25.592102 43.144283
v 119.818390 26.091862 48.797272
v 119.405251 25.738262 54.536148
v 119.552200 25.443016 60.141171
v 120.147324 24.767181 65.568077
v 120.021164 23.465567 71.323700
v 119.373459 22.490599 77.134186
v 119.428635 21.357437 82.573769
v 119.410469 19.928438 88.766525
v 119.472778 19.411308 94.720169
v 119.723785 19.404861 100.026917
v 120.157181 19.185703 105.708801
v 109.023666 24.033108 -117.377281
v 108.698616 22.431549 -111.705414
v 108.636452 21.229542 -105.917458
v 108.289970 22.068287 -99.504601
v 108.361465 22.018150 -93.880829
v 108.541122 21.103718 -88.624580
v 108.458267 20.724987 -82.860001
v 109.429733 20.170521 -76.982010
v 108.962906 19.374762 -71.249886
v 108.058182 18.804409 -65.856987
v 108.924072 19.142361 -60.457096
v 109.601410 20.459496 -54.613876
v 110.223755 22.871735 -48.807381
v 110.549820 25.920792 -44.154411
v 109.955200 26.135292 -38.872185
v 109.123459 22.773735 -32.508148
v 108.445488 18.895172 -26.339756
v 108.340317 16.323898 -20.504271
v 107.750122 16.444630 -14.550722
v 106.077408 19.140541 -8.613116
v 104.902985 22.648335 -2.951781
v 104.757996 24.768656 2.943425
v 105.937622 23.211535 8.796076
v 107.662491 20.132324 14.678619
v 108.500244 18.081972 20.250267
v 108.490509 17.487923 25.993229
v 108.499245 19.631889 32.054771
v 108.548706 23.629108 37.435032
v 108.724846 27.428989 42.293526
v 108.329498 29.270933 48.174576
v 107.535095 28.967470 54.356079
v 107.727097 28.367319 60.793262
v 108.672867 25.389061 65.610504
v 108.642670 21.145565 70.652649
v 108.750717 18.135376 78.029793
v 108.979065 18.601131 83.531799
v 108.529526 22.518797 88.645554
v 108.635231 26.301983 94.178978
v 108.541611 27.880291 99.740570
v 108.473083 27.641376 105.911911
v 97.090546 31.353882 -117.277176
v 97.180183 29.695412 -111.083168
v 97.132736 25.003506 -105.963455
v 97.103683 20.318010 -100.693771
v 97.176895 16.536201 -95.009079
v 97.159500 14.196592 -88.984238
v 97.117195 12.668657 -82.789421
v 97.136292 10.310619 -77.124504
v 97.237831 9.065931 -71.374527
v 97.124176 10.762161 -66.139854
v 98.343300 15.170700 -60.311966
v 99.188545 19.402357 -54.369087
v 99.637772 25.623646 -49.561867
v 100.302361 30.684641 -44.507378
v 99.474960 29.027290 -38.966061
v 98.639793 23.385967 -33.062740
v 97.956955 16.769089 -26.684261
v 97.107941 11.714729 -20.255157
v 96.467545 9.550491 -14.587813
v 94.995544 11.772014 -8.849882
v 93.394928 16.439196 -2.844195
v 93.222473 19.230045 2.685388
v 94.365532 18.460464 8.464241
v 96.011658 16.617628 14.364178
v 96.861572 16.324293 20.072632
v 97.095367 16.113194 25.792629
v 97.284546 17.140604 31.695665
v 97.340248 20.440777 37.396496
v 96.912292 23.904953 42.752148
v 96.787170 26.232979 48.568230
v 96.060303 27.299850 54.714733
v 96.079597 25.996387 60.111374
v 97.121475 22.954151 65.789474
v 97.349670 20.334545 71.733170
v 97.724327 19.830240 76.568832
v 97.536255 20.944855 82.519623
v 96.927948 22.471581 88.610199
v 97.150558 23.578424 94.067520
v 97.573975 22.943033 99.900124
v 97.969345 21.080431 105.558372
v 85.778908 29.290916 -117.060356
v 86.006668 26.567783 -111.250122
v 85.894798 21.497524 -106.276367
v 85.659286 15.724586 -100.793877
v 85.735123 11.359446 -94.403625
v 86.181900 9.410803 -88.329147
v 85.810913 8.418167 -82.682228
v 85.448868 8.259019 -77.067520
v 85.790169 8.342567 -71.307877
v 85.819733 7.953097 -65.588547
v 86.086716 9.038904 -59.917580
v 87.326843 12.110037 -54.311546
v 88.011536 16.570639 -48.686134
v 88.379410 19.162319 -43.611649
v 87.546463 18.076115 -38.132984
v 85.141487 14.175162 -32.040485
v 85.959579 8.158986 -25.596775
v 86.749519 4.904863 -19.514572
v 85.421707 5.112561 -14.199322
v 85.711792 5.284600 -8.498504
v 86.029831 6.518715 -2.843342
v 86.123688 8.066072 2.764554
v 86.595718 8.166594 8.300746
v 86.229256 7.905710 14.136560
v 85.995056 8.317078 20.140602
v 85.918465 9.277535 25.848042
v 85.198586 10.600857 31.683458
v 85.330658 11.686415 37.434753
v 86.104195 13.561035 43.364319
v 86.581818 16.506550 49.679375
v 86.369812 18.585190 54.971649
v 86.036026 19.212624 60.175606
v 85.958786 19.671963 65.819458
v 85.503868 20.503941 71.561050
v 85.894684 21.691631 77.035690
v 86.095795 22.677895 82.612244
v 85.803513 22.712030 88.396965
v 85.933258 21.899307 93.276886
v 85.766098 19.749443 98.974228
v 85.565498 16.395037 105.611740
v 74.249161 21.022825 -117.523987
v 74.198486 21.287628 -111.823685
v 74.329132 17.248524 -105.900787
v 74.388748 12.590497 -100.192680
v 74.338730 10.291025 -94.170776
v 74.306870 8.930189 -88.665787
v 74.362946 6.772523 -83.394501
v 73.901703 5.264742 -77.199631
v 73.829742 4.708420 -71.173248
v 74.460159 4.669873 -65.729683
v 75.129044 4.503317 -60.519505
v 75.328476 4.737906 -55.042648
v 74.441681 6.050571 -48.692101
v 74.199677 6.906198 -42.806610
v 74.277725 6.616916 -37.197090
v 74.351181 4.452914 -31.292852
v 74.394089 2.429165 -25.649137
v 74.140549 2.352906 -20.071472
v 74.750214 2.793709 -14.100704
v 75.159210 3.918719 -8.303709
v 74.795441 5.150625 -2.877486
v 74.438820 5.870528 2.824987
v 74.230408 6.760300 8.643199
v 74.281532 8.032939 14.345195
v 74.321213 9.430716 20.049343
v 74.182037 10.358513 25.678654
v 74.229836 10.390267 31.387766
v 74.492546 10.506712 37.316582
v 74.452263 11.738412 43.054077
v 74.344818 13.543320 48.657143
v 74.139618 14.911947 54.275940
v 74.005135 15.592465 59.924385
v 73.828125 16.911615 65.522217
v 75.350388 19.129644 71.866600
v 75.886841 22.722778 77.803406
v 74.687561 26.888592 82.978638
v 74.562424 30.015709 88.649879
v 74.259781 31.652981 94.305588
v 74.200226 29.494175 100.010010
v 74.129074 24.972435 106.250038
v 62.999870 20.604725 -117.452591
v 63.265160 17.323278 -111.869797
v 62.811485 15.070845 -105.824440
v 62.821247 12.779287 -99.904678
v 62.882530 10.817989 -94.177078
v 62.712692 8.733345 -88.780373
v 63.052032 5.508221 -83.650955
v 62.999054 3.428403 -77.847069
v 62.010315 2.765753 -70.777725
v 62.506905 1.983772 -65.284668
v 63.161175 1.085077 -60.206089
v 62.895008 0.655435 -54.203930
v 63.110420 0.531654 -48.644005
v 62.396942 1.222382 -42.976536
v 62.225620 1.572910 -37.315018
v 62.683983 1.243425 -31.452330
v 62.834755 1.214299 -25.746532
v 62.764740 1.756745 -20.087299
v 62.871292 2.388177 -14.289455
v 62.925545 3.402046 -8.524623
v 62.859077 4.645370 -2.774118
v 62.820457 5.284425 2.917932
v 62.810429 5.787025 8.445024
v 62.805786 6.600053 14.219765
v 62.943939 6.742999 20.025517
v 63.245888 6.356930 25.743011
v 63.113789 6.591628 31.497185
v 62.808884 7.537795 37.124081
v 62.934002 9.150382 42.915272
v 62.684853 11.492836 48.523140
v 62.249390 13.453323 54.063072
v 62.538437 13.954001 59.909546
v 62.493271 13.954161 65.669556
v 62.739594 13.910618 71.793091
v 62.948174 18.390001 76.673279
v 62.716583 28.880615 81.852661
v 62.793983 38.069221 88.486969
v 62.763985 39.651440 94.290482
v 62.737797 35.321281 100.006317
v 63.398983 27.591396 106.015350
v 50.823006 24.457321 -116.403130
v 51.158791 20.514843 -111.101349
v 51.341217 18.394583 -105.801880
v 51.192051 17.555382 -100.197830
v 51.066181 16.126545 -94.651123
v 51.256977 12.239561 -88.976044
v 51.521622 6.924397 -83.092972
v 51.533798 3.422267 -77.557755
v 51.518997 1.788903 -71.778763
v 51.420650 1.073564 -65.723854
v 51.260147 0.889678 -59.555252
v 51.270744 0.467085 -53.857651
v 51.406555 0.149325 -48.657768
v 51.419830 0.032990 -42.714863
v 51.434708 0.073399 -36.973396
v 51.514816 0.409429 -31.270342
v 51.515144 0.616660 -25.527760
v 51.121513 1.102857 -20.014668
v 51.168587 1.354655 -14.293560
v 51.672012 1.650603 -8.478747
v 51.574165 2.313739 -2.790411
v 51.527687 2.658205 2.818086
v 51.792732 2.265456 8.427784
v 51.354324 1.745332 14.334806
v 50.711922 1.792392 20.195450
v 50.905373 2.204953 25.601059
v 51.295326 2.950397 31.082323
v 51.275406 4.639255 36.876465
v 51.257301 7.066416 42.836861
v 50.866924 9.436993 48.535301
v 50.822006 11.054707 54.077721
v 51.293983 11.823998 59.692032
v 51.615761 12.088438 65.214371
v 51.591866 12.885026 71.150269
v 50.913231 19.074299 78.021271
v 50.796127 26.150879 83.909912
v 51.130623 27.043335 88.697357
v 51.268349 24.206360 94.539093
v 51.509483 22.356474 99.853722
v 51.684921 20.818754 104.825058
v 39.980061 22.980854 -117.024872
v 39.938931 20.540428 -111.306870
v 40.280228 20.178638 -106.284180
v 40.346962 19.590378 -100.681297
v 39.972626 16.241898 -94.386169
v 39.853256 11.521076 -88.449493
v 39.783413 6.106616 -82.412720
v 39.857769 2.702354 -76.406425
v 40.064034 1.612899 -70.624557
v 40.221294 1.117621 -65.114555
v 40.122765 0.567859 -59.780842
v 39.989697 0.205053 -54.276749
v 40.043167 0.359440 -48.599174
v 40.009815 0.537238 -42.912048
v 40.074322 0.323117 -37.120506
v 39.990524 0.293849 -31.419298
v 39.771477 0.441994 -25.743313
v 39.958168 0.316319 -20.048809
v 40.084831 0.157253 -14.362196
v 39.616703 0.186532 -8.494119
v 39.397945 0.209069 -2.816084
v 39.883873 0.091704 2.823179
v 40.102962 0.048618 8.595401
v 40.030777 0.068733 14.300143
v 40.028839 0.110308 20.120972
v 39.942818 0.573446 25.489084
v 39.954666 1.291168 31.151480
v 39.940880 2.239544 37.265354
v 40.170795 2.861184 42.398346
v 40.234077 3.688145 48.026947
v 39.924175 5.519500 53.488056
v 39.942371 7.007549 59.257046
v 39.986149 7.701743 65.805023
v 39.845818 8.311803 71.040939
v 39.950226 9.631666 76.792343
v 40.529701 11.339160 82.951561
v 41.052776 12.677971 88.269241
v 40.888065 12.805443 93.802994
v 40.401154 11.943708 99.796768
v 40.095718 11.202682 106.087173
v 28.839909 26.532143 -116.855270
v 29.124310 22.013149 -111.399567
v 29.065155 18.204659 -105.619598
v 28.183304 14.385372 -100.105362
v 28.229408 10.512846 -94.628754
v 28.531548 6.639321 -88.683617
v 28.577076 3.609240 -83.010185
v 28.603867 2.518508 -77.120071
v 28.643009 2.265153 -71.096634
v 28.600853 1.716768 -65.632660
v 28.464470 1.281238 -60.092361
v 28.327576 0.732604 -54.857239
v 28.433290 0.066290 -49.649277
v 28.598137 -0.125395 -43.452950
v 28.503906 0.109007 -37.330032
v 28.531315 0.274841 -31.882486
v 28.525278 0.209969 -25.931820
v 28.484503 0.149358 -19.944965
v 28.357124 0.105624 -14.590908
v 28.148792 0.010904 -8.927341
v 28.445694 0.081934 -2.983903
v 28.769482 0.188144 2.704428
v 29.127316 0.263582 8.345377
v 29.139210 0.276479 14.121013
v 29.114578 0.307532 19.847748
v 29.005617 0.331716 25.566025
v 28.560926 0.336392 31.496458
v 28.564659 0.846408 37.259525
v 28.513517 1.360907 42.872696
v 28.532993 1.809978 48.510262
v 28.497116 2.457410 54.445526
v 28.348938 3.134657 60.433754
v 28.469667 4.082438 65.855721
v 28.655018 4.759555 71.304451
v 29.571489 4.591450 76.583450
v 29.053322 4.466535 82.402809
v 28.258564 5.038535 88.706345
v 28.742195 6.726651 94.405075
v 28.603367 9.778326 99.924057
v 28.426249 13.214936 105.998901
v 17.289463 20.294079 -116.355286
v 17.205198 16.263765 -110.919449
v 17.056583 13.880295 -105.834656
v 17.274391 13.455532 -100.108658
v 17.351492 12.697903 -94.581650
v 17.164997 10.293123 -88.579269
v 16.862442 6.642797 -82.234474
v 17.379379 2.846360 -76.905060
v 17.345173 1.297407 -71.750076
v 16.860071 1.489449 -65.807617
v 17.057770 1.478691 -59.725319
v 17.143986 1.328011 -53.472080
v 17.161386 0.704639 -48.072937
v 16.891565 0.182046 -42.917404
v 16.948269 0.167380 -37.159798
v 17.156387 0.235333 -31.435007
v 17.221130 0.185890 -25.787148
v 17.236725 0.152424 -20.091686
v 17.125084 0.193073 -14.256128
v 17.040283 0.152878 -8.495176
v 17.050774 0.118401 -2.784900
v 17.169699 0.219086 2.541060
v 17.204990 0.285012 8.126094
v 17.129225 0.257237 14.210499
v 17.091043 0.278935 20.165556
v 17.110191 0.277377 25.872879
v 17.106558 0.266689 31.497839
v 16.718531 0.265846 37.410141
v 16.946060 0.555861 42.994171
v 17.650158 1.147473 48.050720
v 17.457745 1.888592 53.797985
v 17.230377 2.889943 60.231258
v 17.132114 3.764271 66.084778
v 17.123890 3.616085 71.353561
v 17.190163 3.004269 77.260246
v 17.139402 2.597090 83.164299
v 17.125374 2.753968 88.638992
v 16.742451 4.505207 94.982269
v 16.809937 9.936551 100.589127
v 16.714205 19.354500 106.322159
v 5.511169 11.179176 -116.845276
v 5.729805 12.488432 -110.520508
v 5.766846 12.572586 -104.977844
v 5.401391 11.849285 -99.457642
v 4.950264 10.018164 -93.381241
v 5.385559 6.310605 -88.642532
v 5.890529 2.338784 -83.691940
v 5.662992 0.461493 -77.301788
v 5.592227 0.273521 -71.529991
v 5.671995 0.557173 -65.685165
v 5.905285 1.212549 -59.744831
v 5.892347 1.350843 -54.253006
v 6.127157 1.121502 -48.494720
v 5.974532 0.891015 -42.923367
v 5.516999 0.386235 -37.498337
v 5.683843 0.228426 -31.684528
v 5.785665 0.119771 -25.949116
v 5.786184 0.095287 -20.203739
v 5.766583 0.151684 -14.363962
v 5.579643 0.142941 -8.502347
v 5.559932 0.165487 -2.723930
v 5.762971 0.170551 2.885125
v 5.833908 0.150551 8.612357
v 5.695138 0.196719 14.336014
v 5.466193 0.204207 20.096653
v 5.624969 0.170351 25.787201
v 5.944916 0.199989 31.675688
v 5.870303 0.517099 37.337547
v 5.751042 1.050430 42.950500
v 5.771044 1.648567 48.695648
v 6.053392 1.840631 54.360840
v 5.723918 1.990907 60.194878
v 5.018995 2.080420 66.028160
v 5.475031 1.421349 71.704178
v 6.020395 1.739048 76.911789
v 5.480859 3.529167 83.024521
v 4.441588 6.426089 89.830177
v 5.688571 11.096439 94.561417
v 6.232487 16.317472 99.585526
v 5.746032 22.945177 105.649040
v -5.869830 12.616790 -117.300316
v -5.949975 14.200917 -111.385773
v -5.725989 12.943222 -105.608971
v -5.672768 9.017417 -99.695145
v -5.737315 6.622097 -94.030304
v -5.750158 6.476325 -88.517242
v -6.226158 5.213143 -83.248779
v -6.482844 2.604864 -77.631271
v -5.874619 1.252923 -71.516724
v -5.394794 1.360107 -65.790482
v -5.495159 1.492806 -60.057770
v -5.764678 1.212529 -54.265926
v -5.752350 1.038633 -48.556564
v -6.011667 0.858366 -42.535912
v -5.845562 0.443158 -37.283871
v -5.584188 0.132804 -31.896381
v -5.768723 0.151327 -25.687696
v -5.809117 0.171522 -19.891422
v -5.886960 0.204559 -14.094412
v -5.935419 0.223593 -8.441314
v -5.726701 0.269085 -2.654730
v -5.634978 0.252916 3.067259
v -5.733354 0.177921 8.606976
v -5.756770 0.138538 14.362008
v -5.859286 0.124290 20.192764
v -6.003085 0.107822 25.944420
v -5.549643 -0.073674 31.538618
v -5.376777 -0.217453 37.168987
v -5.877347 -0.047019 42.740166
v -5.921560 0.366546 48.423813
v -4.808264 0.391521 54.655567
v -5.008350 0.936410 60.370594
v -5.976646 1.325035 65.778862
v -5.740013 1.258040 71.527191
v -5.738929 2.319624 77.239662
v -5.790007 4.756845 82.425713
v -6.193486 8.742662 87.059151
v -6.087938 11.899900 93.333214
v -5.951527 13.203201 100.130859
v -5.891876 13.156147 105.760704
v -17.440517 26.691273 -116.844490
v -17.670704 26.758024 -110.645798
v -17.110210 20.585285 -106.053200
v -16.847572 12.941076 -100.887337
v -17.229286 9.005877 -94.101837
v -17.132011 7.073452 -88.436142
v -17.157433 5.908370 -82.840302
v -17.138897 4.377409 -77.561752
v -17.194368 3.189497 -70.999405
v -16.900902 1.756520 -66.069321
v -16.913342 0.502629 -61.097862
v -17.216722 0.121095 -54.169884
v -16.778301 -0.152740 -48.385628
v -16.575716 -0.034923 -42.552395
v -17.085697 0.267821 -36.973045
v -17.303162 0.323157 -31.367048
v -17.258646 0.228467 -25.742716
v -17.189594 0.202738 -19.939320
v -17.203199 0.215128 -14.348591
v -17.426716 0.303535 -8.731897
v -17.229656 0.264892 -3.012637
v -17.109989 0.215956 2.876283
v -17.306190 0.159033 8.591745
v -17.134161 0.131069 14.232567
v -17.303078 0.108291 19.871523
v -17.541519 0.024319 25.420979
v -17.183619 -0.012157 31.376627
v -16.779194 -0.005627 37.021385
v -17.030579 -0.123227 42.886936
v -17.437050 -0.157806 48.878838
v -17.403574 0.049786 54.677273
v -17.508068 0.303881 60.640766
v -17.520176 0.884075 66.346313
v -17.173475 1.854492 71.437790
v -16.990335 2.960464 76.353897
v -16.830090 3.392761 82.478043
v -16.209675 3.261967 88.905762
v -16.357323 3.513048 94.529785
v -16.572151 4.565965 100.690628
v -16.760635 7.317765 105.794144
v -28.585106 32.998421 -116.861389
v -28.574114 29.642044 -110.946831
v -28.598835 21.746658 -105.745361
v -28.593052 15.990135 -100.241714
v -28.771778 13.352768 -94.395844
v -28.539368 8.834666 -88.681984
v -27.933945 3.442272 -83.087036
v -27.957428 1.530765 -77.459976
v -28.126854 0.858779 -71.799408
v -28.315073 0.563541 -66.326309
v -28.493198 0.355385 -59.923122
v -28.603996 -0.184889 -53.919178
v -28.624092 -0.306836 -48.734848
v -28.577332 0.063482 -42.859299
v -28.606190 0.158697 -37.050591
v -28.573227 0.202901 -31.421846
v -28.658092 0.128841 -25.684332
v -28.682178 0.111547 -19.947205
v -28.587627 0.165252 -14.233715
v -28.508841 0.181128 -8.563861
v -28.518551 0.180265 -2.873084
v -28.574306 0.164439 2.869226
v -28.524406 0.221777 8.444467
v -28.459009 0.304733 14.152268
v -28.477022 0.283354 20.064419
v -28.405361 0.266346 25.844803
v -28.441841 0.248394 31.504072
v -28.911930 0.189682 37.384750
v -29.230900 0.312852 43.352970
v -29.178650 0.698632 49.065056
v -28.708763 1.372181 54.400074
v -28.675303 1.845889 60.116241
v -28.898718 2.314406 66.046432
v -28.602188 3.136913 71.459030
v -28.508869 3.490156 77.105240
v -28.858715 2.861471 82.545364
v -28.814260 2.120847 88.230621
v -28.543011 2.005721 94.317230
v -28.359463 4.013406 99.536453
v -27.849779 10.355936 104.420090
v -41.049576 26.326073 -117.341278
v -40.011574 26.958729 -111.287010
v -39.628670 24.984913 -105.360085
v -39.308189 20.975023 -98.848938
v -39.301556 16.515471 -92.963570
v -39.910713 10.813253 -88.250320
v -39.990936 5.575144 -82.802269
v -40.190514 2.702086 -77.022018
v -40.179871 1.745241 -71.330231
v -40.066093 1.765146 -65.775101
v -39.402283 1.497925 -59.330524
v -39.202686 0.908041 -53.497219
v -39.684483 0.446794 -48.560898
v -39.809185 0.482246 -42.897915
v -40.135761 0.368266 -37.108082
v -40.119934 0.371370 -31.399370
v -39.723633 0.592546 -25.777943
v -39.751541 0.604711 -20.064196
v -40.241844 0.332234 -14.408802
v -40.261711 0.198368 -8.719999
v -40.051529 0.208165 -2.878125
v -40.011452 0.231211 2.862314
v -40.028801 0.467174 8.416759
v -40.036713 0.545361 14.142592
v -40.018196 0.409579 20.103386
v -39.904282 0.441659 25.639845
v -40.049362 0.399009 31.569220
v -40.257763 0.626780 37.571014
v -40.125969 1.097947 42.988392
v -39.914536 1.564698 48.243484
v -39.951439 2.020150 54.097347
v -39.897190 2.846567 59.934586
v -39.362812 3.779100 65.372849
v -40.153366 3.348695 71.275024
v -40.523895 2.958088 77.066437
v -40.221642 3.480010 83.091949
v -40.422131 4.591411 88.941162
v -39.255657 7.596766 93.720673
v -39.449360 13.039837 99.449036
v -40.070850 19.338657 105.926689
v -51.198990 20.338305 -117.331375
v -51.691528 20.039303 -112.269547
v -51.546268 18.875240 -106.234047
v -51.554401 15.715570 -100.119049
v -51.882744 11.395731 -95.061913
v -51.933155 7.542256 -89.264343
v -51.680813 4.921531 -83.180084
v -51.463284 3.382367 -77.068054
v -51.516987 3.040103 -71.404739
v -51.471756 3.385483 -65.711128
v -51.467838 3.002648 -59.986275
v -51.828140 2.093789 -54.614365
v -51.508812 1.805643 -48.694321
v -51.055611 1.848425 -42.632694
v -51.518372 1.287771 -37.123665
v -51.858589 0.563383 -31.454424
v -51.702599 0.553529 -25.722298
v -51.483849 1.137048 -20.022799
v -51.485104 1.395758 -14.318365
v -51.526505 1.080302 -8.796188
v -51.506508 0.820645 -2.866198
v -51.439095 0.670098 3.101342
v -51.488167 0.563766 8.460126
v -51.429520 1.003220 14.079596
v -51.550797 1.554809 20.022577
v -51.855736 2.190688 25.984009
v -51.675926 2.907342 31.594297
v -51.451611 3.069313 37.137924
v -50.687065 2.827752 42.902225
v -50.291862 2.605849 48.308601
v -51.094658 2.710118 54.025761
v -51.444359 3.628493 60.240082
v -51.444946 4.702922 65.908829
v -51.463940 5.460741 71.095108
v -51.471340 5.840994 76.911667
v -51.473846 6.578179 83.122971
v -51.559364 8.510083 88.007172
v -51.466850 12.311928 93.694084
v -51.118965 16.748755 99.988106
v -51.209980 21.006067 105.497635
v -63.011871 20.945316 -116.875549
v -62.988480 19.862429 -110.531494
v -63.004128 18.395893 -105.483292
v -62.870815 16.701344 -100.081039
v -62.968895 13.425148 -94.502838
v -63.699272 8.951365 -89.345734
v -63.456894 6.097366 -83.404190
v -62.808800 5.481292 -77.104187
v -62.876183 5.554573 -71.404053
v -62.810699 5.413355 -65.659317
v -62.944977 4.986251 -60.013149
v -62.958855 4.807305 -54.275505
v -62.789894 4.824065 -48.532829
v -62.821350 4.711077 -42.870296
v -63.026489 4.144123 -37.375401
v -62.960579 3.219573 -31.562044
v -62.939186 1.964489 -25.459702
v -62.908493 0.687820 -19.807934
v -62.841187 0.322481 -14.285423
v -62.863945 0.581448 -8.561588
v -62.844185 0.627108 -2.814266
v -62.790077 0.421244 2.893040
v -62.533531 0.749354 8.339470
v -62.312588 2.311136 13.798676
v -62.540642 4.411666 19.696363
v -62.796013 6.057016 25.643112
v -63.343098 6.231246 32.027748
v -63.152275 5.630987 37.654953
v -62.720619 4.757687 42.746059
v -63.227356 3.588656 48.604134
v -63.339130 3.356763 54.387238
v -63.068886 4.153368 60.125710
v -62.436218 4.378268 65.470184
v -62.070122 4.399405 71.193039
v -62.011742 5.579043 77.640869
v -61.890076 7.811252 83.793266
v -63.062920 12.192081 88.363571
v -62.922440 15.270529 94.262863
v -62.268517 17.003471 100.685913
v -63.001610 19.745440 105.598724
v -74.295761 24.027224 -116.798485
v -74.300491 19.084061 -110.748657
v -73.942223 14.298098 -106.173546
v -73.776443 11.495707 -100.526779
v -73.907684 10.416917 -94.156311
v -74.102325 9.626042 -88.368378
v -74.117355 9.064940 -82.664337
v -74.475899 7.621556 -77.438744
v -74.670410 6.540308 -71.825165
v -74.536491 6.446594 -65.982056
v -74.339508 6.290856 -60.120403
v -74.147400 5.835507 -54.130188
v -74.260422 5.344858 -48.537399
v -74.107346 5.265429 -42.709496
v -74.379776 4.530471 -37.223930
v -75.105240 2.661685 -32.093880
v -74.370239 1.706135 -25.937828
v -74.116776 1.207779 -19.791533
v -74.836105 0.659917 -14.315668
v -74.647873 0.981076 -8.418048
v -74.132294 1.963454 -2.981299
v -74.453171 2.975111 2.893138
v -74.811600 3.736336 8.852629
v -73.698074 4.743903 14.140503
v -73.561165 5.312028 19.803131
v -73.776337 5.625189 25.330410
v -73.723907 5.690128 30.811863
v -73.912048 5.296448 36.625851
v -74.319565 4.479470 42.736275
v -74.493851 4.258911 48.683723
v -74.416260 4.893656 54.246445
v -74.475388 5.696664 59.910362
v -74.429794 6.194398 65.556473
v -74.527191 5.950236 71.248093
v -74.236191 6.534458 76.865669
v -74.050705 9.160617 82.410629
v -74.230530 15.408215 87.747849
v -74.299866 22.262360 93.567871
v -74.613503 24.671907 99.661285
v -74.378006 23.184574 105.649841
v -85.733353 23.761810 -117.376366
v -85.641251 22.396276 -111.878105
v -85.624695 19.675320 -105.482849
v -85.585381 14.731136 -99.661278
v -85.668457 9.875762 -94.240707
v -85.739456 7.530864 -88.653290
v -85.942604 7.555992 -83.325272
v -85.947540 7.385994 -77.575874
v -85.391006 7.538486 -70.918991
v -85.532372 8.607992 -65.418854
v -85.876213 8.991606 -60.189671
v -85.784866 7.355622 -54.295170
v -85.888382 5.315038 -48.605042
v -85.689171 4.632494 -42.909023
v -85.553818 4.504490 -37.229103
v -85.622452 4.639729 -31.421547
v -85.448730 4.497350 -25.437841
v -85.408096 3.629231 -19.710953
v -85.524986 3.445588 -14.290445
v -86.316864 4.239881 -8.171185
v -86.671585 5.770445 -2.269870
v -86.170303 7.837529 3.115784
v -86.857742 8.876757 8.945991
v -86.270294 9.708065 14.557518
v -85.626663 9.390104 19.939102
v -85.846313 8.685942 25.649170
v -85.475136 7.636827 31.586571
v -85.541702 6.078042 37.507072
v -85.619537 6.139894 42.923080
v -85.885101 5.835409 48.443855
v -85.987793 5.590496 54.277321
v -86.132416 6.408092 60.040318
v -86.441605 8.388787 65.914467
v -86.732712 11.686666 71.483109
v -86.102219 15.608294 77.172050
v -85.320541 18.954075 82.830215
v -85.556458 22.607872 88.473923
v -85.807465 26.439947 94.270554
v -85.273178 25.393116 99.447105
v -84.831238 21.113157 105.195190
v -97.207199 28.590126 -117.000870
v -97.141220 29.391464 -111.259018
v -97.246017 28.012541 -105.700554
v -97.086319 24.731659 -99.985519
v -97.480072 19.170469 -94.322105
v -97.969604 13.475313 -88.632355
v -97.426834 10.915970 -82.816269
v -97.421555 10.336590 -77.065048
v -97.470985 10.870123 -71.352524
v -97.581093 13.105189 -66.022003
v -96.762833 16.434826 -59.381989
v -96.607910 16.745459 -53.670441
v -97.265800 14.010978 -48.726707
v -96.934921 11.789993 -42.673931
v -97.140610 10.323666 -37.033062
v -97.111710 12.379449 -31.374922
v -96.527809 16.863152 -25.690517
v -96.389038 20.185223 -19.959608
v -96.664490 23.545164 -14.353779
v -97.156021 23.895290 -8.452492
v -97.314346 20.576172 -2.798698
v -96.796417 19.931595 2.198930
v -97.147827 22.971447 8.293760
v -97.436104 25.368271 14.550844
v -97.233330 21.667820 19.715080
v -97.239555 13.111929 25.299839
v -97.117912 7.999599 31.190390
v -97.109070 6.753181 37.009914
v -97.248230 6.331524 43.218838
v -97.238144 7.134076 48.911102
v -96.958939 8.426720 54.102600
v -97.391357 9.465437 60.082596
v -97.279205 11.819450 65.851212
v -96.834763 14.870520 71.507721
v -97.218369 15.312876 76.847870
v -97.275162 14.859665 82.366318
v -97.145302 16.462683 88.451523
v -96.975754 17.622597 94.231621
v -96.954819 17.338982 99.953430
v -97.126816 16.499611 105.686920
v -107.794434 22.099148 -117.152122
v -108.023430 26.254547 -111.429688
v -108.558899 30.537745 -105.594162
v -108.516960 32.807419 -100.433983
v -108.435707 32.818886 -95.255516
v -108.634308 28.104025 -88.823990
v -109.343239 22.389456 -82.848526
v -108.671135 19.033932 -76.996796
v -107.957291 17.450069 -70.828262
v -108.413094 15.880783 -65.145134
v -108.583412 13.639547 -59.563267
v -108.575226 12.105872 -53.826550
v -108.700584 11.899817 -48.460289
v -108.995949 14.471718 -42.911644
v -108.898102 21.333834 -37.008736
v -108.410706 28.978230 -31.653429
v -108.477310 35.404221 -25.865536
v -108.443489 37.254662 -19.810310
v -108.399765 34.412277 -14.268007
v -108.594940 30.155359 -8.597425
v -108.575844 24.361118 -2.760471
v -108.634552 20.257996 3.012851
v -108.598488 21.714073 8.633043
v -108.599823 24.391832 14.023794
v -108.790298 21.861153 19.216955
v -108.675545 15.945827 25.193741
v -108.976608 12.724337 31.828815
v -108.171165 14.112740 37.146816
v -107.487083 14.008329 42.516045
v -108.835686 10.906105 48.712555
v -109.366432 10.142042 54.711243
v -108.797699 12.168137 60.317677
v -108.425171 13.205673 65.885933
v -108.426338 12.931759 71.700439
v -108.335213 13.712039 77.204399
v -109.121216 14.832615 82.740967
v -108.889297 16.251566 88.817528
v -107.887108 16.698273 94.803932
v -108.373444 15.014008 100.223511
v -108.361244 14.337379 105.708817
v -105.781166 30.413736 -108.588516
v -99.971153 30.225372 -108.495316
v -106.136780 31.866245 -97.624290
v -100.209015 26.127323 -96.976234
v -106.116325 22.730534 -85.560959
v -100.479485 16.011314 -85.654678
v -104.823761 16.167894 -74.017685
v -99.853745 12.224819 -74.211899
v -105.882614 14.050005 -62.892944
v -100.566902 13.911283 -63.439770
v -105.768524 12.412342 -51.538944
v -100.306076 14.117929 -52.110939
v -105.891037 15.807150 -39.888519
v -99.802353 12.719851 -39.956387
v -105.068047 28.947994 -29.060606
v -99.437851 20.272083 -28.825638
v -105.025284 34.843811 -17.028189
v -99.290138 27.639526 -17.117538
v -105.408539 26.907078 -5.681015
v -99.969742 24.309837 -5.539659
v -105.632965 19.383408 6.966950
v -99.617531 20.244713 6.332612
v -105.755676 25.447710 16.700647
v -100.027184 26.028080 16.932640
v -105.965881 11.091261 28.233776
v -100.358376 9.031065 28.073742
v -104.442429 12.759140 39.405258
v -99.631516 8.064123 39.746746
v -106.407852 8.523828 51.893002
v -100.238258 7.733587 51.730240
v -105.785225 12.420795 62.982605
v -100.616776 10.643177 63.193405
v -105.693588 14.111344 74.953941
v -100.079529 15.658710 75.006752
v -105.960892 15.997725 85.768509
v -99.617622 15.971304 85.803200
v -105.168213 16.685356 97.472458
v -99.657585 17.372147 97.300858
v -104.998558 15.149598 108.689064
v -99.672119 15.673644 108.765625
v -94.421066 26.406822 -109.069214
v -88.758987 22.670561 -109.168785
v -93.585373 19.543444 -96.626022
v -88.043671 14.143883 -96.619049
v -94.030594 10.198019 -85.972511
v -88.070351 8.148716 -86.067871
v -94.551819 9.269888 -74.211441
v -88.601799 7.629967 -74.308624
v -94.870560 15.570876 -63.284660
v -88.951797 12.765395 -63.212242
v -94.772873 14.065462 -51.871231
v -88.917679 9.313364 -51.615860
v -94.130875 8.715300 -40.015137
v -88.407349 5.501642 -40.116524
v -94.201279 11.261139 -28.679150
v -88.575294 6.126938 -28.631123
v -93.675575 15.663382 -17.082146
v -88.147728 6.338990 -17.038141
v -95.489082 17.552975 -4.870040
v -90.261581 8.672750 -4.608061
v -93.852325 18.384914 5.086890
v -88.641472 12.216352 5.736895
v -94.450439 22.244171 17.108322
v -88.363861 14.510095 17.112770
v -94.297943 8.667290 28.435547
v -88.424789 8.784943 28.565308
v -94.845139 7.065710 39.269382
v -89.047394 6.870996 39.500122
v -94.399437 7.158427 51.511456
v -88.877335 5.856677 51.570705
v -94.636108 9.304737 63.054646
v -88.826210 7.781867 62.896896
v -94.868675 15.171091 74.183281
v -89.794327 13.895031 73.937660
v -94.287186 15.467873 85.605522
v -88.374359 17.990803 85.499619
v -94.448868 20.692345 97.118004
v -88.956604 25.887436 97.028625
v -94.817322 17.381569 108.831886
v -88.711121 19.136070 108.757111
v -82.948410 19.580744 -109.486702
v -77.233459 16.941406 -109.401337
v -82.757339 10.980548 -97.163292
v -76.915916 10.483001 -97.252731
v -82.303696 7.411186 -85.326637
v -76.585922 8.467663 -85.215561
v -82.897507 6.874642 -74.149994
v -77.533348 6.657732 -74.562714
v -83.185364 7.602976 -63.407272
v -77.545914 6.222846 -63.477016
v -82.927895 5.701590 -51.392212
v -77.187683 5.502094 -51.366241
v -82.692818 4.475337 -40.065441
v -76.998749 4.878956 -39.907585
v -83.486069 3.597136 -28.761488
v -78.448837 1.996729 -29.281134
v -82.984039 2.222386 -17.157295
v -77.733978 0.991741 -17.257534
v -83.787170 3.578660 -5.146277
v -77.557007 1.874882 -5.468155
v -82.737686 7.499706 5.596680
v -77.329681 4.740501 5.763585
v -82.759453 8.179736 17.194523
v -76.825371 5.596789 17.037775
v -82.570908 7.459468 28.489866
v -76.632355 5.893844 28.150330
v -82.879158 5.479414 40.335197
v -77.062180 5.078895 39.889145
v -83.271118 4.832158 51.450390
v -77.362869 4.515564 51.431011
v -83.191406 6.821646 62.929104
v -77.197670 6.490464 62.810646
v -82.936798 11.829701 74.342453
v -76.749359 7.956479 74.346985
v -83.206406 17.236485 86.077408
v -77.615173 12.643641 85.968735
v -82.951294 27.623180 97.162018
v -77.178375 26.052406 97.076729
v -82.514572 20.730671 108.555954
v -76.948105 21.952522 108.711136
v -71.434250 16.794249 -108.552544
v -65.855133 18.003502 -108.366547
v -71.523148 12.636433 -97.014709
v -65.976501 14.953527 -97.073227
v -71.835999 9.051297 -85.833344
v -66.825089 7.685483 -86.522690
v -71.361389 6.534839 -74.432281
v -65.343849 5.996335 -74.047218
v -71.882431 6.277482 -63.258945
v -65.933319 5.691472 -62.972260
v -71.715744 5.411786 -51.445934
v -65.972626 5.102179 -51.411819
v -71.354965 5.377745 -39.904778
v -65.796371 5.034578 -40.036034
v -72.083679 1.625761 -29.763306
v -65.733711 2.226831 -29.211258
v -71.981827 0.259482 -17.259026
v -65.854637 0.082239 -17.201508
v -71.380760 1.212816 -5.768784
v -65.464561 0.973380 -5.885050
v -71.655228 2.390219 5.898304
v -65.364037 0.933262 5.614906
v -71.441193 4.497304 17.283407
v -66.042587 3.594563 17.171341
v -70.833282 6.294770 27.924507
v -65.474876 6.724217 28.231909
v -71.376999 4.988500 39.943188
v -65.639626 5.211369 40.063805
v -71.042831 4.586998 51.397697
v -65.637901 3.861395 51.428940
v -71.508278 5.762012 62.776611
v -65.773964 5.030006 62.882408
v -71.668480 5.512705 74.265762
v -65.470673 5.045998 74.402794
v -71.362518 10.577459 85.533310
v -65.228531 9.716803 86.277786
v -71.338676 22.134644 97.251572
v -64.994873 17.498289 98.075310
v -70.945190 21.158092 108.942001
v -65.569984 20.751038 108.690002
v -60.001976 18.786537 -108.800888
v -54.365616 19.157148 -109.872505
v -60.072430 15.089264 -97.295616
v -54.577515 13.994755 -97.654488
v -60.226902 6.676222 -85.762474
v -54.052021 6.202022 -85.480873
v -60.207695 4.690619 -74.375679
v -54.463375 3.293329 -74.282059
v -59.907410 4.231947 -62.929379
v -54.183346 3.321255 -62.886875
v -60.051380 4.215124 -51.413639
v -54.673737 2.574520 -51.736870
v -60.192844 3.776948 -40.085686
v -54.330544 2.292114 -40.009823
v -60.103546 2.099303 -28.673164
v -54.647369 0.814631 -28.741417
v -59.860764 0.377785 -17.139942
v -54.216522 0.953301 -17.160463
v -60.105881 1.004424 -5.645820
v -54.480278 1.005518 -5.867999
v -59.959084 0.223255 5.727409
v -54.320175 0.279666 5.765464
v -59.598961 2.922314 16.666248
v -54.122353 1.856397 16.864567
v -60.406887 5.752563 28.915112
v -54.979847 3.677175 29.128113
v -59.703300 5.035129 39.863014
v -54.242767 3.721972 39.992439
v -60.452423 2.869143 51.522652
v -54.089951 2.503113 51.200382
v -60.381424 4.900941 62.559830
v -54.638901 4.656682 62.713409
v -60.482597 5.557843 74.015472
v -55.125160 6.050264 73.632477
v -58.896984 8.704824 87.228409
v -53.663719 7.702223 86.904297
v -59.752869 15.106876 97.518028
v -54.567574 14.827672 96.981537
v -60.086739 21.870895 108.564240
v -54.259361 23.107035 108.624466
v -48.988197 20.960327 -109.608017
v -42.762428 24.423786 -108.539177
v -48.421078 14.757326 -96.664207
v -41.866688 17.370565 -95.199219
v -49.023216 5.877410 -86.328445
v -43.027569 6.641907 -85.947769
v -48.738346 2.396124 -74.120552
v -43.159805 1.826728 -74.071655
v -48.526535 2.856416 -62.765747
v -42.879448 1.961544 -62.855339
v -48.944851 1.295348 -51.730545
v -42.737865 0.719451 -51.358742
v -48.380123 1.260969 -39.956402
v -42.751041 0.677742 -39.983242
v -48.999268 0.265347 -28.507771
v -43.014141 0.409612 -28.495140
v -48.576275 1.144657 -17.166271
v -42.837814 0.717569 -17.139393
v -49.009407 0.487590 -6.145284
v -43.249409 0.242091 -5.951779
v -48.613876 0.301560 5.747220
v -42.881214 0.229654 5.713624
v -48.458683 1.109519 17.054062
v -42.792583 0.676346 17.126827
v -48.991920 1.532013 28.867596
v -42.906963 0.495040 28.515392
v -48.463791 2.347173 39.911682
v -42.811546 1.376000 40.017647
v -48.541862 1.728890 51.582031
v -43.073383 1.446370 51.536713
v -48.631622 4.088681 63.157200
v -42.759193 3.714202 62.734798
v -49.097160 4.864154 74.024506
v -43.996292 3.301451 74.318008
v -48.319389 6.323338 85.526833
v -42.913757 4.545371 85.634544
v -48.312950 14.134216 97.018181
v -41.833359 11.559761 96.218483
v -48.533504 24.218128 108.912170
v -42.584389 23.685181 109.080589
v -36.795494 28.307926 -108.260818
v -31.362427 27.664129 -108.316681
v -36.623737 19.217714 -96.195778
v -31.505369 16.827284 -97.259140
v -37.507710 7.885914 -85.314041
v -31.547775 6.679599 -85.376801
v -37.356564 1.261351 -74.213684
v -31.220535 1.016586 -74.429634
v -37.097397 1.375962 -62.716236
v -31.263365 0.816055 -63.014217
v -37.060944 0.079498 -51.377563
v -31.537304 -0.430798 -51.504906
v -37.089073 0.415271 -40.062489
v -31.393970 0.239841 -39.977264
v -37.163918 0.340952 -28.565292
v -31.451677 0.206622 -28.560036
v -37.278732 0.329648 -17.140152
v -31.562666 0.165858 -17.111515
v -37.178696 0.143196 -5.813870
v -31.363979 0.129148 -5.804182
v -37.154976 0.224724 5.714744
v -31.436092 0.171804 5.726304
v -37.150890 0.346473 17.152033
v -31.358692 0.298323 17.145561
v -37.050781 0.315759 28.419212
v -31.300842 0.218521 28.656664
v -37.157402 0.868796 40.012470
v -31.669147 0.485075 40.128803
v -36.972260 1.775752 50.904652
v -31.643198 1.311062 51.477978
v -36.939297 3.158571 62.578728
v -31.631023 2.341172 63.030983
v -37.766930 3.007200 74.250717
v -31.371572 3.442715 74.213394
v -37.775330 3.264687 86.098984
v -32.032074 2.549594 85.476288
v -37.081146 7.519571 97.083153
v -32.233116 3.683998 97.767555
v -37.207436 20.422829 108.909393
v -31.228230 16.630964 107.999786
v -25.262405 24.659588 -109.065918
v -19.918522 24.812412 -108.642891
v -25.914341 12.999414 -97.166412
v -20.313602 11.264553 -97.081169
v -25.830193 5.672018 -85.823891
v -20.364590 6.522833 -85.786819
v -25.611559 1.792019 -74.329239
v -20.103935 3.023380 -74.640678
v -25.653873 0.671139 -63.290985
v -19.664562 0.764761 -64.145432
v -25.590982 -0.829505 -51.693169
v -19.794256 -0.577142 -51.623585
v -25.777384 0.172576 -39.961445
v -19.824833 0.172436 -39.934174
v -25.721338 0.181098 -28.561695
v -20.019218 0.192090 -28.557171
v -25.719296 0.145302 -17.056479
v -19.924038 0.147860 -16.985685
v -25.590240 0.196169 -5.729150
v -20.097286 0.271259 -5.711518
v -25.759476 0.177680 5.779402
v -20.091097 0.219659 5.943644
v -25.864775 0.222933 17.097294
v -20.089764 0.153991 17.194553
v -25.688942 0.187301 28.604856
v -20.224035 0.051395 28.471191
v -26.693356 -0.027199 40.534985
v -20.353933 -0.097863 40.165401
v -26.729774 0.511412 52.084797
v -20.849073 0.020388 51.995026
v -25.437756 1.878158 62.617989
v -19.695011 1.167521 62.775543
v -25.438713 3.357535 73.993530
v -19.645796 2.794808 73.829964
v -26.026497 2.577958 85.383713
v -19.723488 3.076213 85.904160
v -26.063797 2.138481 96.592239
v -20.179684 3.002944 96.650101
v -25.509548 13.087420 108.546356
v -20.323601 10.361153 108.824097
v -14.824326 22.789825 -106.978958
v -8.750165 17.358994 -107.568802
v -14.308313 9.844500 -96.906174
v -8.443568 8.132072 -96.748062
v -14.554651 6.590128 -85.631844
v -8.800027 6.664353 -85.626350
v -14.872801 3.237648 -75.118378
v -9.393399 2.234556 -74.773926
v -13.857202 1.239693 -63.535912
v -8.191440 1.776760 -62.395290
v -13.778646 0.047408 -51.548809
v -8.079023 0.685733 -51.544323
v -14.332664 0.331274 -39.798016
v -9.094944 0.671516 -39.606113
v -14.334760 0.155161 -28.625229
v -8.618200 0.129713 -28.651834
v -14.261743 0.197248 -17.151220
v -8.654629 0.217724 -17.184946
v -14.442254 0.275098 -5.721652
v -8.660084 0.226200 -5.718972
v -14.343721 0.221949 5.966466
v -8.589496 0.205819 5.802215
v -14.108957 0.166629 17.418648
v -8.550179 0.139080 17.368607
v -14.352633 0.053844 28.733507
v -8.699213 0.093799 28.885664
v -13.977875 -0.033875 39.659504
v -8.556012 -0.144229 39.797272
v -14.435513 0.058471 51.517387
v -8.651391 0.396262 51.346901
v -14.504038 0.682171 63.279167
v -8.815507 1.310756 62.860214
v -14.155333 2.129067 74.018837
v -8.576870 1.720239 74.256737
v -13.910526 4.066476 86.042664
v -8.543386 5.662573 85.342468
v -13.161996 5.702276 97.616104
v -7.541661 10.204529 97.565956
v -14.323538 9.501884 108.066307
v -8.455070 11.205282 108.542488
v -2.793811 13.644249 -108.109909
v 3.008293 12.589611 -107.534515
v -2.996232 7.553107 -96.315033
v 2.387196 9.700974 -96.133270
v -2.605589 5.969485 -85.388123
v 3.225977 4.555564 -85.980713
v -2.553679 1.188556 -74.141907
v 3.307037 0.505622 -73.961861
v -2.521092 1.470136 -63.130196
v 2.939566 0.963670 -62.831566
v -2.844460 1.244213 -51.415531
v 2.872779 1.156317 -51.416920
v -3.123405 0.707446 -39.778622
v 2.700527 0.569330 -40.229305
v -2.881542 0.170776 -28.539017
v 2.847858 0.185205 -28.563381
v -2.941281 0.173458 -17.057434
v 2.829032 0.143208 -17.132696
v -3.222159 0.198332 -5.632407
v 2.409674 0.140305 -5.499155
v -2.871551 0.220230 5.830003
v 2.871598 0.183435 5.850321
v -2.772212 0.117775 17.114080
v 2.855584 0.166532 17.103024
v -2.809550 0.064191 28.678875
v 3.120821 0.095560 28.606712
v -2.787297 0.047375 40.054527
v 2.895595 0.539633 40.013855
v -2.235384 0.827534 51.693886
v 3.511722 1.504363 51.714714
v -2.868249 1.419670 62.697594
v 2.749470 1.701886 62.837433
v -2.834661 1.537780 74.140656
v 3.002461 1.227921 74.208191
v -2.822195 6.280076 84.955727
v 2.526468 5.323114 85.949944
v -2.616374 13.984137 96.923599
v 3.873724 14.540289 96.375000
v -2.732322 15.762877 108.484917
v 3.211671 22.993790 108.369980
v 8.570560 12.692984 -108.306778
v 14.123285 13.484735 -109.034645
v 8.332754 12.875606 -96.790390
v 14.468743 13.965895 -97.312454
v 8.408692 5.506557 -85.832932
v 13.922891 7.899625 -85.091324
v 8.446809 0.187753 -74.173264
v 14.705479 0.661676 -74.492401
v 8.624844 0.849512 -62.570740
v 14.318645 1.231825 -62.792240
v 8.787531 1.056557 -51.178169
v 14.580486 1.149896 -50.638256
v 8.326023 0.446828 -40.150990
v 14.001782 0.248061 -40.026897
v 8.598364 0.174208 -28.720648
v 14.315399 0.201202 -28.685574
v 8.605840 0.132378 -17.158474
v 14.337952 0.150391 -17.173317
v 8.327812 0.097166 -5.441123
v 14.162065 0.083727 -5.556627
v 8.602333 0.143790 5.864957
v 14.352472 0.225972 5.466359
v 8.511167 0.231232 17.176743
v 14.324310 0.239471 17.138893
v 8.459486 0.222643 28.551512
v 14.133001 0.263181 28.530436
v 8.588835 0.818099 39.867863
v 13.948935 0.540685 40.097229
v 8.772469 1.959271 51.151390
v 14.816666 1.675332 50.692162
v 8.021688 2.735886 62.937622
v 14.167990 3.303022 63.077629
v 8.978515 1.350797 74.030342
v 14.660557 2.428818 73.763107
v 7.658846 3.656696 86.458702
v 13.829664 2.537420 85.982788
v 9.655986 11.815222 96.452332
v 14.196899 7.776833 97.588455
v 8.390243 26.954542 108.818237
v 13.321878 25.731256 109.623878
v 20.107147 15.700504 -108.577766
v 26.470425 18.601608 -108.406082
v 20.181776 13.073775 -97.164032
v 25.445396 12.580358 -97.204109
v 20.051899 7.915875 -85.021729
v 25.804157 5.953713 -85.119049
v 20.465168 1.568445 -74.509857
v 25.727280 2.311989 -74.046463
v 20.010437 1.352738 -62.944870
v 25.715496 1.355854 -62.959972
v 20.059616 0.990586 -50.774429
v 25.541565 0.595750 -51.807648
v 19.739838 0.033701 -40.038124
v 25.656452 -0.030228 -40.030552
v 20.013811 0.216579 -28.588417
v 25.749716 0.250532 -28.858089
v 20.068405 0.207333 -17.062744
v 25.747940 0.214141 -17.041025
v 20.175604 0.172108 -5.644372
v 25.731606 0.124391 -5.720037
v 20.265402 0.284012 5.025115
v 26.026264 0.241820 5.311821
v 20.127953 0.260754 17.135876
v 25.976475 0.259235 17.113811
v 19.930332 0.212276 28.572824
v 25.650745 0.236497 28.561716
v 19.544392 0.313943 40.206203
v 25.656563 0.849024 40.045860
v 20.430653 1.455577 50.722733
v 25.858202 1.848116 51.143402
v 20.196430 3.539835 62.927654
v 25.703167 3.608271 62.903278
v 20.000595 3.688914 74.283844
v 25.700911 4.582653 74.439423
v 19.942301 2.503044 85.741791
v 25.175209 3.679046 85.812675
v 19.726648 6.017998 98.056595
v 25.826107 7.130877 97.482925
v 19.447807 22.073864 109.529999
v 25.465881 17.205402 109.298141
v 31.955938 19.576429 -108.527832
v 37.050804 19.168045 -108.544624
v 30.960419 13.813375 -97.241653
v 37.003868 16.636019 -97.169800
v 31.567659 5.247694 -85.898834
v 37.189594 7.223042 -85.835449
v 31.367828 2.065192 -74.275452
v 37.037331 1.727008 -74.095886
v 31.588562 1.335077 -62.751591
v 37.457478 1.050001 -62.525990
v 31.268156 0.440720 -51.907143
v 37.140896 0.341471 -51.412571
v 31.430828 0.064953 -40.006466
v 37.105370 0.335187 -40.021095
v 31.373808 0.289942 -28.902058
v 36.937141 0.365073 -28.663025
v 31.411516 0.188106 -17.154581
v 37.202316 0.198173 -17.207901
v 31.214123 0.029958 -5.743142
v 36.745125 0.164024 -5.591951
v 31.575920 0.183761 5.590820
v 37.269062 0.094251 5.692944
v 31.423269 0.143423 17.186775
v 37.032333 0.061131 17.218004
v 31.418404 0.344313 28.639616
v 37.050407 0.700976 28.320681
v 31.432446 1.560225 40.038040
v 37.046932 2.355247 40.069912
v 31.485395 2.690270 51.363796
v 37.143692 3.863182 51.386703
v 31.459522 4.693563 62.201797
v 37.284195 6.677277 62.005466
v 31.301392 5.688678 74.140076
v 36.800381 7.605335 73.730942
v 30.600903 6.210299 85.840584
v 37.197540 9.959366 85.771294
v 31.404634 8.536292 97.197556
v 37.352928 10.724714 96.963287
v 30.988209 13.288217 109.653473
v 36.808189 11.299001 109.634766
v 43.039204 18.873547 -108.686211
v 48.846966 18.548388 -108.726341
v 42.849487 18.200520 -97.328537
v 48.441353 17.624416 -97.367493
v 42.660233 9.411918 -85.445419
v 48.562263 9.669651 -85.745987
v 42.618706 2.043660 -73.247177
v 48.458557 2.203527 -74.018814
v 42.879784 0.951733 -62.268837
v 48.464027 0.891538 -62.495567
v 42.875748 0.245207 -51.384361
v 48.603664 0.125226 -51.417583
v 42.748047 0.293671 -39.928574
v 48.522591 -0.120444 -39.706013
v 42.616371 0.600040 -28.709415
v 48.554821 0.551223 -28.485008
v 43.234211 0.228897 -17.272488
v 48.592335 0.791952 -17.229492
v 42.690742 0.334221 -5.603797
v 49.020424 1.163945 -5.614065
v 43.630577 0.253268 5.714075
v 49.427853 1.544824 5.673041
v 42.186981 0.400582 17.304710
v 47.618034 1.151899 17.465958
v 42.761669 1.129941 28.209541
v 48.472195 1.830680 28.408287
v 42.927101 3.399612 40.042263
v 48.631493 4.840833 39.921276
v 42.471180 5.972013 51.358700
v 47.721909 8.956851 51.307556
v 42.880970 8.383362 63.759460
v 48.585480 10.649441 63.553638
v 42.595497 10.147720 74.178406
v 48.416435 12.600327 74.672562
v 43.636902 15.952259 86.083130
v 48.761261 23.773952 86.306702
v 43.249359 14.927085 96.853912
v 48.676155 19.784332 97.385468
v 42.819866 12.714354 108.975250
v 48.727531 16.774908 108.187737
v 54.541527 17.771763 -108.709412
v 60.471729 16.250786 -108.802444
v 54.227348 15.472864 -97.237663
v 60.316479 12.499531 -97.014984
v 54.338524 8.640827 -85.831772
v 60.067024 7.469834 -85.887451
v 54.349365 2.453344 -74.506104
v 60.012711 2.704663 -74.293121
v 54.101189 1.010035 -62.545502
v 60.359467 1.194712 -62.894379
v 54.399162 -0.098753 -51.513546
v 60.380672 0.078875 -51.557865
v 54.436619 -0.083776 -39.712498
v 59.691376 0.900913 -40.032257
v 54.514313 0.423460 -28.188442
v 60.147320 0.742634 -28.348568
v 53.955383 1.472091 -17.164795
v 59.912010 1.847513 -17.178780
v 54.534019 2.563516 -5.513456
v 60.041473 3.656860 -5.577422
v 54.552979 3.446265 5.679104
v 60.068291 4.834198 5.698691
v 53.871624 2.920679 17.490681
v 59.820694 5.641764 17.377987
v 54.407631 3.086783 28.604696
v 60.465199 5.009238 28.803886
v 54.171432 6.292220 39.904270
v 59.944019 7.471984 39.936214
v 53.740971 11.210419 51.341896
v 59.654785 12.362060 51.283264
v 54.280804 12.532690 62.717640
v 60.011688 13.415718 62.891171
v 54.259323 13.843184 74.305161
v 60.260429 13.886079 74.666336
v 53.876850 31.380978 86.204666
v 59.763466 34.837906 85.856583
v 54.702995 28.167526 97.851585
v 60.421890 36.224842 97.465286
v 54.389877 20.591270 108.219727
v 60.594521 22.456421 108.871124
v -115.597870 16.491020 -108.512878
v -110.938416 25.581244 -108.534500
v -115.958786 21.369030 -96.355408
v -110.509613 29.799797 -97.070999
v -117.420250 21.273298 -85.862930
v -111.974457 24.802553 -85.755653
v -117.430305 21.235527 -74.042236
v -110.991562 19.062008 -73.933426
v -117.273453 15.975063 -62.665905
v -111.285896 14.993253 -63.265171
v -117.226143 12.259632 -51.467030
v -111.353653 12.175989 -50.948471
v -116.843292 22.246653 -40.085491
v -111.528946 19.574600 -39.961670
v -117.116394 29.096096 -28.571682
v -111.242630 31.818016 -28.855024
v -117.862625 31.082380 -17.311790
v -111.202850 35.105507 -17.057169
v -116.959305 26.258148 -5.775438
v -111.585526 27.235807 -5.729304
v -116.710358 19.914919 5.409286
v -111.459396 19.360626 5.823145
v -116.853943 24.098812 17.188478
v -111.532166 24.280617 16.878223
v -118.465958 16.926884 28.754641
v -111.995552 14.024012 28.646484
v -118.587196 19.553333 40.817604
v -111.198120 16.834251 40.008675
v -117.390244 19.550392 51.361168
v -111.236267 12.317085 51.624340
v -117.318634 15.077114 62.653221
v -111.388054 13.932178 62.800182
v -116.827553 14.623514 74.332207
v -110.674469 13.484341 74.324638
v -117.084747 17.210024 85.667923
v -111.693817 16.503498 85.842621
v -116.899429 14.062052 97.284943
v -110.741852 15.605728 97.470932
v -117.868965 20.084000 108.775009
v -112.031120 15.437078 108.797211
v 66.244118 16.180365 -108.726349
v 71.641922 18.321182 -108.629181
v 66.381805 10.072311 -97.096771
v 71.829468 9.846658 -97.211258
v 65.875015 7.120840 -86.137329
v 71.460663 7.618993 -86.143532
v 65.642014 3.026772 -74.301224
v 70.819397 4.096961 -73.916458
v 66.108643 2.055165 -63.177818
v 71.419853 3.868789 -62.842541
v 65.471069 1.296277 -51.293839
v 71.247879 3.774133 -51.483864
v 65.241463 2.469448 -40.113216
v 71.489746 5.112202 -40.085217
v 65.814827 1.254910 -28.501690
v 71.678192 2.063147 -28.432140
v 65.652924 2.150392 -17.169758
v 71.332764 2.339924 -17.181774
v 66.132858 4.205809 -5.548419
v 72.167442 4.506483 -5.528273
v 65.667099 5.808414 5.798201
v 71.383682 6.189937 5.828769
v 65.615891 8.023445 17.267942
v 71.388245 8.864578 17.225765
v 66.490349 7.614207 28.803452
v 71.821579 9.769207 28.673090
v 65.851044 8.914760 40.063316
v 71.749893 10.240038 40.234875
v 65.026146 13.150833 51.146511
v 71.066696 13.938564 51.313267
v 65.805130 14.206396 62.872284
v 71.422150 15.173967 62.841011
v 66.330132 15.883081 74.866577
v 73.223083 19.112225 75.056152
v 65.653000 33.552792 85.540680
v 71.578262 30.457136 85.726120
v 65.421448 37.311275 97.095779
v 71.074066 34.089478 97.133408
v 66.976883 23.001301 109.311615
v 71.897171 22.987652 109.580231
v 88.446121 26.519028 -108.459999
v 94.041626 28.280256 -108.246414
v 88.422089 14.475122 -97.674332
v 94.224060 17.323793 -97.673569
v 89.432251 10.692589 -85.428375
v 94.770050 13.150295 -85.477249
v 88.883530 9.266912 -74.235931
v 94.602478 9.525730 -74.234581
v 88.800987 9.146029 -62.914276
v 94.376709 11.490546 -63.397591
v 91.511208 16.942297 -51.606529
v 96.692047 20.447340 -51.752998
v 91.448410 22.128220 -41.491646
v 96.925980 28.102577 -41.658108
v 88.146393 13.194065 -29.183664
v 95.193771 17.428051 -29.539305
v 87.986252 6.321193 -16.979153
v 93.394676 8.754942 -16.987892
v 88.532898 6.773690 -5.709121
v 92.179237 11.256924 -5.680747
v 88.208145 10.842613 5.623952
v 91.588173 16.569338 5.574013
v 88.910568 9.552405 17.178238
v 94.303192 13.697178 17.192421
v 88.827988 11.233359 28.555557
v 94.530991 14.206575 28.582298
v 89.361313 14.207545 40.216324
v 94.987946 19.395374 40.192600
v 88.879868 20.052071 51.961533
v 93.903755 24.622414 51.438839
v 88.953354 20.393890 62.707382
v 94.330330 23.033337 62.377373
v 87.992355 20.340160 74.489670
v 94.052444 19.528021 74.361755
v 88.526840 22.333124 85.783348
v 94.197739 21.649334 86.029663
v 89.338371 21.061680 95.912003
v 95.102135 22.297459 96.735718
v 88.798706 14.976201 108.764389
v 95.158440 17.703785 108.608849
v 111.158463 21.255054 -108.681824
v 116.924873 22.362597 -108.471832
v 111.669510 21.433781 -97.475647
v 117.618500 20.709461 -97.900345
v 110.956329 21.622742 -85.838547
v 116.726303 22.040207 -85.851959
v 111.105942 21.786089 -74.393951
v 116.202271 24.558964 -74.496094
v 111.916649 19.567251 -62.766060
v 117.629868 21.987091 -62.596424
v 112.220695 21.472786 -51.416412
v 117.088867 21.332214 -51.452293
v 112.898819 25.195087 -41.143112
v 118.027779 21.294434 -39.947067
v 111.533844 20.113214 -29.044157
v 117.069328 19.392033 -28.598936
v 111.314407 16.174145 -17.595409
v 116.806183 16.637966 -17.367695
v 108.851791 21.864283 -5.508058
v 115.984993 21.719994 -5.400649
v 108.385231 24.843359 6.014239
v 115.164185 24.276085 6.137107
v 111.199539 19.125067 17.502523
v 117.315643 20.107021 17.158501
v 111.787277 19.511391 29.058254
v 117.985962 23.196716 28.886276
v 111.429497 25.836096 39.970352
v 117.575989 25.578285 40.189873
v 110.706253 28.666553 51.725849
v 116.656479 27.066559 51.717312
v 111.220581 28.040487 64.095871
v 117.125763 26.745398 63.255169
v 111.109779 20.352551 74.493591
v 116.918991 21.999342 74.366371
v 111.283508 20.998089 84.952881
v 116.919548 21.045963 84.763245
v 111.735428 26.775631 96.810860
v 117.328079 22.523190 97.041443
v 112.560158 26.717310 108.886017
v 118.654739 22.484625 108.627144
v 99.813988 26.030788 -108.559334
v 105.588242 22.468019 -108.983849
v 99.917931 19.775141 -97.122765
v 105.374756 21.736612 -96.404099
v 100.374306 15.342317 -85.781898
v 106.028183 18.728962 -85.831825
v 99.646721 12.205194 -74.323181
v 106.252975 17.395412 -74.160034
v 100.211823 14.174206 -63.313385
v 106.027008 17.097839 -62.992008
v 102.538048 21.725241 -51.622536
v 108.185318 21.734352 -51.400818
v 102.501831 31.456493 -41.782024
v 107.810577 29.453665 -41.961826
v 101.225594 20.580563 -29.907698
v 106.537766 20.857498 -29.626783
v 99.516693 11.372102 -17.227665
v 105.572708 14.132124 -17.540367
v 96.778076 15.559381 -5.953583
v 102.633385 18.793793 -6.066611
v 96.144974 20.950607 5.653598
v 102.027748 23.514492 5.906194
v 99.672081 17.639204 17.300457
v 105.633598 18.966715 17.535660
v 99.622894 16.762459 28.713722
v 105.340881 17.707020 28.971889
v 100.107964 24.128540 39.489979
v 105.819717 25.770149 39.427578
v 99.539680 28.469854 51.474495
v 104.981201 29.625380 51.477058
v 99.645805 25.518280 62.576378
v 105.260040 27.377117 63.619484
v 100.145424 19.400126 74.576675
v 105.501266 19.635075 74.718231
v 99.942352 21.397509 85.884903
v 105.714615 20.983601 85.577682
v 100.576996 24.948372 97.502899
v 106.232346 27.210804 97.271774
v 100.854935 22.230350 108.417618
v 106.046387 26.116472 108.699593
v 77.047302 21.418503 -108.623154
v 82.962746 23.749226 -108.628082
v 77.098625 11.150655 -97.283310
v 82.718933 12.366465 -97.513840
v 76.898758 7.782636 -86.158630
v 82.997704 8.410641 -85.819664
v 76.810623 5.600579 -74.103226
v 83.008774 7.577216 -74.344421
v 77.263855 5.679541 -62.863598
v 82.861145 7.305253 -62.829025
v 77.898384 7.177376 -52.031006
v 84.536369 11.639633 -51.867256
v 77.376266 10.230565 -39.896709
v 84.624130 16.428879 -40.543968
v 76.991081 4.621200 -28.661129
v 81.760513 9.082563 -29.120127
v 76.972824 2.693731 -17.210018
v 82.785736 3.977231 -17.164478
v 77.480637 4.883849 -5.666601
v 83.174637 5.214377 -5.717238
v 77.055138 6.320095 5.783280
v 83.199623 7.478077 5.638066
v 77.405182 8.160913 17.242365
v 83.132080 7.785372 17.230968
v 76.993515 10.276315 28.497307
v 82.782997 9.933434 28.564041
v 77.252365 10.785076 40.311600
v 82.911209 11.411308 40.200813
v 77.100784 15.173983 51.315006
v 83.344681 16.940823 51.916210
v 77.111862 16.592686 62.890968
v 83.156464 18.306442 63.047684
v 78.375938 21.025934 74.668900
v 82.443359 21.353640 74.222824
v 77.311691 27.054949 85.792633
v 82.779510 24.203102 85.747871
v 76.971039 28.368402 97.064926
v 82.871246 23.066563 96.244385
v 76.742020 21.463079 109.233955
v 82.512779 17.328571 108.810898
v 79.464676 19.845013 111.993172
v 76.859291 20.710114 114.334213
v 79.760437 21.134716 117.452705
v 82.436623 17.997478 115.081223
v 102.958061 24.045303 111.346886
v 99.817635 21.704123 114.328621
v 103.199837 22.562775 117.192825
v 105.465454 24.855782 114.493629
v 115.100418 24.689384 111.481659
v 111.094048 24.899025 114.441978
v 113.921783 23.527985 117.004440
v 116.191040 21.589958 114.224655
v 91.986496 15.970427 112.102898
v 88.672523 16.475266 115.237457
v 91.661385 18.684963 117.942299
v 94.542557 18.155811 114.893402
v 69.182022 22.372028 111.910851
v 65.586151 21.126064 114.225601
v 68.537849 20.954525 117.123924
v 71.421501 21.712559 113.905617
v -115.376328 16.462227 111.623253
v -117.546715 20.106133 114.063385
v -113.768768 16.194901 117.180267
v -112.416168 14.244883 114.110405
v 57.106434 20.114132 111.477684
v 54.296597 16.525856 114.377739
v 57.015949 16.366852 117.096512
v 59.892929 19.413044 114.232925
v 45.731461 13.987093 111.410172
v 42.886589 13.730985 114.217850
v 44.725830 13.417620 118.063583
v 48.583969 14.215180 114.342209
v 34.045567 13.578569 111.783623
v 31.430893 16.716373 114.166039
v 34.339134 17.010872 116.778496
v 37.212372 14.737814 113.931793
v 22.560101 21.422142 112.102737
v 19.576969 26.241287 114.928818
v 22.575377 23.654667 117.647720
v 25.467754 20.642759 114.840485
v 10.830385 29.400816 111.915871
v 8.558870 30.606018 114.165863
v 11.456919 33.105907 117.081451
v 13.973185 31.122082 114.648071
v 0.206185 19.572161 111.465576
v -2.966076 17.824432 114.342308
v -0.195780 22.010069 117.008057
v 3.113241 25.188755 114.163834
v -11.369362 9.909550 111.497818
v -14.370097 10.688247 114.392006
v -11.367710 10.836712 117.191475
v -8.818875 12.719418 114.316971
v -22.770124 13.758238 112.185883
v -24.896921 18.376480 114.500092
v -22.543015 16.491024 117.080086
v -19.770798 13.677668 114.322281
v -34.543846 21.198772 111.760651
v -37.127449 25.994101 114.531647
v -34.259022 23.805105 116.711945
v -30.951965 22.273470 114.621429
v -45.629883 27.776062 112.038795
v -48.373333 30.317326 114.856239
v -45.680431 33.126850 117.429436
v -42.836525 29.335417 114.638596
v -56.832417 24.839149 111.962662
v -59.657036 25.125431 114.866722
v -56.867451 27.294350 117.611038
v -53.849846 28.478424 115.068291
v -68.259880 21.207878 111.745453
v -70.968552 21.507660 114.978951
v -68.414780 22.504490 116.831589
v -65.601257 22.614016 114.523735
v -80.695999 22.738146 110.736130
v -83.409302 21.180014 113.704483
v -80.642319 23.206562 116.523758
v -77.401756 22.243498 114.200508
v -91.853760 17.430510 111.675018
v -94.182083 14.511358 114.341736
v -91.655357 16.014843 116.991287
v -88.370514 17.466978 114.442207
v -102.606201 13.699135 111.548340
v -106.678604 11.769271 114.143639
v -102.633118 12.063719 117.187439
v -100.079727 12.487908 114.281311
v -102.985184 27.653902 -117.100494
v -105.141663 25.924397 -114.250397
v -102.899399 30.083584 -111.409241
v -100.069458 29.249676 -114.172928
v -102.344147 33.132427 -105.951469
v -105.121887 33.256435 -102.957108
v -102.741707 32.315262 -100.147415
v -99.619019 30.919596 -103.156708
v -102.742767 28.060854 -94.243813
v -105.041687 29.013494 -91.875038
v -102.523705 23.640003 -88.612000
v -100.013824 21.104000 -91.589684
v -103.314400 18.452871 -82.818802
v -106.541313 18.111794 -80.106369
v -102.693939 15.245756 -77.127258
v -100.261749 13.357526 -79.980400
v -102.605606 13.726019 -71.510529
v -105.739136 15.008193 -68.321114
v -103.208664 13.177415 -66.068924
v -100.222855 12.371322 -68.651154
v -102.874084 13.547178 -59.644451
v -105.574883 13.136721 -56.314774
v -102.768188 13.443192 -54.027168
v -99.070023 16.070721 -55.586670
v -102.856598 13.590960 -48.728508
v -105.788651 13.078434 -45.649853
v -102.683746 14.413865 -42.626732
v -99.816315 13.484009 -45.344276
v -102.991104 15.890749 -36.992577
v -105.998161 21.417435 -34.112793
v -102.655502 21.387199 -31.519968
v -100.329361 13.494564 -34.069252
v -103.045097 27.797844 -25.762497
v -106.454361 34.254066 -22.567427
v -103.036163 31.843216 -19.785305
v -100.135056 24.388912 -22.627377
v -101.939636 32.479485 -14.084764
v -105.314102 32.047951 -11.324583
v -102.127708 28.799671 -8.408173
v -99.313988 28.385124 -11.321006
v -102.592079 23.217579 -2.748523
v -105.759384 20.671619 0.172021
v -102.757797 19.797031 4.126119
v -99.936684 19.483913 -0.007562
v -102.769958 22.716797 9.601680
v -105.735481 25.047462 11.267773
v -102.891335 26.103340 13.944626
v -100.300255 25.443531 11.562829
v -102.911957 22.605896 19.554039
v -105.946579 19.019337 22.070347
v -103.236923 14.164772 25.110384
v -100.118103 18.245636 22.336479
v -102.594490 9.500357 30.740232
v -105.605217 11.133432 34.335274
v -101.876480 9.779834 36.593712
v -99.354027 8.468891 33.856880
v -102.129875 9.628602 42.443874
v -105.174530 10.877790 45.554661
v -102.746696 8.495514 48.735107
v -99.746582 7.896003 45.915966
v -103.100243 8.688030 54.609573
v -106.058823 10.306245 57.427814
v -103.046349 10.558905 60.092743
v -99.820923 9.381163 56.981934
v -103.110695 11.728592 65.610641
v -105.750641 12.513470 68.513969
v -103.017891 13.693054 71.767471
v -99.773117 12.904864 68.268448
v -103.232582 14.333217 77.480728
v -105.874207 13.933911 79.731186
v -102.713882 15.099021 82.758728
v -100.371414 13.987383 79.321846
v -101.741096 17.637581 88.878586
v -104.669502 17.891422 91.927612
v -101.950607 17.878506 94.596146
v -99.268776 18.128960 91.526909
v -102.826744 15.689230 100.001556
v -106.031975 14.017879 102.752602
v -102.669289 14.830099 105.732849
v -100.123978 15.656065 102.654137
v -91.565140 27.271851 -116.557388
v -94.331757 28.035946 -114.157852
v -91.611610 25.051304 -111.968056
v -88.493866 24.777020 -114.677376
v -91.699829 22.361267 -106.393158
v -94.524780 23.966984 -103.024490
v -91.023834 18.778770 -99.664993
v -88.565544 19.366024 -102.707222
v -90.780426 13.324726 -93.763161
v -94.675125 12.951751 -91.459244
v -90.736115 9.674458 -88.799400
v -88.405220 9.056605 -91.384827
v -90.709991 8.408556 -83.383438
v -94.106239 9.126507 -80.227196
v -91.236511 8.059805 -77.373596
v -88.582245 7.815832 -80.640839
v -91.539474 9.450625 -71.483292
v -94.458633 11.050860 -68.624374
v -91.748108 13.516547 -65.887039
v -88.328682 9.359144 -68.093651
v -92.005302 17.639223 -60.391022
v -93.897575 18.503172 -56.488350
v -92.062531 15.823175 -54.689140
v -88.929718 13.865434 -57.368450
v -91.818474 10.008687 -48.741188
v -94.311401 9.954203 -45.596661
v -91.507355 6.879509 -42.937866
v -88.789177 6.010362 -45.730366
v -91.383667 5.776374 -37.013992
v -94.393410 7.384739 -34.031918
v -91.482979 6.266430 -31.336145
v -88.530136 4.779222 -34.126572
v -91.342560 8.569579 -25.619770
v -93.669083 14.171593 -22.631138
v -90.955627 9.649750 -19.753677
v -88.215988 6.939991 -22.426489
v -90.772461 11.257038 -14.375479
v -93.761383 19.138821 -11.647111
v -92.094444 12.796506 -8.064659
v -88.149719 8.363636 -11.627782
v -92.856430 13.050774 -1.893280
v -94.681686 16.073971 0.178062
v -91.737602 14.527290 3.066022
v -89.266434 10.148468 0.444912
v -92.486694 16.753355 8.900747
v -95.782196 21.339890 12.107618
v -92.796532 18.215790 14.665095
v -90.702965 13.413759 12.109842
v -90.983528 16.323900 20.809864
v -93.766418 15.747549 23.416626
v -90.824806 11.302912 26.552334
v -88.246330 11.203909 23.636196
v -92.204987 8.632165 31.256815
v -95.024956 7.964473 34.011658
v -92.761032 8.277002 36.271126
v -89.255341 7.484048 34.278076
v -91.991531 7.177921 42.159897
v -94.394623 6.443735 46.109352
v -91.555908 6.468086 48.709709
v -88.563683 6.446818 45.582855
v -91.214447 7.063857 54.396683
v -93.773956 8.332150 56.987827
v -91.018707 8.171450 59.959877
v -88.324905 6.797676 57.103298
v -90.786629 10.615927 65.355247
v -93.429718 13.130640 68.151810
v -91.463638 13.431211 70.827370
v -88.402023 11.222847 68.372818
v -91.997147 16.143513 76.980347
v -94.346840 16.285295 79.644943
v -91.358864 16.893503 82.884140
v -88.305046 17.856773 80.214737
v -91.291130 18.196651 88.649223
v -94.149246 19.191460 91.495224
v -91.622360 22.261208 94.381607
v -88.473236 22.813721 91.623528
v -91.919899 22.763754 100.113525
v -94.425858 19.410389 102.948959
v -92.116364 20.292347 106.093933
v -88.236473 22.269434 102.532013
v -80.235626 24.054176 -116.553368
v -82.776093 22.568575 -114.707558
v -80.083252 19.753042 -112.316154
v -77.150291 21.895699 -113.663475
v -80.067131 15.763872 -106.373329
v -82.743423 15.858447 -102.369476
v -79.915375 12.107859 -99.871490
v -76.775894 13.120564 -103.145538
v -79.347443 8.851138 -94.078674
v -82.258575 7.746352 -91.156090
v -78.822815 7.626674 -87.829437
v -76.339211 8.785054 -90.982246
v -79.165649 7.400402 -82.350815
v -82.804558 7.545208 -80.349442
v -79.754532 7.033855 -76.923569
v -76.697083 7.997680 -79.799591
v -80.183922 6.473454 -71.801857
v -82.677414 7.137298 -68.570847
v -80.330414 6.132282 -66.559265
v -77.320984 6.356030 -69.064301
v -80.120239 6.017579 -60.253788
v -82.811096 7.406208 -57.036186
v -79.954117 5.752176 -54.133228
v -76.913834 6.085589 -56.897175
v -79.954254 5.250857 -48.482796
v -82.914749 4.864305 -45.695621
v -79.918396 4.707148 -42.852039
v -77.026993 5.093621 -45.653950
v -79.883850 4.221184 -37.125294
v -82.744850 4.250337 -34.288956
v -80.608467 3.207743 -31.628895
v -77.264877 3.872698 -34.441643
v -80.725800 2.191006 -25.951462
v -82.688461 3.091220 -22.627815
v -80.264404 1.684374 -20.074158
v -76.647202 1.900412 -22.608158
v -80.224869 1.666579 -14.329779
v -82.765816 2.889782 -11.462929
v -80.236130 2.228561 -8.438022
v -77.326996 1.334755 -11.387915
v -80.501465 3.281027 -2.497421
v -83.385880 5.472812 0.378986
v -79.953278 5.134989 2.859882
v -77.076752 3.369598 -0.010565
v -79.742661 6.324703 8.370496
v -83.862717 7.701753 11.719807
v -80.351868 6.173424 14.356812
v -77.224579 5.320538 11.459539
v -80.089767 6.103991 20.004475
v -82.956970 7.314358 22.749054
v -79.681580 6.087885 25.589748
v -76.825562 5.819229 22.769829
v -79.945564 5.665682 31.437014
v -82.849792 5.843040 34.533718
v -80.187248 5.244413 37.361839
v -77.037109 5.461966 34.098549
v -80.203163 4.956841 43.039135
v -82.943542 5.617321 45.627018
v -80.329559 4.614069 48.633553
v -77.460541 4.357417 45.886265
v -80.322617 4.854114 54.209610
v -83.039291 5.612453 57.036541
v -80.098282 6.026006 59.925327
v -77.375999 5.232206 57.025043
v -79.986603 7.420862 65.731293
v -83.236809 8.988003 68.716660
v -79.440903 9.131039 71.576004
v -77.218735 7.124796 68.477119
v -79.988281 10.357752 77.327225
v -83.153702 14.136343 80.156815
v -81.039566 12.418754 83.404022
v -77.475105 8.935730 79.845917
v -80.458748 19.240625 88.887497
v -82.808807 24.612015 91.284012
v -79.952621 25.795248 94.175476
v -77.074112 22.005199 90.666626
v -80.028152 26.366020 100.079041
v -82.350037 24.135956 102.364120
v -80.033371 23.753468 105.724884
v -77.463272 24.985521 102.663589
v -68.693954 22.372574 -117.574310
v -71.484787 20.940758 -113.903259
v -68.618546 18.650944 -111.707138
v -65.751892 20.509871 -113.872093
v -68.577484 16.126476 -105.741592
v -71.085464 13.630325 -103.362595
v -68.832169 14.771051 -99.850525
v -65.726479 16.518866 -102.858337
v -68.809540 13.021515 -94.070953
v -71.194069 10.802000 -91.212555
v -68.927742 10.227255 -88.677521
v -65.801926 11.493136 -91.500565
v -68.789894 7.839702 -82.965454
v -71.071251 7.853345 -79.796448
v -67.956741 6.766628 -76.789993
v -65.421700 6.251586 -79.846954
v -68.233337 6.553708 -71.231583
v -71.542358 6.559176 -68.624466
v -68.888298 6.390064 -65.901360
v -65.765678 6.111946 -68.588425
v -68.633591 6.164859 -60.070400
v -71.090668 6.178234 -56.931858
v -68.659012 5.754513 -54.247604
v -65.645241 5.459639 -57.111290
v -68.928726 5.236615 -48.592888
v -71.473404 5.169687 -45.684353
v -68.721024 5.282002 -42.879635
v -65.746002 4.958501 -45.713898
v -68.590645 4.864977 -37.307877
v -71.615463 4.017704 -34.627029
v -68.593887 2.981781 -32.296455
v -65.820763 3.974522 -34.647243
v -68.496346 1.534620 -26.164536
v -70.782906 1.614993 -22.339058
v -68.647964 0.666697 -19.806551
v -65.701820 1.272278 -22.412979
v -68.835114 0.094915 -14.264194
v -71.689392 0.495349 -11.320838
v -68.422279 0.727089 -8.671574
v -65.821671 0.335157 -11.348111
v -68.106888 1.242318 -3.092490
v -70.858421 1.992955 -0.305005
v -68.060478 1.408064 2.700161
v -65.486519 0.896046 -0.021706
v -67.818771 2.151667 8.276907
v -70.975143 3.497784 11.231232
v -68.718262 3.251186 14.374136
v -64.988266 1.967759 11.001471
v -68.891533 4.920007 20.101837
v -71.011505 5.734730 22.621559
v -68.068451 6.404311 25.215656
v -65.389587 5.737110 22.626860
v -68.277863 6.521113 30.941715
v -71.168488 5.916471 33.829071
v -68.633438 5.608523 37.146408
v -66.146088 6.028142 34.737556
v -68.627342 4.640378 43.017517
v -71.569901 4.131348 45.810604
v -68.118881 4.459435 48.524582
v -65.708336 4.186697 45.699772
v -68.326309 4.565987 54.242245
v -71.699730 4.872644 57.090992
v -68.732620 4.937993 59.957241
v -66.027534 4.061355 57.200542
v -68.588806 5.399240 65.918152
v -71.510330 5.831626 68.698013
v -68.651611 5.394094 71.715683
v -65.251060 4.747502 68.505936
v -68.362015 5.540586 77.608124
v -70.929718 6.562339 80.208031
v -68.241531 7.979182 83.330719
v -64.903076 6.073632 80.846199
v -68.356934 12.731153 89.032928
v -71.224945 17.561909 91.247467
v -68.263763 17.434195 94.931160
v -66.191330 15.206433 91.118713
v -68.455856 20.186514 100.252594
v -71.730682 22.723778 102.662308
v -68.297867 20.697292 105.954475
v -65.729500 19.691696 102.863197
v -57.099548 20.000114 -116.997841
v -59.988762 20.214739 -113.632507
v -57.002258 19.138847 -111.901901
v -54.328171 20.021002 -114.298943
v -56.888966 18.531326 -105.718094
v -59.891121 18.140680 -102.400497
v -57.092735 16.528601 -99.615074
v -54.069618 18.249416 -102.079636
v -57.122063 12.079812 -94.239960
v -60.018532 10.415697 -91.447182
v -56.546158 8.140554 -87.863922
v -54.427292 9.480789 -91.647385
v -56.534203 5.503678 -82.207977
v -59.764191 4.924823 -79.849693
v -57.163086 4.134151 -77.121185
v -54.162994 4.223188 -79.907181
v -57.251633 4.206501 -71.446640
v -59.920120 5.070455 -68.475021
v -57.016830 3.889047 -65.745071
v -54.305244 3.953275 -68.569328
v -57.038383 3.584661 -60.049625
v -60.075947 4.338965 -57.133396
v -57.168472 3.746784 -54.271530
v -54.322876 3.266054 -57.149025
v -56.973984 3.635743 -48.430725
v -59.712498 4.244684 -45.549911
v -57.083992 3.310555 -42.765301
v -53.809059 2.866867 -45.388172
v -57.457420 2.672773 -37.264126
v -60.291061 3.039948 -34.553841
v -57.434029 1.919678 -31.664961
v -54.645248 1.668430 -34.377968
v -57.195660 1.139847 -25.937054
v -60.031300 1.005034 -22.723591
v -56.983566 0.694998 -20.055599
v -54.250893 0.878745 -22.917934
v -57.360744 1.025562 -14.404274
v -60.341164 0.970259 -11.549754
v -57.583099 1.393235 -8.633986
v -54.629326 1.468020 -11.562176
v -57.316406 1.079056 -2.596996
v -60.054710 0.701739 0.234558
v -57.223717 0.503751 3.068927
v -54.342636 0.894183 0.404805
v -57.056232 0.592284 8.240893
v -59.630684 1.118384 10.852954
v -56.917053 1.729561 13.720528
v -54.224220 0.876384 10.935555
v -56.856319 3.335719 19.633156
v -59.798000 4.825071 22.663269
v -57.408875 4.520617 25.935268
v -54.284763 3.034131 22.791164
v -57.832752 5.019905 32.005516
v -60.768963 5.498589 35.118153
v -57.319988 4.902730 37.326214
v -54.528831 4.250072 34.471699
v -57.158897 3.863391 42.831944
v -60.176216 3.585949 45.714989
v -57.401283 2.866436 48.633507
v -53.603195 2.969172 45.741730
v -57.150471 3.131644 53.939709
v -60.037178 3.619264 56.804295
v -57.349716 4.366838 59.238415
v -54.155174 3.338649 56.765087
v -57.676453 5.166694 65.350159
v -59.731247 4.644020 68.260513
v -58.143723 5.802458 71.082954
v -54.482498 5.212934 68.545586
v -58.438416 6.783674 76.262604
v -59.967560 6.804874 79.888000
v -56.974468 7.698447 83.323135
v -54.784595 6.574404 79.541809
v -57.356590 10.381994 88.517586
v -61.522530 13.869252 89.652748
v -58.352959 13.705600 92.907913
v -55.252235 11.189856 89.620453
v -57.430504 16.933596 99.742004
v -59.946152 18.830189 102.909882
v -57.031281 20.955645 105.875397
v -53.981895 18.854677 102.748566
v -46.371632 22.199036 -116.931076
v -48.867142 21.332169 -114.292374
v -46.163811 22.253193 -111.630844
v -43.412960 24.788136 -114.378677
v -45.598076 21.068722 -105.265381
v -48.156143 18.983635 -101.891403
v -45.022820 18.025391 -98.436569
v -42.464317 21.629848 -102.086288
v -45.526588 13.978828 -93.790413
v -48.988255 10.617233 -92.188118
v -46.078316 8.952387 -89.252220
v -42.961456 13.123734 -91.554764
v -45.858028 5.187366 -83.109818
v -48.515625 4.231488 -79.961464
v -45.790688 3.245246 -77.013962
v -42.821396 4.120604 -79.964325
v -45.772446 2.380202 -71.345360
v -48.551086 3.024180 -68.629547
v -45.605865 2.495114 -65.684166
v -42.792507 2.298715 -68.603928
v -45.411896 2.119231 -59.710648
v -48.353199 2.265462 -56.931175
v -45.469910 1.467021 -54.047356
v -41.934731 1.655611 -56.185833
v -45.648888 0.964215 -48.541794
v -48.212852 1.474510 -45.505566
v -45.537361 0.887055 -42.829273
v -42.595505 0.691558 -45.743946
v -45.780605 0.613689 -37.104580
v -48.918854 0.640491 -34.271843
v -46.059532 0.342455 -31.325190
v -43.165325 0.304213 -34.229420
v -45.907967 0.551396 -25.621202
v -48.611298 0.839579 -22.835730
v -45.703728 0.847188 -19.979202
v -42.617458 0.734330 -22.904003
v -45.420246 1.005165 -14.183769
v -48.329075 1.256266 -11.335864
v -45.811977 0.663553 -8.684959
v -42.824280 0.619831 -11.453179
v -46.283798 0.164673 -3.266737
v -48.780899 0.497728 0.012349
v -45.955681 0.129190 2.658228
v -43.085918 0.130747 -0.193083
v -45.739960 0.298108 8.572881
v -48.614254 0.560313 11.285786
v -45.643417 0.666613 14.260251
v -42.887550 0.535627 11.276015
v -45.638382 0.731453 19.975096
v -48.730495 1.176743 22.943611
v -45.866680 0.518067 25.827200
v -42.863998 0.464686 22.951653
v -45.879303 0.851390 31.551125
v -48.563313 2.226719 34.277824
v -45.575493 1.504579 37.051582
v -43.021706 0.755359 34.604950
v -45.609863 1.647398 42.756569
v -47.833138 2.127978 45.747112
v -46.083138 1.251019 49.020538
v -42.924286 1.369346 45.727314
v -45.905266 1.924686 54.342136
v -48.458061 2.905914 56.785866
v -45.645325 3.366102 59.702984
v -42.783321 2.498466 56.902771
v -45.706764 4.149772 65.786232
v -48.520088 4.764013 68.537865
v -46.153313 4.167426 71.467270
v -42.310387 4.214670 68.424286
v -45.686279 4.227980 76.859741
v -48.060455 5.204820 79.746902
v -44.905998 4.949978 82.150772
v -42.213882 3.884617 79.608185
v -45.492195 6.691865 88.293732
v -48.732166 8.878611 90.774071
v -45.578266 10.700899 94.098167
v -43.000565 6.737906 91.600357
v -45.554104 16.115652 99.717079
v -48.360123 18.730190 102.687004
v -45.683647 21.942249 106.101532
v -43.170105 17.595728 102.947632
v -34.795357 30.928572 -117.963058
v -37.828926 29.471680 -114.916702
v -34.612846 30.820877 -111.890503
v -31.824535 32.798790 -114.520660
v -34.023170 27.518167 -105.430084
v -36.856346 24.195156 -102.529350
v -34.171898 22.437847 -99.876190
v -31.259579 21.600697 -102.858765
v -34.391762 17.216110 -94.252777
v -37.069580 14.513867 -91.020569
v -34.666580 11.586528 -88.084290
v -31.658173 13.741594 -91.389481
v -34.613773 5.494557 -82.538925
v -37.097000 3.183787 -80.027161
v -34.263050 1.743052 -77.218826
v -30.999943 2.257230 -80.249168
v -34.004116 1.479752 -71.303230
v -36.827423 1.963642 -68.419777
v -33.858727 1.574458 -65.360909
v -30.910433 1.321944 -68.673004
v -34.293297 0.656136 -60.016392
v -36.598183 0.778099 -56.630680
v -34.456440 -0.050444 -54.511024
v -31.523132 0.195465 -56.925297
v -34.154045 0.029537 -48.728714
v -36.777588 0.396833 -45.912045
v -34.057476 0.329858 -43.076618
v -31.240837 0.153500 -45.958652
v -33.996368 0.465357 -37.248283
v -37.043060 0.418352 -34.293877
v -34.087044 0.387933 -31.459797
v -31.208591 0.384213 -34.321609
v -33.940777 0.350871 -25.770607
v -36.500492 0.602465 -22.983257
v -34.027679 0.327402 -20.059216
v -31.147194 0.273090 -22.894905
v -34.432983 0.180912 -14.307266
v -37.396095 0.183498 -11.575916
v -34.313080 0.128326 -8.669787
v -31.457943 0.180305 -11.429466
v -34.277409 0.101133 -2.938030
v -37.150238 0.166101 -0.002284
v -34.293766 0.159615 2.850146
v -31.431980 0.152250 -0.006932
v -34.304482 0.197987 8.663961
v -37.178307 0.440436 11.365976
v -34.292480 0.241549 14.375418
v -31.392797 0.247959 11.382124
v -34.312080 0.298225 20.059025
v -37.179390 0.361332 23.010376
v -34.325893 0.235431 25.789745
v -31.430412 0.283256 22.977882
v -34.248825 0.282736 31.352060
v -37.247406 0.365986 34.502068
v -34.147041 0.608002 36.943523
v -31.389824 0.312609 34.199471
v -34.379246 0.756146 42.944866
v -37.347816 0.985297 45.920788
v -34.405544 1.196352 48.581955
v -31.940996 0.583922 46.169033
v -34.291168 1.799812 54.237072
v -37.270348 2.044210 57.429768
v -34.312454 2.356214 60.073910
v -31.356735 1.860931 57.159168
v -34.338692 2.940615 65.741806
v -36.762207 3.561145 68.535934
v -34.375771 3.219650 71.511627
v -31.606388 2.913848 68.757263
v -34.322014 3.173840 77.140350
v -37.078979 3.124729 79.956070
v -34.632668 2.909405 82.963104
v -31.459309 3.221282 80.032188
v -35.095673 3.020822 88.934608
v -37.742474 4.347547 91.776787
v -35.567963 4.270351 95.139267
v -31.877861 2.592075 91.688942
v -35.454056 8.798475 100.956238
v -37.822269 14.318740 103.322128
v -34.958855 15.402912 106.304832
v -31.580402 9.127883 102.725128
v -22.797318 31.079159 -117.384689
v -25.717625 32.878288 -114.001907
v -22.405918 27.895832 -112.120995
v -20.158100 29.841444 -114.123901
v -22.497719 20.613949 -106.278366
v -25.834148 17.701019 -102.957809
v -23.155437 14.710298 -99.882507
v -19.689407 16.386822 -103.688675
v -23.326435 11.160606 -94.515381
v -26.183876 11.513960 -91.744812
v -23.474701 8.351313 -88.886719
v -20.242121 8.901932 -91.536041
v -22.866714 5.025056 -83.078430
v -24.970467 2.795310 -80.341576
v -22.624596 3.056564 -77.210838
v -19.659557 4.410594 -80.131912
v -22.804861 2.091334 -71.527405
v -25.320156 1.158094 -68.997574
v -22.658955 1.265691 -65.962250
v -19.895294 2.257450 -67.886139
v -22.739571 0.362295 -60.386726
v -25.578896 0.046541 -57.018864
v -22.565884 -0.598074 -54.792854
v -19.988350 0.100163 -57.339153
v -22.592110 -0.634766 -48.581741
v -25.625221 -0.112097 -45.623417
v -22.825274 -0.003004 -42.725563
v -19.576157 -0.210363 -45.343784
v -22.931496 0.262866 -37.203289
v -25.760303 0.248987 -34.292435
v -22.908415 0.227183 -31.432283
v -20.192360 0.358251 -34.242161
v -22.898296 0.183585 -25.709156
v -25.835052 0.131329 -22.831793
v -22.872169 0.165083 -19.941067
v -20.137726 0.219962 -22.894701
v -22.973709 0.202058 -14.399399
v -25.842039 0.222008 -11.576635
v -22.923439 0.237050 -8.741924
v -20.252869 0.269326 -11.762304
v -22.726419 0.197091 -2.923814
v -25.654728 0.181187 -0.067748
v -22.839897 0.194428 2.842427
v -19.858789 0.190724 -0.224933
v -22.831142 0.217062 8.598566
v -25.596075 0.261158 11.263631
v -23.001841 0.179358 14.208655
v -20.046238 0.156436 11.246668
v -23.311300 0.121136 19.801182
v -25.923548 0.181557 22.768307
v -23.207130 0.102513 25.528362
v -20.524612 0.075436 22.478149
v -22.711090 0.133675 31.367065
v -25.463989 0.194768 34.266281
v -23.245415 -0.022114 37.416519
v -19.670673 0.070122 34.272499
v -23.254765 0.124321 43.004700
v -25.792309 0.464372 45.822685
v -23.343433 0.277151 48.842422
v -19.931410 0.098957 45.726234
v -23.548798 0.552972 54.679077
v -25.527786 1.413741 56.994354
v -22.290241 1.446010 59.496101
v -20.103298 0.582370 57.361324
v -22.127003 2.103877 64.999954
v -25.587963 2.540125 68.428406
v -22.424486 2.760747 70.962906
v -19.952166 1.820432 68.570732
v -22.586718 3.288232 76.889877
v -25.656874 3.420853 80.001579
v -22.824654 3.137341 82.839920
v -19.931257 3.453889 79.413803
v -22.506908 2.156572 88.542198
v -25.294672 1.699460 91.389107
v -22.815456 1.832220 93.664124
v -18.993095 2.342325 91.543808
v -23.232281 3.405632 98.880417
v -25.527946 5.280556 101.824631
v -23.187717 8.012040 105.950897
v -19.624750 4.968653 102.920944
v -11.406694 17.748180 -116.942200
v -14.382903 23.199295 -114.223068
v -11.536525 19.231098 -110.556236
v -8.736335 16.073023 -114.373207
v -11.546484 16.580921 -105.946251
v -13.832367 14.376381 -105.020493
v -11.293108 11.279805 -101.039337
v -8.522307 12.165150 -103.986420
v -11.279658 8.596594 -94.223038
v -14.200632 7.757971 -91.418694
v -11.623274 7.274647 -88.614395
v -8.573405 7.086619 -91.505280
v -10.459635 6.485441 -81.959808
v -13.062416 5.803683 -79.168266
v -10.796320 4.663922 -76.724899
v -7.885765 5.034230 -79.582245
v -11.768018 2.585915 -71.634834
v -14.089585 2.537763 -67.515854
v -11.045884 2.020935 -64.982452
v -8.249238 1.604282 -68.377640
v -11.417786 1.385428 -59.354019
v -14.473927 0.648364 -56.915970
v -11.035851 0.574677 -54.294895
v -8.721505 1.101473 -57.016499
v -10.977509 0.375012 -48.688591
v -13.977163 0.174864 -45.525410
v -11.734112 0.541061 -42.771030
v -8.650835 0.727912 -45.700829
v -11.704120 0.426970 -37.019405
v -14.457151 0.363517 -34.194435
v -11.488750 0.195520 -31.452616
v -8.454738 0.198612 -34.697163
v -11.472703 0.137138 -25.759518
v -14.396589 0.210444 -22.877007
v -11.468738 0.204954 -20.088905
v -8.623226 0.158752 -22.795380
v -11.480495 0.257297 -14.445354
v -14.421951 0.275177 -11.642725
v -11.437490 0.246740 -8.632479
v -8.712826 0.244133 -11.354820
v -11.417846 0.222143 -2.974829
v -14.205248 0.211937 -0.265814
v -11.438980 0.217930 2.824368
v -8.484463 0.265028 0.089413
v -11.452971 0.173285 8.601671
v -14.415442 0.110369 11.226951
v -11.390238 0.145929 14.413031
v -8.596828 0.145388 11.406433
v -11.411504 0.102655 20.091137
v -14.605623 0.044317 22.544014
v -11.416739 0.073843 25.856541
v -8.720611 0.087866 22.915297
v -11.413761 -0.068151 31.620924
v -14.244745 -0.134153 34.264046
v -11.443426 -0.162401 36.902161
v -8.264191 -0.235624 34.273880
v -11.465096 -0.078407 42.372185
v -14.517799 -0.167759 45.599617
v -11.516262 0.048519 48.238167
v -8.786430 0.018803 45.315079
v -11.433092 0.331962 54.285873
v -14.401154 0.323277 57.445759
v -11.397121 0.701567 60.084160
v -7.589965 0.327221 57.594540
v -11.446269 1.050146 65.789551
v -14.462408 1.252051 68.856697
v -11.444265 1.526625 71.437744
v -8.607408 1.064426 68.708191
v -11.410113 2.404615 77.340660
v -14.245116 3.236012 79.675720
v -11.325552 3.909727 83.240341
v -8.572172 3.004000 80.323586
v -9.867338 5.462154 89.717957
v -12.166489 4.657645 92.581062
v -8.971161 6.846873 95.667381
v -7.517438 8.542244 91.434639
v -9.548125 7.953023 100.658379
v -12.958282 6.816712 103.732895
v -10.521185 9.000832 106.005066
v -7.957991 10.951696 103.223282
v 0.002874 9.832903 -117.272018
v -3.116518 12.183615 -114.249985
v 0.039646 11.626945 -110.974121
v 2.761159 11.525766 -113.960114
v 0.084581 10.703381 -105.535439
v -2.847597 10.002354 -103.034500
v -0.171061 8.538044 -99.654388
v 2.843134 10.686356 -102.978767
v -0.107197 7.973837 -93.414627
v -2.848281 7.042828 -91.129898
v 0.296289 6.535988 -88.000778
v 2.455871 8.291029 -90.662598
v 0.006253 3.443266 -82.858185
v -3.614316 2.686924 -80.718842
v 0.314850 1.270616 -77.229485
v 2.670806 1.226486 -80.569412
v 0.095530 0.293950 -70.669983
v -3.225410 0.358317 -68.044800
v -0.351708 0.468347 -65.384514
v 2.380721 0.061850 -68.238113
v -0.013625 1.046874 -60.128792
v -2.987693 1.069544 -57.056366
v -0.067474 1.101228 -54.205971
v 2.952094 1.295754 -57.042057
v 0.008408 1.169988 -48.581192
v -2.899482 0.964408 -45.722225
v -0.011220 0.813488 -42.964935
v 3.262785 1.135173 -45.658997
v -0.028918 0.498404 -37.115013
v -2.751075 0.234116 -34.620262
v -0.048430 0.272087 -31.262897
v 2.787555 0.315309 -34.384045
v 0.040991 0.181509 -25.650938
v -2.846191 0.162060 -22.799618
v 0.021646 0.163996 -19.965630
v 2.978797 0.116075 -23.036673
v 0.132525 0.190274 -14.375008
v -2.813153 0.221375 -11.411986
v -0.099893 0.196114 -8.603080
v 3.070076 0.198751 -11.606273
v -0.164512 0.214654 -2.713170
v -2.669054 0.285407 0.264507
v 0.094373 0.252720 3.027251
v 2.985746 0.239836 0.062055
v -0.047891 0.211833 8.711264
v -2.909694 0.169525 11.488236
v 0.074864 0.148762 14.240309
v 2.914418 0.178949 11.473299
v 0.021513 0.122154 19.963623
v -3.065561 0.128669 23.042309
v 0.127975 0.085039 25.776764
v 2.632123 0.159830 22.957253
v -0.341134 0.138353 31.211710
v -3.081227 0.000488 34.071453
v -0.491748 0.265316 36.956993
v 2.482960 0.242782 34.280685
v 0.345147 0.496538 43.073414
v -2.744903 0.402144 45.759052
v 0.941272 0.863132 49.029129
v 3.200594 1.007336 46.010059
v 0.855504 1.259474 54.578186
v -1.717376 0.823461 57.539867
v 0.422725 1.306721 59.866867
v 3.397173 1.595742 57.224312
v 0.359411 0.886953 65.516594
v -2.748986 0.792318 68.597862
v 0.156366 1.072058 71.211334
v 2.628936 1.265486 68.707321
v 0.272880 2.197422 76.309464
v -2.631388 2.979267 79.408463
v 0.336424 4.502497 81.938477
v 3.290814 2.708550 79.013062
v 0.352673 8.667285 87.770767
v -3.018618 11.129871 89.874191
v 0.452946 13.214108 93.464584
v 2.267793 9.770260 91.651001
v 0.210809 16.452389 99.755844
v -3.124344 15.671453 102.963097
v 0.035209 18.278183 105.687309
v 2.569571 18.229572 102.966370
v 11.194737 13.778322 -116.905228
v 8.543810 12.722948 -114.264206
v 11.384565 12.927500 -112.050491
v 14.466478 15.706530 -113.935287
v 11.416448 13.040886 -106.484673
v 8.612733 12.920488 -103.155731
v 11.544096 13.946809 -100.488480
v 14.349745 13.436447 -103.284683
v 11.891788 13.189534 -94.672844
v 8.509296 10.332092 -91.263687
v 11.532431 9.528045 -88.454094
v 14.774536 11.921543 -91.942047
v 11.178226 4.866957 -82.505997
v 8.660063 1.699185 -80.365005
v 11.443879 1.425445 -77.236481
v 14.117779 3.610130 -79.649139
v 11.023970 0.673804 -71.765884
v 8.169389 0.759572 -69.122612
v 11.122238 1.051911 -66.008194
v 13.663664 1.309535 -69.023560
v 11.431215 0.709093 -60.232147
v 8.711657 1.072130 -57.406239
v 11.606840 0.777845 -54.331402
v 14.170340 0.955959 -57.165226
v 11.483257 0.794161 -48.367310
v 8.822884 0.859106 -45.683861
v 11.174375 0.414919 -42.911484
v 14.064157 0.348904 -45.801991
v 11.070639 0.268552 -37.292816
v 8.261614 0.207959 -34.640167
v 11.176136 0.153740 -31.676285
v 14.017124 0.187871 -34.425720
v 11.686703 0.126855 -26.032482
v 8.874004 0.072418 -23.260952
v 11.693660 0.109509 -20.215687
v 14.592434 0.111542 -23.134056
v 11.431200 0.145891 -14.305603
v 8.591943 0.165198 -11.511089
v 11.340113 0.119423 -8.449865
v 14.218332 0.188573 -11.388414
v 11.402308 0.150856 -2.792094
v 8.634428 0.219177 -0.074901
v 11.473790 0.192416 2.904932
v 14.291017 0.185529 -0.020367
v 11.302505 0.226620 8.555476
v 8.534081 0.233381 11.302876
v 11.350109 0.267894 14.143604
v 14.155024 0.285660 11.215212
v 11.896254 0.187198 19.731813
v 8.851280 0.160173 22.651726
v 11.685797 0.212465 25.416035
v 14.662987 0.226661 22.758476
v 11.314838 0.259554 31.806250
v 8.800268 0.236900 34.930428
v 11.518801 0.537900 37.460739
v 14.288396 0.263062 34.773651
v 11.478116 1.034330 42.758587
v 8.640324 1.266662 45.841225
v 11.641748 1.577365 48.296967
v 14.475241 1.049506 45.655529
v 11.536793 2.327834 53.679295
v 8.817716 2.209194 56.888744
v 11.115484 2.954174 59.631489
v 14.177872 2.541094 56.785118
v 10.908572 3.061873 65.871857
v 7.905880 2.406407 68.962402
v 11.409363 2.335855 71.288559
v 13.872696 3.523121 68.879013
v 11.838743 2.118273 76.831818
v 8.880624 2.506524 79.713257
v 11.058611 2.634053 83.147446
v 14.368349 2.693724 80.328949
v 10.788166 4.189994 88.946518
v 7.570908 6.959387 92.317993
v 11.538322 7.678168 94.208900
v 14.083875 4.406542 91.602715
v 11.072392 13.477638 100.229156
v 7.648893 17.979889 103.362350
v 10.293103 22.014112 106.531548
v 13.685429 15.637356 103.229828
v 23.440281 25.892132 -115.931671
v 20.065527 20.120850 -113.735313
v 22.967476 19.557590 -111.393631
v 25.621361 22.969130 -114.387115
v 23.048540 15.716606 -105.587433
v 19.997974 13.896397 -102.844315
v 22.905359 13.514641 -99.899689
v 25.643269 15.319654 -102.800949
v 22.851215 10.997629 -94.345200
v 20.020931 10.621758 -91.762817
v 22.907835 8.244510 -88.205276
v 25.635227 8.930118 -91.769852
v 22.969749 5.605268 -82.462692
v 19.780293 4.332190 -79.675430
v 22.866081 3.054275 -77.280220
v 25.742668 3.260794 -80.353828
v 22.982082 1.697226 -71.472900
v 19.862083 1.426188 -68.713120
v 23.012451 1.289477 -65.850380
v 25.897808 1.650390 -68.523071
v 22.868496 1.393036 -59.914471
v 19.915829 1.518990 -56.694920
v 22.831459 1.181566 -53.997269
v 25.617470 1.318420 -57.046860
v 22.804817 0.454343 -48.652718
v 19.906588 0.168396 -45.951225
v 22.754860 0.020051 -43.071945
v 25.696545 -0.075117 -46.494343
v 22.610943 -0.012392 -36.989807
v 19.819374 0.121287 -34.111481
v 22.676798 0.102533 -31.264891
v 25.458397 0.126843 -34.289288
v 22.904406 0.214022 -25.738911
v 20.111725 0.183332 -22.937641
v 22.943405 0.238241 -19.908699
v 25.679968 0.173458 -22.812641
v 22.838707 0.184945 -14.270079
v 19.895384 0.170685 -11.463461
v 23.030704 0.189915 -8.612658
v 25.447891 0.076427 -11.819962
v 23.060535 0.197584 -2.776379
v 19.935705 0.143877 0.083094
v 23.031408 0.208803 2.567148
v 25.774626 0.155126 -0.040245
v 23.297596 0.285902 8.060894
v 20.237186 0.286902 11.161873
v 23.235912 0.290419 14.087249
v 26.398647 0.307663 11.094450
v 22.983608 0.259773 19.987888
v 19.946699 0.277953 23.017569
v 22.766840 0.212852 25.717514
v 26.121712 0.308070 22.721823
v 22.806210 0.303568 31.393696
v 19.982433 0.357982 34.318710
v 22.808294 0.406078 37.114773
v 25.716391 0.403462 34.328438
v 22.847935 0.699247 42.847141
v 20.249603 0.941164 45.635109
v 23.030100 1.249268 48.307121
v 25.704891 1.211129 45.673977
v 23.276024 2.140701 53.255585
v 20.303116 2.573715 56.330837
v 23.269169 3.223608 59.027233
v 25.914938 2.749995 56.557709
v 23.085476 4.265111 65.694023
v 20.021160 4.489546 68.851151
v 22.897865 4.562376 71.781433
v 25.851974 4.739278 68.646469
v 22.955505 3.643370 77.060898
v 20.145073 2.958724 80.037300
v 22.947971 2.864679 82.614792
v 26.826084 3.652167 79.204926
v 22.488466 3.297324 88.243744
v 19.671539 3.548247 91.140945
v 22.655735 5.061038 94.215271
v 25.571821 4.656813 91.137421
v 22.928757 9.355419 100.240280
v 20.012045 13.273973 102.772804
v 22.745647 15.993336 105.980644
v 25.706017 12.002869 102.681404
v 35.171394 25.025597 -116.570618
v 32.292534 24.061737 -113.730606
v 35.124165 21.625015 -110.858864
v 38.012291 22.997398 -113.621109
v 33.982536 18.088879 -105.461617
v 31.091755 16.717110 -102.553383
v 33.868866 16.145111 -99.689682
v 37.211964 19.099472 -103.201172
v 34.331306 12.899473 -94.615860
v 31.600292 9.598944 -92.002960
v 34.636406 8.207316 -89.218185
v 37.300064 12.505351 -91.832230
v 34.226990 4.544849 -82.415756
v 31.236408 2.906394 -79.527107
v 34.000370 2.453078 -76.682487
v 36.820808 3.428423 -78.993027
v 34.280319 1.512171 -71.575287
v 31.555500 1.712133 -68.396469
v 34.543205 1.330443 -65.515396
v 37.307022 1.398062 -68.103958
v 34.777245 1.145705 -59.714226
v 31.653152 1.091866 -57.054996
v 34.593735 0.799981 -54.104900
v 37.442535 0.663563 -56.969078
v 34.285454 0.298410 -48.671425
v 31.450588 -0.076019 -46.413559
v 34.283279 0.114329 -42.967075
v 37.187729 0.316380 -45.858028
v 34.256752 0.168839 -37.144203
v 31.329826 0.212893 -34.467770
v 34.172321 0.227993 -31.487341
v 37.225704 0.156769 -34.243614
v 34.207520 0.234419 -25.762470
v 31.358988 0.154446 -22.792231
v 34.286003 0.193193 -20.001846
v 37.041851 0.311339 -22.842756
v 34.271919 0.147378 -14.304512
v 31.217529 0.064897 -11.740839
v 34.282860 0.083951 -8.556641
v 37.154434 0.106459 -11.458809
v 34.323715 0.092361 -2.891102
v 31.555288 0.144336 -0.131862
v 34.361725 0.139953 2.754530
v 36.976536 0.137406 -0.115235
v 34.311398 0.139236 8.533394
v 31.862793 0.219058 11.287951
v 34.146851 0.086001 14.353712
v 37.145298 0.093604 11.435852
v 34.227047 0.162371 19.955050
v 31.918358 0.326480 22.616022
v 34.331142 0.339077 25.689613
v 37.223549 0.211548 22.858017
v 34.264641 0.724954 31.524693
v 31.407166 0.717033 34.381535
v 34.274948 1.430849 37.160049
v 37.168900 1.315147 34.355492
v 34.229340 2.072346 42.788960
v 31.310413 1.873028 45.623615
v 34.262817 2.753320 48.477150
v 37.353203 2.578284 45.117393
v 33.929764 3.078642 55.317978
v 30.941486 2.845783 58.399708
v 34.052071 4.404688 60.167751
v 36.710251 4.734961 57.419331
v 34.364746 5.987760 64.420029
v 31.374889 5.376635 68.073959
v 34.021263 6.305758 70.909584
v 37.066700 7.012225 68.219589
v 34.782921 6.908057 77.036026
v 33.053017 5.810829 79.479401
v 34.600601 7.554595 82.917175
v 37.932762 8.934389 80.097443
v 34.457863 8.213596 88.568367
v 32.115524 7.041831 91.434128
v 34.777962 8.851473 94.226608
v 38.313103 10.932201 91.066315
v 34.297836 9.807752 99.750458
v 31.496567 11.049786 102.476959
v 34.058529 11.123066 106.131531
v 37.346062 11.026747 102.583931
v 45.732162 23.774853 -117.180832
v 43.011383 21.631468 -114.356064
v 46.111656 19.964586 -111.735413
v 48.423477 21.931042 -114.110413
v 45.981396 18.479435 -105.711510
v 43.222420 19.784525 -103.309479
v 45.724945 18.394665 -99.956711
v 48.475647 18.325630 -102.787048
v 45.673897 16.691492 -94.384628
v 42.797039 14.732870 -91.442261
v 45.604012 12.623712 -88.438187
v 48.298729 15.193621 -91.668251
v 45.811378 7.191825 -83.343018
v 42.934563 3.886523 -80.310318
v 45.695496 3.227830 -77.151062
v 48.770737 4.446570 -80.690002
v 45.284073 1.893259 -70.204239
v 42.729404 1.462498 -67.581627
v 45.387894 1.296610 -64.735909
v 48.344513 1.478636 -67.964195
v 45.595104 0.639141 -59.575241
v 42.838089 0.255268 -57.087246
v 45.724140 0.295422 -54.194859
v 48.391220 0.637281 -56.634926
v 45.678169 0.133029 -48.479042
v 42.845589 0.247263 -45.693851
v 45.583820 0.003695 -42.710377
v 48.481056 0.157129 -45.719227
v 45.635479 0.224237 -37.029015
v 42.961754 0.253683 -34.220947
v 45.587601 0.559874 -31.511065
v 48.547596 0.418079 -34.296398
v 45.636604 0.612522 -25.803810
v 42.791710 0.454476 -22.837708
v 46.067753 0.367054 -20.061384
v 48.596931 0.677959 -22.846561
v 46.658730 0.150170 -14.515606
v 43.509350 0.078527 -11.605315
v 46.583389 0.226216 -8.714993
v 49.234978 0.712873 -11.579676
v 45.844307 0.546543 -2.858380
v 42.551506 0.421391 -0.070667
v 46.298210 0.582955 2.820229
v 48.398048 1.696337 -0.034727
v 47.049171 0.298635 8.349744
v 43.521557 0.093985 11.231071
v 45.677757 0.425834 14.235638
v 49.414051 1.019268 11.104486
v 45.134018 0.528205 20.223244
v 42.975876 0.237930 23.039507
v 45.794727 0.794425 25.759964
v 48.227905 1.168698 22.952736
v 45.862324 1.753179 31.691874
v 43.055321 1.914406 34.633812
v 46.041542 3.074474 37.410721
v 48.685455 2.872896 34.365910
v 45.867195 4.866632 42.835068
v 43.110886 4.328204 45.191151
v 45.347988 6.612072 48.522903
v 48.493004 7.092214 45.750652
v 45.177067 8.174732 53.892906
v 42.630062 7.722219 56.022263
v 45.568661 9.098031 60.524677
v 48.277168 10.272589 56.663071
v 45.610413 9.400183 67.045006
v 42.715591 8.718565 69.090569
v 45.465263 10.554482 72.228035
v 48.640694 10.839180 68.705734
v 45.548523 14.202641 78.177521
v 42.903252 13.686588 80.791458
v 46.010452 18.299686 83.923019
v 48.045319 20.676613 81.526230
v 46.286407 19.116238 88.800705
v 43.702286 15.841949 90.986816
v 46.063580 17.963591 94.037750
v 48.655769 22.385618 91.191368
v 45.324608 16.097193 100.268570
v 42.476402 13.113816 103.211418
v 45.200546 14.625488 106.099503
v 48.157936 18.669334 102.736824
v 56.250397 23.299328 -115.456207
v 53.530983 21.888983 -113.303879
v 56.913719 19.145903 -110.911942
v 59.707153 20.218395 -113.979294
v 57.434425 16.195583 -105.806412
v 54.234116 16.818403 -102.898880
v 57.269413 14.735885 -99.938721
v 59.774181 15.015642 -102.828415
v 56.955505 13.278099 -94.309479
v 53.794338 13.931780 -91.722939
v 56.875885 10.333046 -88.578659
v 59.521557 11.596558 -91.471573
v 57.100399 6.236073 -82.777435
v 54.283497 4.519643 -80.038635
v 57.099068 3.550719 -76.986984
v 60.085407 4.274460 -80.540939
v 56.976913 2.290992 -70.979675
v 54.146542 1.626552 -68.252342
v 56.827080 1.563023 -65.073990
v 58.974518 2.352082 -67.464279
v 56.882294 0.904111 -59.565979
v 54.041252 0.783754 -56.575729
v 57.169670 0.217917 -54.231625
v 59.684006 0.794477 -56.877689
v 57.003716 0.212939 -48.704903
v 54.011108 0.461017 -45.849129
v 57.027901 0.344251 -42.846764
v 59.733467 0.665719 -45.791042
v 57.203964 0.422244 -37.104675
v 54.202057 0.579419 -34.365574
v 57.201550 0.593450 -31.283674
v 59.738213 1.094240 -34.387436
v 57.250175 0.816437 -25.531391
v 54.251007 1.009637 -22.870708
v 57.084877 1.378871 -20.020834
v 59.937607 1.288102 -22.929356
v 56.989758 2.172139 -14.325401
v 54.202965 2.054704 -11.454166
v 57.064968 2.967618 -8.488875
v 59.949043 2.712803 -11.436077
v 57.201103 3.746618 -2.652884
v 54.241249 3.496841 0.070161
v 57.266541 4.284901 2.931178
v 60.018707 4.735128 0.150419
v 57.333138 4.339090 8.400901
v 54.572891 3.158281 11.149581
v 57.090191 4.333628 14.305454
v 60.075279 5.291918 11.147234
v 57.036808 4.002256 20.157265
v 53.877106 2.873970 22.862034
v 57.379364 3.755799 25.865669
v 60.160049 5.103492 22.804794
v 57.339027 4.406355 31.611984
v 54.226723 4.269969 34.089611
v 57.122749 5.922935 37.117416
v 59.987617 5.988745 34.305283
v 57.236191 7.986923 42.864525
v 54.322060 8.761118 45.797115
v 57.196106 10.534544 48.603706
v 60.226173 9.665321 45.843582
v 57.064186 12.513803 54.260128
v 54.145226 12.358091 56.995953
v 57.132042 13.066784 60.021561
v 59.658791 13.605066 57.039936
v 57.137009 12.798010 65.763428
v 54.471966 12.353757 68.260155
v 57.139427 13.311914 71.415047
v 59.618591 13.336452 68.541809
v 57.198227 19.519461 77.022812
v 53.852135 24.750576 80.738922
v 56.932854 29.980675 83.033684
v 59.885967 24.023384 79.029762
v 56.660042 35.442917 88.852699
v 53.913815 31.105274 91.345398
v 57.348465 35.066441 94.657890
v 59.690556 38.672043 91.483093
v 57.535801 32.097801 100.283775
v 54.342293 26.286747 102.285912
v 57.047245 26.059265 105.680580
v 59.851707 31.194239 102.824814
v -114.193283 20.912188 -117.198891
v -117.412140 19.576309 -113.856049
v -113.970306 22.036224 -111.177910
v -111.055328 22.709528 -114.073090
v -113.703362 23.139647 -105.623634
v -116.408913 19.392590 -102.542763
v -113.316498 25.088524 -99.320312
v -111.323853 28.096148 -102.683289
v -112.883408 25.483923 -93.330177
v -116.770561 21.777073 -91.156631
v -114.149651 25.201540 -88.446350
v -110.809509 28.503012 -91.514694
v -114.797073 23.502640 -83.096115
v -116.732536 20.337410 -79.704254
v -114.486282 21.117619 -77.125610
v -112.165848 21.089542 -80.188980
v -114.336731 19.250103 -71.105583
v -117.012253 18.318260 -69.002525
v -114.175262 16.750633 -66.120453
v -111.302460 17.638163 -68.000420
v -114.156311 14.015119 -60.624245
v -117.231613 13.625255 -56.651947
v -114.232254 12.731531 -54.044262
v -111.453827 12.661413 -56.922340
v -114.370209 13.721252 -48.383598
v -117.186508 16.238522 -45.738899
v -114.250137 18.547962 -42.945442
v -111.717140 13.445080 -45.895416
v -114.282867 24.177719 -37.035561
v -117.147980 26.622915 -34.198959
v -114.483948 28.776739 -31.284220
v -111.652023 25.936953 -34.082626
v -114.336975 32.904167 -25.757935
v -116.560326 30.423500 -22.698170
v -114.331024 34.341213 -20.015305
v -111.571655 36.490372 -22.768448
v -114.288513 32.806892 -14.243481
v -117.142761 29.858782 -11.391111
v -114.476013 29.194109 -8.586198
v -111.485420 32.113663 -11.454319
v -113.736740 24.510155 -3.130804
v -116.706856 21.356613 -0.168986
v -113.551895 20.738096 2.648323
v -110.727051 21.635466 -0.161970
v -114.173538 21.253054 8.331357
v -117.058060 22.540638 11.218889
v -114.244972 23.495287 13.995684
v -111.312630 23.606503 11.141255
v -114.527870 22.164722 19.809986
v -117.530891 21.085121 22.567514
v -115.106018 17.823441 25.601463
v -111.786011 19.745256 22.148718
v -114.931038 16.281511 31.448244
v -117.211853 18.600561 34.352661
v -114.939049 17.703348 37.492432
v -111.912094 14.981836 34.630577
v -115.772064 17.504147 43.224014
v -116.274597 20.972137 45.613796
v -114.461609 16.089205 48.643166
v -112.061028 14.678224 45.731384
v -113.365173 15.108388 54.391956
v -115.987656 17.721828 57.566967
v -114.085693 14.697388 59.961365
v -111.495338 12.933345 57.478859
v -114.398979 13.698868 65.609718
v -117.554642 13.295636 68.231415
v -113.684227 13.524944 71.319672
v -111.436096 12.972363 68.695465
v -113.185509 14.858526 76.785812
v -117.139938 16.232244 79.940323
v -113.418854 16.757107 82.767235
v -110.846252 15.086225 79.665573
v -114.153931 16.045437 88.060661
v -117.438995 14.347445 90.575371
v -114.204155 14.700960 93.702560
v -111.349411 15.793504 91.035568
v -113.351707 15.646248 99.737778
v -117.404404 16.711967 103.220161
v -114.653175 16.154224 105.578758
v -110.983299 15.054525 102.490356
v 68.368668 20.005732 -116.955612
v 65.854675 19.430443 -114.587616
v 68.833633 18.287529 -111.444168
v 71.390190 21.253975 -114.638672
v 68.267776 15.543732 -105.530312
v 64.835144 14.434211 -102.628403
v 68.395699 11.727235 -99.820496
v 70.954979 14.471074 -102.801918
v 69.150299 8.711482 -94.403435
v 65.651031 9.457160 -91.483742
v 68.813354 7.844654 -88.840698
v 71.659561 9.155849 -91.362953
v 68.676407 6.110959 -83.231064
v 65.853424 4.498340 -80.744698
v 68.496384 4.096709 -77.198853
v 71.578690 5.264489 -80.482033
v 69.214127 2.962051 -71.408073
v 65.582428 2.701032 -67.884567
v 69.184166 2.772425 -65.777725
v 72.224472 3.573509 -68.664864
v 67.768837 2.740032 -59.627098
v 64.821373 1.769945 -56.655369
v 67.397430 2.410788 -53.745277
v 71.478027 3.374561 -57.304062
v 68.203049 2.440683 -48.385445
v 65.842407 1.676060 -45.735607
v 68.686920 2.923126 -42.872288
v 71.396851 4.717122 -45.593681
v 68.653091 2.811824 -37.146179
v 65.637253 1.915285 -34.347980
v 68.768097 1.926770 -31.397341
v 71.441078 4.316538 -34.258053
v 68.615868 1.576543 -25.696959
v 65.635796 1.535933 -22.941801
v 68.523972 1.929580 -20.024258
v 71.331764 1.942561 -22.913956
v 69.040848 2.516781 -14.106508
v 66.259224 2.754566 -11.226206
v 69.466537 3.558330 -8.250001
v 72.458305 2.970566 -11.025437
v 69.034729 4.935902 -2.695399
v 65.760948 5.375463 0.078901
v 68.607590 5.899453 2.959170
v 71.662735 5.580044 -0.044612
v 68.629974 6.994557 8.951834
v 65.773300 6.973168 11.598658
v 68.583405 8.396560 14.646834
v 71.476700 7.564921 11.766264
v 68.296143 9.399065 19.998333
v 65.624191 8.118620 22.755905
v 68.868652 9.375896 25.816347
v 71.229111 9.965202 22.821911
v 69.113594 8.987867 31.609798
v 65.737038 7.965289 34.303532
v 68.779198 9.342254 37.242767
v 71.521851 9.608929 34.324474
v 67.907028 10.543360 42.488640
v 64.989990 10.778982 45.340595
v 67.331284 12.436979 47.963966
v 70.609406 12.041734 45.307842
v 67.836380 14.049473 54.078556
v 65.059624 14.351963 56.995117
v 68.326317 14.604359 59.957855
v 70.909302 15.022857 57.041229
v 68.689285 14.983326 65.734787
v 65.377426 14.731091 68.532059
v 68.967972 16.703556 71.605545
v 71.095261 16.720974 68.415993
v 68.556854 21.713326 77.033333
v 65.174896 24.220245 78.840042
v 68.111313 28.892422 82.528061
v 71.220612 25.323877 79.780586
v 68.489365 34.293282 88.523506
v 65.630348 38.795788 91.469788
v 68.287811 36.288353 94.275093
v 71.473526 33.851852 91.447266
v 68.356728 33.613178 100.010910
v 65.673080 31.623184 102.921448
v 69.250984 27.033089 106.217712
v 71.482895 29.017874 102.887512
v 91.321198 32.407875 -117.477844
v 88.740631 30.322031 -114.035927
v 91.180084 30.273275 -111.245804
v 94.318634 31.688431 -114.082565
v 91.261658 24.806202 -106.243546
v 88.710342 19.784700 -104.059914
v 91.473145 18.535236 -100.940369
v 94.352768 21.529453 -103.960587
v 91.360306 13.679278 -94.563522
v 88.673340 10.563602 -91.292809
v 91.923691 11.845388 -88.392044
v 94.313133 12.891686 -91.899033
v 91.826904 10.562225 -82.641510
v 88.205566 8.287804 -79.895355
v 91.640228 9.295698 -77.063766
v 94.174042 10.080587 -79.953690
v 91.736473 8.946259 -71.380997
v 88.643112 8.021914 -68.452942
v 91.624367 9.214844 -65.778671
v 94.371826 8.486460 -68.520935
v 92.792877 12.377659 -59.784340
v 90.078613 12.270535 -56.787643
v 94.262970 17.102795 -54.082626
v 96.759460 16.057812 -56.698715
v 94.178284 21.876728 -48.910362
v 90.678612 21.505068 -45.989964
v 93.747620 24.470968 -43.869961
v 97.124008 27.053032 -46.719231
v 92.817886 23.425827 -38.630966
v 88.915939 19.373718 -35.272308
v 91.920853 18.392622 -32.415485
v 95.366875 24.350540 -35.938919
v 91.515839 12.367569 -25.994625
v 89.329025 7.332490 -22.407738
v 90.565758 8.748819 -19.872314
v 94.279022 11.708607 -23.139580
v 90.480331 7.151590 -14.144606
v 87.915787 5.942959 -11.364776
v 90.736900 7.432049 -8.575393
v 93.553207 7.947140 -11.744528
v 90.412033 9.950928 -2.691240
v 87.908966 9.695953 0.174539
v 89.993423 12.472494 3.033937
v 91.627731 15.133200 0.145312
v 91.004128 12.595623 8.564449
v 89.391693 9.919604 11.241242
v 92.073013 11.566299 14.282921
v 93.781487 14.486750 11.454678
v 91.805344 11.404151 20.043694
v 88.889832 10.168823 23.006058
v 91.799355 12.124647 25.713573
v 94.363731 14.031265 22.923904
v 91.713379 13.393637 31.415873
v 88.083984 12.761133 34.543774
v 92.114639 15.282265 37.325344
v 94.466949 16.327665 34.529240
v 92.381821 17.920170 43.210552
v 89.124695 17.273659 46.358547
v 91.422745 20.819180 48.640709
v 94.306160 22.429747 45.770100
v 91.826469 22.355585 54.169662
v 89.316422 20.888704 57.179779
v 92.233749 22.069971 59.711555
v 93.983017 25.033024 57.445557
v 91.557846 21.223639 65.428650
v 88.563278 20.501709 68.540726
v 91.051773 20.337931 71.469345
v 94.348999 21.144455 68.840759
v 91.741241 20.621243 76.661667
v 89.643570 21.972713 79.207687
v 92.074608 21.627941 82.378792
v 95.413116 20.923462 78.868744
v 91.210144 22.188272 88.577667
v 88.486824 22.567179 91.191284
v 91.891937 21.729549 93.826401
v 93.940353 23.010517 91.158203
v 91.544754 20.007374 99.976509
v 87.972488 18.695137 103.038742
v 91.205688 17.276302 106.191391
v 94.016594 20.652950 103.140915
v 114.427811 22.089260 -117.035301
v 111.237114 23.380566 -114.282921
v 113.696960 22.204071 -111.259331
v 116.909943 22.801075 -114.104736
v 114.287857 21.128910 -105.899223
v 111.765854 21.103397 -103.134857
v 115.145386 20.468891 -101.105904
v 118.186661 20.793688 -103.686150
v 114.607185 21.413376 -94.912369
v 111.299133 21.997746 -91.317551
v 113.714340 22.516769 -88.531509
v 116.549042 22.293213 -90.889175
v 112.979767 22.489948 -83.684982
v 110.481712 21.592196 -80.706436
v 112.157913 23.207764 -78.118378
v 115.394432 22.910538 -81.441147
v 113.217590 23.351665 -71.690277
v 111.074554 20.940338 -68.546211
v 114.933029 21.703182 -65.455284
v 117.480225 23.902317 -68.606262
v 115.058838 21.085756 -59.882725
v 112.066261 20.660866 -57.573761
v 114.685547 21.674156 -54.376297
v 117.438438 21.671085 -57.261787
v 114.966934 22.280329 -48.405685
v 112.969986 23.679276 -45.796658
v 115.318985 22.953571 -42.785362
v 118.209412 21.501091 -45.165512
v 114.646286 22.370480 -37.202000
v 111.702667 23.310684 -34.931068
v 114.113045 20.650166 -31.467079
v 116.737015 20.520164 -34.070847
v 114.394028 18.916672 -25.688030
v 111.305679 17.698627 -22.983629
v 114.279762 17.548876 -20.074768
v 116.614799 17.691456 -23.134829
v 113.674316 17.544828 -14.492968
v 110.110031 17.815313 -11.448281
v 112.884415 20.539055 -8.343223
v 116.335892 17.316116 -11.674129
v 112.506615 22.635883 -2.479336
v 108.557808 23.419933 0.076941
v 112.185043 23.494637 3.147756
v 116.230804 21.950069 0.173121
v 112.514931 22.937527 8.868209
v 110.067322 21.305702 11.650045
v 113.604362 20.298445 14.473948
v 116.237289 21.723108 11.860248
v 113.859001 19.777420 20.074570
v 111.159706 18.734325 22.822315
v 114.456482 20.757793 25.887339
v 117.400909 21.527866 22.950539
v 115.062241 22.287209 31.877346
v 111.774200 22.407705 34.873863
v 114.654999 24.614693 37.409180
v 117.516701 24.746464 34.540878
v 114.175697 26.410202 43.089737
v 111.471046 28.003096 45.412910
v 113.847794 27.398716 48.964188
v 117.009705 26.424019 46.044147
v 113.561691 28.000811 54.520588
v 110.390533 28.301727 57.150818
v 113.884018 27.974895 60.453423
v 116.310463 26.672514 57.339424
v 114.300049 25.905956 66.075317
v 111.752335 23.254530 67.589958
v 114.219444 22.461515 71.430893
v 117.321609 23.927740 68.388229
v 114.134308 20.320227 77.156525
v 111.775253 18.103050 80.692726
v 114.079689 20.500010 82.113808
v 116.588776 20.811483 79.924332
v 114.091652 22.041475 87.922852
v 111.337677 23.562183 91.615524
v 114.437866 24.035831 94.247406
v 116.582573 20.923950 91.926132
v 114.201019 25.383327 99.911316
v 111.007202 26.487988 102.841019
v 115.094284 25.563921 105.815125
v 116.596725 22.264999 102.896790
v 102.582901 28.870975 -117.343132
v 99.927040 29.266958 -113.981133
v 102.560844 25.602337 -111.457298
v 105.671219 25.565865 -114.178864
v 102.743034 23.044064 -105.350815
v 100.061783 22.016781 -102.754929
v 102.876030 21.473911 -99.183922
v 105.791245 21.805584 -102.284424
v 102.958221 19.378712 -94.281372
v 100.217178 16.139771 -92.167694
v 103.431992 17.285496 -88.965355
v 105.944931 19.660250 -91.758110
v 104.110718 16.019484 -82.785927
v 100.853607 13.345823 -79.793449
v 103.364037 15.240399 -76.992126
v 106.540802 18.015509 -79.814102
v 101.830048 14.135180 -71.612717
v 99.421158 10.995916 -68.664062
v 102.508804 14.407961 -65.837585
v 104.539978 16.114531 -68.702568
v 103.910263 16.889629 -60.096813
v 102.041733 17.886124 -57.095394
v 105.391235 20.209007 -54.348843
v 106.807327 18.934151 -57.561901
v 106.693138 24.770267 -49.298409
v 103.792862 28.668673 -47.237743
v 105.992340 29.440525 -44.512390
v 108.731575 25.907652 -46.704975
v 104.508545 30.186607 -38.905556
v 101.481667 27.757404 -36.089592
v 104.067467 24.952000 -32.934547
v 106.653168 26.868235 -35.815914
v 104.533340 18.495480 -26.609032
v 101.264694 14.684006 -23.385593
v 103.673447 14.341379 -20.358101
v 106.441055 16.533154 -23.322004
v 102.013870 13.022864 -14.793322
v 98.964722 11.201254 -12.153470
v 100.747253 14.988621 -9.257171
v 104.191284 15.335371 -11.803677
v 98.733627 20.703356 -3.242763
v 95.350479 21.583170 -0.133375
v 98.272980 23.303734 2.834835
v 101.003227 24.557898 -0.127933
v 99.959595 21.610044 8.748467
v 98.180145 19.119902 11.559111
v 101.840569 20.141478 14.495388
v 103.869461 21.307087 11.638350
v 102.792648 18.346046 20.134014
v 99.982140 17.031136 22.906191
v 102.509666 17.680401 25.827282
v 105.659294 17.461304 22.848623
v 102.265511 19.155848 31.943962
v 99.927170 19.533993 34.925903
v 102.694885 23.221756 37.019386
v 105.423874 21.080715 35.026840
v 102.802559 27.033907 42.216484
v 99.606888 26.810318 45.478653
v 102.359390 29.047194 48.384918
v 105.707687 28.692747 45.082432
v 102.084335 30.306654 54.572773
v 98.604958 29.136650 57.813011
v 102.171165 28.658543 60.278015
v 104.638222 29.648745 57.451794
v 102.615608 24.249058 65.483986
v 100.091278 21.684931 68.697083
v 102.887032 20.750511 71.540588
v 106.028427 22.261002 67.475006
v 102.992508 19.531597 76.824776
v 100.571411 19.961712 78.816940
v 102.977516 20.414368 82.182220
v 106.241959 18.031898 80.136337
v 102.948624 22.783491 89.152283
v 99.934219 23.857563 91.877579
v 103.360657 25.227509 95.312950
v 105.763535 24.318687 92.220154
v 102.451736 26.526001 100.587677
v 99.448715 24.520664 102.984909
v 102.334305 25.670584 105.844154
v 104.761002 27.195488 103.056473
v 80.020744 23.870003 -117.045532
v 77.037125 24.063602 -114.826843
v 79.885941 24.194477 -111.626312
v 82.929855 27.013035 -114.248352
v 79.947235 19.643875 -106.028618
v 77.229065 15.473896 -103.306244
v 79.938934 14.034054 -100.396881
v 82.879288 17.392176 -103.676910
v 79.949829 10.533546 -94.392921
v 77.189934 9.673917 -91.280380
v 79.781822 8.526364 -88.773224
v 82.966019 9.526526 -91.282700
v 79.783844 7.480806 -83.084930
v 77.248032 6.470693 -80.320801
v 80.156960 6.806530 -77.224396
v 82.597054 7.488333 -79.947495
v 80.170319 6.289197 -71.491653
v 77.189430 5.397038 -68.561676
v 79.993134 6.406705 -65.695587
v 82.951706 7.054549 -68.455109
v 80.075027 6.926849 -60.107979
v 77.940216 5.750626 -57.763885
v 80.510117 8.190096 -54.752243
v 83.300598 8.660500 -57.196533
v 80.903641 10.807916 -48.938438
v 77.446945 9.681112 -45.599533
v 80.623535 13.005480 -42.689632
v 84.378815 15.738921 -45.757313
v 80.003494 12.032973 -36.932655
v 76.904961 8.419325 -34.233036
v 79.544861 8.587610 -31.601313
v 82.925835 13.680208 -34.521671
v 79.962494 4.670791 -25.721359
v 77.365509 2.478756 -22.709370
v 80.197769 2.819581 -19.847916
v 84.161560 3.747214 -22.198009
v 79.882187 3.391671 -14.315058
v 77.659584 3.491650 -11.205743
v 79.981010 4.456779 -8.568634
v 82.518158 4.527002 -11.349900
v 80.001427 5.616962 -2.849015
v 77.316238 5.883739 -0.059900
v 79.932556 6.333306 2.898393
v 82.856621 6.921300 0.024881
v 79.774582 6.849072 8.715607
v 76.949844 7.289278 11.575525
v 80.073502 7.417251 14.472694
v 83.170670 7.537589 11.378286
v 79.858971 8.640810 19.666283
v 76.774994 9.910612 22.473263
v 79.586472 9.828414 25.291916
v 82.721939 9.172516 22.575914
v 80.067612 10.005468 31.353357
v 77.303925 10.119421 34.243816
v 80.063751 10.397784 37.238834
v 82.483200 10.672890 34.472775
v 79.942093 12.336021 42.353531
v 77.141983 13.289358 45.096008
v 79.897949 14.920021 47.753876
v 83.135078 14.485748 45.517036
v 79.827438 16.485607 54.080692
v 76.866280 16.223572 57.041626
v 79.973007 17.223791 60.008209
v 82.852570 18.129974 57.136131
v 79.944305 18.356121 65.621902
v 76.660568 18.675053 68.253151
v 79.686119 20.571342 71.055450
v 82.746628 19.721642 68.393677
v 79.789215 22.839733 76.922905
v 77.300125 24.536575 80.057411
v 79.924255 24.702934 82.871399
v 83.240540 23.177725 79.735771
v 79.969299 25.323059 88.414627
v 77.220032 28.283819 91.271881
v 79.931290 24.999241 94.031219
v 82.993309 23.831985 91.063721
v 80.320892 23.716446 100.037285
v 77.550079 24.842216 102.982376
v 80.163025 21.332861 105.966293
v 83.215744 20.399326 102.767136
v 82.474701 17.663025 111.946053
v 76.800652 21.086596 111.784081
v 77.017822 21.666389 116.860847
v 82.557579 20.093834 117.785568
v 105.755920 25.486126 111.596611
v 100.336273 21.967237 111.373116
v 100.332970 21.352083 117.357803
v 105.859848 23.744108 117.258034
v 117.422882 22.037291 111.425896
v 111.827095 25.808167 111.663994
v 111.220825 24.226713 117.163841
v 115.808792 21.853886 116.660538
v 94.850502 17.929798 111.751122
v 88.735611 15.725733 112.000923
v 88.508057 18.868958 118.030365
v 94.563751 19.413177 117.732544
v 71.659332 22.350103 111.742920
v 66.281517 22.063683 111.768600
v 65.284813 20.320265 116.870560
v 71.406532 21.576294 116.696457
v -112.223640 14.840980 111.453804
v -117.707840 20.095064 111.419197
v -116.505516 18.824884 116.631866
v -111.359421 14.236837 117.159912
v 60.243725 20.934734 111.552025
v 54.343231 18.558563 111.298729
v 54.184250 14.647557 117.290855
v 59.523865 18.026426 116.856857
v 48.655746 15.495045 111.264969
v 42.853226 13.222669 111.596550
v 42.231834 14.505045 117.943771
v 48.039192 13.172940 117.774391
v 37.010277 13.018407 111.783272
v 31.209551 15.002295 111.909752
v 31.462307 17.998278 116.775642
v 37.038486 16.301672 117.301231
v 25.466816 18.924080 112.069313
v 19.512388 24.157578 112.229401
v 19.781467 26.429527 117.490479
v 25.580429 21.320173 117.210251
v 13.647531 28.245396 112.135971
v 8.474556 28.296740 111.492043
v 8.616792 30.898462 117.024063
v 14.222239 31.240879 117.207344
v 3.162456 24.222513 111.266907
v -2.849199 16.793653 111.413605
v -3.029375 18.441751 117.088112
v 2.790442 25.779922 116.987366
v -8.636972 11.962349 111.429726
v -14.346817 10.095065 111.229149
v -14.335228 11.560179 117.185730
v -8.615339 12.855073 117.179825
v -20.047199 12.019409 111.573189
v -25.203236 15.731949 111.523216
v -25.363064 18.613403 117.112183
v -19.922882 14.387335 117.130035
v -31.090096 19.452217 111.310608
v -37.167442 23.201452 111.720512
v -37.137772 27.136330 117.262306
v -31.221067 22.270445 116.928108
v -42.710457 26.490221 111.859589
v -48.453339 27.261187 111.884438
v -48.533028 31.708502 117.344650
v -42.847767 31.251385 117.623131
v -54.054600 25.792728 111.846375
v -59.871887 23.498161 111.715477
v -59.827438 25.631960 117.454613
v -54.126839 28.797041 117.434570
v -65.585617 21.682528 111.606865
v -70.956871 21.332876 111.960472
v -70.934212 22.126335 117.857361
v -65.601105 23.237028 117.064896
v -77.174927 22.098009 111.455818
v -82.961929 20.955341 111.130211
v -83.443039 21.656168 116.561943
v -77.047974 22.477373 117.703445
v -88.540817 18.301523 111.599655
v -94.499702 15.946464 111.586807
v -94.276909 14.003597 117.127686
v -88.949562 18.060308 116.795715
v -99.875916 14.080776 111.523460
v -105.838577 13.459435 111.416344
v -105.791595 12.171247 117.163498
v -99.765793 12.028035 117.225761
v -100.096191 28.122013 -117.050674
v -105.389809 24.876524 -117.126312
v -105.461411 28.169067 -111.419456
v -100.020302 29.737524 -111.334114
v -99.795082 30.572483 -105.826004
v -105.451523 31.835085 -105.772812
v -105.629333 32.561340 -100.290695
v -99.914017 28.523460 -100.066467
v -100.111420 23.615662 -94.282959
v -105.589233 30.439869 -94.749664
v -105.578995 25.872013 -88.718002
v -100.246651 18.557657 -88.622177
v -100.370621 14.684420 -82.817535
v -106.328812 20.421162 -82.833664
v -105.682526 17.139843 -77.062027
v -100.057739 12.791173 -77.096146
v -100.038292 12.298070 -71.431526
v -105.281448 15.588043 -71.169403
v -105.810875 14.529099 -65.607025
v -100.394875 13.141302 -66.045456
v -99.818459 14.991001 -59.513222
v -105.728745 13.593363 -59.603859
v -105.671707 12.774531 -53.926857
v -99.688049 15.094324 -53.848801
v -100.061188 13.800969 -48.727608
v -105.778587 12.745387 -48.594398
v -105.839844 14.442791 -42.769184
v -99.809326 13.101930 -42.650330
v -100.065857 13.107206 -37.012817
v -105.944595 18.612291 -37.000656
v -105.533096 25.182714 -31.586697
v -99.883606 16.883324 -31.447443
v -99.786453 22.330498 -25.726507
v -105.761200 31.601028 -25.814016
v -105.739822 34.548939 -19.797808
v -99.712593 26.014219 -19.872456
v -99.302063 28.012325 -14.219272
v -105.169693 33.445881 -14.176386
v -105.361313 29.477512 -8.502799
v -99.641861 26.347481 -8.430332
v -99.953201 21.896873 -2.773611
v -105.583954 23.789349 -2.754497
v -105.696167 20.027514 3.569485
v -99.777100 19.864313 3.162524
v -99.958893 22.844122 8.947721
v -105.684219 22.215433 9.117361
v -105.745575 25.247585 13.984209
v -100.163719 25.735804 14.247734
v -100.072639 22.136858 19.634560
v -105.851120 22.233524 19.385498
v -105.956223 15.055299 25.152060
v -100.238235 13.638350 25.205109
v -99.856201 8.749978 30.965309
v -105.785545 11.112347 31.284523
v -105.023819 11.946287 36.870262
v -99.492767 8.266507 36.801811
v -99.689049 7.980062 42.831356
v -104.808479 11.818466 42.479958
v -105.791183 9.700809 48.723831
v -99.992416 7.814795 48.823105
v -100.029587 8.557375 54.356087
v -106.233337 9.415036 54.660408
v -105.922020 11.363520 60.205208
v -100.218842 10.012170 60.087669
v -100.194946 11.774019 65.730919
v -105.767929 12.467132 65.748283
v -105.722107 13.312407 71.733948
v -99.926315 14.281786 71.637596
v -100.225471 14.823046 77.164299
v -105.783890 14.022627 77.342560
v -105.917542 14.965818 82.749847
v -99.994514 14.979343 82.562523
v -99.443192 17.050131 88.665047
v -105.315193 16.944572 88.848061
v -104.918854 17.288389 94.700035
v -99.463181 17.750551 94.413879
v -99.890778 16.514105 99.977493
v -105.600098 15.351618 100.112526
v -105.515266 14.583738 105.720833
v -99.898041 15.664854 105.709885
v -88.649246 25.516830 -116.966873
v -94.386169 27.930986 -116.779129
v -94.376404 27.221384 -111.613533
v -88.626427 23.723789 -111.923073
v -88.662262 21.018291 -105.938004
v -94.472923 25.186901 -106.046844
v -94.055069 21.755213 -99.825256
v -88.304604 16.754953 -99.663132
v -88.224442 11.600244 -94.001930
v -94.130241 16.247597 -94.042633
v -94.352859 11.574884 -88.715874
v -88.237778 8.602660 -88.726341
v -88.326294 7.982274 -83.354355
v -94.068420 9.662262 -83.099854
v -94.329025 9.198196 -77.219315
v -88.592026 7.722899 -77.474731
v -88.465233 8.494555 -71.201134
v -94.505226 10.160374 -71.417908
v -94.664597 13.310868 -65.954514
v -88.640236 11.062269 -65.652946
v -88.940758 13.315414 -60.290344
v -94.384071 17.037024 -59.886505
v -94.335220 16.284317 -54.179787
v -88.923698 11.589398 -54.492149
v -88.853424 7.661862 -48.673111
v -94.542137 12.009832 -48.733944
v -94.221138 9.334751 -42.805897
v -88.598267 5.756001 -42.923447
v -88.468735 5.140432 -37.121544
v -94.262138 8.050019 -37.023525
v -94.297340 9.322939 -31.355532
v -88.552711 5.453079 -31.378845
v -88.395645 6.533464 -25.528805
v -93.935181 12.716366 -25.655144
v -93.672325 14.917486 -19.856642
v -88.181854 6.639490 -19.732315
v -88.148727 7.351313 -14.332961
v -93.718475 17.401100 -14.364628
v -94.625229 18.345898 -8.258575
v -89.205658 8.518193 -8.117922
v -89.764000 9.410609 -2.081575
v -95.085388 16.813473 -2.345989
v -94.267006 17.229443 2.632476
v -88.953949 11.182409 3.090903
v -89.672218 12.815056 8.923368
v -94.817261 19.862400 8.597254
v -95.116318 21.792030 14.607969
v -89.533417 13.961926 14.611305
v -88.305092 12.857002 20.374483
v -94.108421 18.995859 20.262472
v -94.032181 12.207419 25.926085
v -88.335556 9.994426 26.100752
v -88.840057 8.134495 31.421692
v -94.661446 8.315881 31.223602
v -94.935051 7.515091 36.640518
v -89.151367 7.177523 36.889099
v -88.805534 6.658907 42.541489
v -94.619881 6.754723 42.689365
v -94.397026 6.801081 48.810402
v -88.720505 6.151748 48.576778
v -88.601120 6.327177 54.337002
v -94.086693 7.745288 54.249641
v -94.205032 8.818443 60.021233
v -88.575554 7.289771 60.000095
v -88.614113 9.502357 65.634857
v -94.032913 11.217688 65.603226
v -94.149200 14.150866 71.167542
v -89.098175 12.558938 71.155235
v -89.049683 15.875902 77.076195
v -94.607750 15.728193 76.914108
v -94.317017 15.876583 82.625229
v -88.339699 17.923788 82.857178
v -88.423790 20.402260 88.561569
v -94.218216 17.329666 88.550369
v -94.299057 19.941902 94.306610
v -88.714912 24.350578 94.326073
v -88.596542 24.078434 99.780312
v -94.437355 20.051367 100.033478
v -94.621590 18.395977 105.890419
v -88.473793 20.702751 105.644562
v -77.265694 24.040699 -116.675919
v -82.984482 23.907991 -116.964859
v -82.862251 21.074659 -112.097122
v -77.191872 19.418550 -111.532402
v -77.004677 15.030985 -106.273430
v -82.845917 17.719595 -105.928085
v -82.750381 13.419497 -99.766380
v -76.845901 11.801782 -100.199135
v -76.627563 9.634027 -94.117485
v -82.507957 9.363450 -94.159683
v -82.281136 7.578769 -88.241364
v -76.462570 8.626358 -88.098900
v -76.641495 8.232671 -82.507576
v -82.554123 7.478197 -82.838036
v -82.851036 7.209925 -77.249718
v -77.115219 7.327705 -77.181152
v -77.427170 6.506880 -71.813507
v -82.787460 7.005970 -71.360420
v -82.931389 7.370137 -65.989059
v -77.433449 6.289437 -66.270653
v -77.229874 6.154217 -60.187096
v -82.998222 7.504592 -60.221729
v -82.869492 6.553899 -54.214195
v -77.050758 5.793841 -54.131706
v -77.107330 5.297857 -48.510094
v -82.921318 5.282948 -48.543915
v -82.803780 4.669821 -42.880527
v -77.012871 4.986289 -42.780766
v -77.131813 4.375827 -37.174610
v -82.718834 4.362837 -37.177197
v -83.115456 3.923736 -31.525221
v -77.856857 2.934714 -31.861385
v -77.548019 1.948570 -25.944645
v -83.087265 3.344178 -25.694653
v -82.836250 2.656803 -19.892555
v -77.190590 1.446077 -19.932844
v -77.530487 1.163248 -14.322724
v -82.874924 2.556084 -14.310111
v -83.276497 3.234221 -8.304603
v -77.442001 1.604819 -8.428035
v -77.316879 2.622240 -2.739360
v -83.586525 4.525736 -2.383646
v -83.061783 6.486259 2.987833
v -77.203217 4.055050 2.876510
v -77.277130 5.030519 8.611563
v -83.300201 7.600730 8.658243
v -83.311081 7.940745 14.457165
v -77.024971 5.458663 14.248657
v -76.825462 5.708009 19.903803
v -82.858215 7.747047 19.971786
v -82.763939 7.386912 25.619459
v -76.728958 5.856536 25.460079
v -76.834732 5.677905 31.124437
v -82.710342 6.651254 31.511791
v -82.864471 5.661227 37.434456
v -77.049644 5.270430 36.993847
v -77.261360 4.718156 42.887703
v -82.911346 5.548368 42.981106
v -83.107330 5.224739 48.538704
v -77.411705 4.436490 48.658634
v -77.369431 4.873885 54.228024
v -83.155197 5.222305 54.243462
v -83.115341 6.217050 59.982819
v -77.286835 5.861335 59.917847
v -77.208199 6.807630 65.643883
v -83.214104 7.904824 65.822876
v -83.086807 10.408852 71.529556
v -76.984047 7.540638 71.412048
v -77.112228 8.446104 77.096443
v -83.045250 12.983023 77.249634
v -83.180054 15.686413 83.117111
v -77.545135 10.789684 82.907318
v -77.344643 17.324421 88.317680
v -83.007599 20.924248 88.680702
v -82.880051 26.117596 94.223015
v -77.126244 24.028803 93.871674
v -77.320824 25.518963 99.870163
v -82.650665 25.879568 99.763069
v -82.432304 22.433313 105.460030
v -77.205688 23.469021 105.687363
v -65.852905 21.658945 -117.224915
v -71.494858 23.199898 -117.186394
v -71.459518 18.867504 -111.227898
v -65.803513 19.256687 -111.119316
v -65.790802 17.261183 -105.612434
v -71.259857 15.212287 -105.957565
v -71.304306 13.133378 -100.188644
v -65.851494 15.736197 -99.965782
v -65.889214 13.223331 -94.286896
v -71.358612 11.719216 -94.113632
v -71.515030 9.926648 -88.522942
v -66.313507 9.589309 -89.011627
v -66.123390 6.968534 -83.184822
v -71.453629 8.452321 -82.814896
v -71.216324 7.194092 -77.114365
v -65.382774 6.123960 -76.947083
v -65.554764 6.054141 -71.317818
v -71.451874 6.547008 -71.528374
v -71.712387 6.418328 -65.941704
v -65.849503 5.901709 -65.780342
v -65.789276 5.575555 -60.041771
v -71.486549 6.227858 -60.095398
v -71.403198 5.795010 -54.188896
v -65.808929 5.280909 -54.261551
v -65.859314 5.030340 -48.562855
v -71.594574 5.290736 -48.565140
v -71.414185 5.273715 -42.794567
v -65.771187 4.996540 -42.874962
v -65.808563 4.504550 -37.341637
v -71.485207 4.697724 -37.265903
v -71.849564 2.821732 -32.195168
v -65.777237 3.100676 -31.929251
v -65.717766 1.749554 -25.812119
v -71.433289 1.620377 -26.051182
v -71.382362 0.937238 -19.799042
v -65.778229 0.677259 -19.807243
v -65.838150 0.208698 -14.274809
v -71.835609 0.377416 -14.289931
v -71.535072 0.854083 -8.544810
v -65.643112 0.654269 -8.616581
v -65.475540 0.934713 -2.953378
v -71.119583 1.602886 -3.036894
v -71.256821 2.191587 2.796649
v -65.425278 0.914654 2.796600
v -65.176147 1.450511 8.308188
v -71.315186 2.944002 8.564768
v -71.208160 3.997544 14.257318
v -65.515427 2.781161 14.086405
v -65.716087 4.665836 19.899099
v -71.226349 5.116017 19.952484
v -70.922394 6.014750 25.273033
v -65.432228 6.230663 25.429382
v -65.810478 6.376180 31.484730
v -71.000885 6.105620 30.876789
v -71.272743 5.452486 36.886127
v -65.892853 5.619755 37.400681
v -65.673981 4.699032 42.881786
v -71.473450 4.559924 42.876896
v -71.306366 4.359173 48.604149
v -65.673111 4.024045 48.564354
v -65.832718 3.961375 54.314739
v -71.371277 4.729821 54.244347
v -71.604004 5.317328 59.933800
v -65.900749 4.545680 60.041473
v -65.512512 4.888754 65.694168
v -71.509300 5.796819 65.737312
v -71.589401 5.672166 71.481888
v -65.360870 4.896750 71.454361
v -65.186874 5.559815 77.624496
v -71.299095 6.037522 77.236893
v -71.146118 8.569899 82.870667
v -65.065804 7.895217 83.561989
v -65.709930 12.461617 88.698250
v -71.293732 14.069683 88.390388
v -71.281807 19.848276 94.249512
v -65.593102 16.352360 94.597000
v -65.362183 18.594992 100.469254
v -71.534676 22.429211 99.956940
v -71.337936 21.940935 105.802155
v -65.649734 20.221367 105.776596
v -54.149269 20.169209 -117.164604
v -60.055710 20.472715 -116.936691
v -59.995369 19.500637 -111.216690
v -54.346889 19.589075 -112.085724
v -54.217613 18.703281 -105.976067
v -59.946548 18.463608 -105.600693
v -59.981773 16.614971 -99.848053
v -54.323563 16.122086 -99.867058
v -54.502403 11.737771 -94.650940
v -60.045479 12.752481 -94.371399
v -60.122715 8.545959 -88.604828
v -54.239655 7.841405 -88.564125
v -54.107502 5.212605 -82.694031
v -59.995544 5.800522 -82.806084
v -59.985939 4.807721 -77.112686
v -54.313179 3.758258 -77.094620
v -54.384308 3.623302 -71.425690
v -60.063908 4.880537 -71.425346
v -59.913765 4.651201 -65.702194
v -54.244293 3.637265 -65.728104
v -54.253109 3.293654 -60.017952
v -59.991676 4.285456 -60.031384
v -60.063663 4.277044 -54.273514
v -54.498306 2.920287 -54.442947
v -54.241394 2.720693 -48.562519
v -59.881935 4.229904 -48.481777
v -59.952667 4.010816 -42.817799
v -54.069801 2.579490 -42.698997
v -54.487892 1.980272 -37.193893
v -60.241951 3.408448 -37.319763
v -60.197304 2.569625 -31.613501
v -54.646309 1.241530 -31.559690
v -54.449127 0.846688 -25.829676
v -60.067421 1.552168 -25.698378
v -59.946030 0.691409 -19.931767
v -54.233707 0.916023 -20.039198
v -54.422920 1.210660 -14.361319
v -60.100964 0.674022 -14.344848
v -60.223518 0.987341 -8.597787
v -54.554802 1.236769 -8.715087
v -54.411453 0.949851 -2.731597
v -60.080296 0.853082 -2.705631
v -60.006893 0.462497 2.980983
v -54.331406 0.586925 3.085135
v -54.272198 0.578025 8.350510
v -59.794880 0.670819 8.290181
v -59.614822 2.020349 13.759602
v -54.173286 1.366390 13.900062
v -54.203556 2.445264 19.827866
v -59.698479 3.873693 19.664759
v -60.102440 5.288816 25.789190
v -54.632301 3.355653 25.959637
v -54.754337 3.963624 31.799904
v -60.587921 5.625576 32.016632
v -60.236130 5.266859 37.490582
v -54.385796 3.986022 37.232067
v -53.922981 3.345572 42.867085
v -59.939754 4.310539 42.789001
v -60.314320 3.227546 48.618820
v -53.846573 2.736142 48.471054
v -54.122559 2.920881 53.982735
v -60.244801 3.244204 54.163467
v -60.209297 4.260103 59.682060
v -54.397034 3.997665 59.739250
v -54.560696 4.934808 65.629501
v -60.056335 4.772480 65.410172
v -60.106918 5.100931 71.137993
v -54.803825 5.631599 71.089027
v -54.954876 6.312334 76.587135
v -60.225075 6.181358 76.951736
v -59.432270 7.754849 83.558205
v -54.224155 7.138313 83.223053
v -54.457977 9.446038 88.262375
v -60.209755 11.287038 88.440575
v -60.637695 14.488064 93.585381
v -54.909904 13.008763 93.300995
v -54.274734 16.841175 99.865044
v -59.849510 16.968533 100.213951
v -60.016445 20.350540 105.737053
v -54.120628 20.980856 105.686508
v -43.710602 24.262552 -117.136177
v -48.785309 21.268669 -117.131218
v -48.927673 21.146248 -111.950195
v -43.087692 24.605961 -111.458923
v -42.613373 23.026817 -105.312729
v -48.572170 19.971981 -105.749710
v -48.288612 16.870480 -99.277802
v -42.165501 19.500206 -98.642746
v -42.414070 15.247149 -93.376991
v -48.704666 12.687280 -94.426155
v -49.005733 8.247321 -89.258270
v -42.994511 9.882820 -88.751266
v -42.924480 5.381256 -82.956039
v -48.769417 5.054449 -83.144958
v -48.626984 3.313806 -77.041008
v -42.990601 2.973666 -77.017990
v -42.976158 2.062721 -71.337791
v -48.644714 2.710152 -71.375046
v -48.538811 2.940298 -65.697647
v -42.835976 2.130130 -65.729630
v -42.407089 1.808578 -59.520584
v -48.439865 2.560939 -59.848457
v -48.649025 1.780405 -54.330856
v -42.336296 1.187531 -53.772285
v -42.666683 0.705505 -48.551342
v -48.578850 1.384929 -48.618053
v -48.296486 1.367740 -42.730984
v -42.673271 0.684650 -42.863594
v -42.958183 0.490978 -37.106331
v -48.649490 0.950730 -37.114120
v -48.959061 0.452919 -31.389807
v -43.089733 0.356912 -31.362278
v -42.815796 0.571971 -25.699570
v -48.805283 0.552463 -25.671749
v -48.593784 0.992118 -20.000999
v -42.727634 0.725949 -20.021698
v -42.831047 0.668700 -14.296286
v -48.452675 1.200462 -14.251068
v -48.669243 0.871928 -8.740574
v -43.036842 0.430961 -8.702479
v -43.167664 0.186419 -3.072431
v -48.895157 0.492659 -3.066467
v -48.697388 0.399644 2.879785
v -42.983566 0.180201 2.760271
v -42.884380 0.382641 8.494820
v -48.614067 0.430937 8.516503
v -48.536469 0.834916 14.169924
v -42.840065 0.605987 14.201422
v -42.828289 0.570516 20.039238
v -48.594589 1.143131 19.998837
v -48.861206 1.354378 25.905602
v -42.885483 0.479863 25.733522
v -42.964333 0.625199 31.560171
v -48.777618 1.879366 31.572712
v -48.513550 2.286946 37.094753
v -42.916626 1.065679 37.311298
v -42.867916 1.372673 42.872478
v -48.148464 2.237575 42.829395
v -48.187500 1.928434 48.664570
v -42.998833 1.407858 48.632011
v -42.928352 1.972418 54.219742
v -48.499962 2.317402 54.183945
v -48.544838 3.497297 59.971527
v -42.771255 3.106334 59.818783
v -42.534790 3.964436 65.579544
v -48.575855 4.426347 65.847534
v -48.808624 4.814083 71.281189
v -43.153336 3.758060 71.371140
v -43.105087 3.593034 76.963097
v -48.578808 5.034487 76.885704
v -48.189919 5.764079 82.636864
v -42.563820 4.214994 82.621361
v -42.957161 5.641638 88.617447
v -48.525780 7.600974 88.150452
v -48.522560 11.506413 93.896126
v -42.416962 9.148832 93.909424
v -42.501732 14.577744 99.583061
v -48.336536 16.432203 99.852592
v -48.446815 21.474157 105.799576
v -42.877247 20.640453 106.014114
v -31.690231 31.963495 -117.412224
v -37.922466 28.627321 -117.652161
v -37.312210 28.889803 -111.588753
v -31.593479 30.231459 -111.418671
v -31.311001 24.632412 -105.587715
v -36.825920 26.251539 -105.395081
v -36.740044 21.706434 -99.362564
v -31.382473 19.213989 -100.058945
v -31.581770 15.284439 -94.324310
v -36.846657 16.865789 -93.608170
v -37.288643 11.199890 -88.167305
v -31.602974 10.210597 -88.383133
v -31.273857 4.468414 -82.812981
v -37.302353 5.534851 -82.670601
v -37.226780 2.222569 -77.120422
v -31.110237 1.636908 -77.339401
v -31.065483 1.169265 -71.551315
v -37.091991 1.612497 -71.316727
v -36.962410 1.669802 -65.568001
v -31.086899 1.069000 -65.843613
v -31.393246 0.505760 -59.969757
v -36.847790 1.077030 -59.673454
v -36.829559 0.428799 -54.004120
v -31.530216 -0.117666 -54.215096
v -31.389069 -0.138649 -48.731777
v -36.919266 0.238165 -48.644802
v -36.933327 0.406052 -42.987263
v -31.317404 0.196670 -42.967957
v -31.301281 0.312027 -37.149437
v -37.066063 0.416811 -37.178181
v -37.103489 0.379652 -31.429585
v -31.330133 0.295417 -31.440823
v -31.299435 0.239856 -25.727468
v -36.832203 0.471708 -25.774275
v -36.889610 0.466056 -20.061705
v -31.354931 0.219474 -20.003210
v -31.510303 0.173082 -14.270490
v -37.337414 0.256573 -14.358034
v -37.287395 0.163347 -8.694893
v -31.410959 0.154727 -8.616824
v -31.397980 0.140699 -2.905557
v -37.164467 0.154649 -2.908077
v -37.152607 0.195413 2.856230
v -31.434034 0.162027 2.859686
v -31.414444 0.209882 8.554214
v -37.166641 0.332580 8.540359
v -37.164597 0.393455 14.259005
v -31.375744 0.273141 14.263842
v -31.394550 0.290789 20.061722
v -37.165138 0.353902 20.081203
v -37.115086 0.338545 25.714794
v -31.365627 0.250888 25.817272
v -31.345333 0.265565 31.428066
v -37.149094 0.340872 31.460640
v -37.202400 0.617391 37.257267
v -31.529486 0.398842 37.164135
v -31.805071 0.534499 43.148918
v -37.252609 0.927046 42.966629
v -37.160038 1.380525 48.412716
v -31.792097 0.947492 48.823502
v -31.499966 1.585996 54.318573
v -37.121304 1.909981 54.167206
v -37.104820 2.601390 60.004250
v -31.493877 2.101052 60.095078
v -31.618704 2.627510 65.894119
v -36.850754 3.359858 65.557327
v -37.264565 3.284172 71.393326
v -31.488979 3.178281 71.485329
v -31.415440 3.331998 77.122787
v -37.422955 3.065964 77.103394
v -37.427155 3.194707 83.027527
v -31.745689 2.885438 82.754234
v -31.954966 2.570834 88.582611
v -37.758900 3.806117 88.937881
v -37.411812 5.933559 94.429970
v -32.055489 3.138036 94.728249
v -31.906759 6.405941 100.246338
v -37.451706 10.919155 100.202637
v -37.514851 17.370785 106.115761
v -31.404316 12.879423 105.362450
v -20.118916 28.885216 -117.114594
v -25.691212 32.038788 -117.123032
v -25.490015 28.768940 -111.533905
v -20.038311 27.326927 -111.383392
v -19.803963 20.599615 -106.165779
v -25.548275 21.180304 -106.011856
v -25.874245 15.350216 -100.062103
v -20.001505 13.825687 -100.384918
v -20.277861 10.083242 -94.308601
v -26.049109 12.256687 -94.455612
v -26.007034 8.592989 -88.784348
v -20.303354 7.712382 -88.661430
v -20.012074 5.466713 -82.959366
v -25.400330 4.233664 -83.082733
v -25.291014 2.293664 -77.335403
v -19.881746 3.716986 -77.386292
v -19.999615 2.640415 -71.263405
v -25.465857 1.475056 -71.663406
v -25.487015 0.914616 -66.144279
v -19.779928 1.511106 -66.015785
v -19.826456 0.432462 -60.742287
v -25.616386 0.358840 -60.154922
v -25.584938 -0.391482 -54.356010
v -19.891302 -0.238490 -54.481369
v -19.685205 -0.393753 -48.483685
v -25.608101 -0.470801 -48.658291
v -25.701302 0.030239 -42.792431
v -19.700495 -0.018963 -42.638977
v -20.008595 0.265343 -37.088165
v -25.768843 0.210781 -37.126938
v -25.740822 0.215042 -31.427063
v -20.105789 0.275170 -31.399664
v -20.078472 0.206026 -25.725935
v -25.778194 0.156213 -25.696743
v -25.777174 0.138315 -19.944136
v -20.030882 0.183911 -19.940193
v -20.088453 0.208593 -14.373995
v -25.780668 0.183655 -14.316557
v -25.716141 0.209089 -8.652893
v -20.175076 0.270293 -8.736911
v -19.978037 0.230991 -2.968225
v -25.622484 0.188678 -2.898449
v -25.707102 0.179433 2.855827
v -19.974943 0.205192 2.859355
v -20.068666 0.188047 8.595156
v -25.677776 0.219419 8.521516
v -25.730425 0.242045 14.180462
v -20.068001 0.155213 14.220611
v -20.307188 0.114714 19.836351
v -25.894161 0.202245 19.932800
v -25.806244 0.184429 25.686581
v -20.374323 0.063416 25.474669
v -19.947353 0.060759 31.371845
v -25.576466 0.191034 31.435568
v -26.078671 0.083784 37.400631
v -20.012302 -0.013870 37.218948
v -20.142670 0.000547 42.945816
v -26.242832 0.218586 43.178833
v -26.261040 0.487892 48.953739
v -20.390240 0.059672 48.860626
v -20.476185 0.301379 54.678177
v -26.128780 0.962576 54.539574
v -25.482771 1.645950 59.806168
v -19.899155 0.874945 60.068436
v -19.823587 1.493976 65.673141
v -25.512859 2.209141 65.523193
v -25.513336 2.948830 71.210968
v -19.798981 2.307620 71.200348
v -19.788527 3.124348 76.621880
v -25.547792 3.389194 76.997551
v -25.841684 2.999406 82.692642
v -19.827372 3.265051 82.658981
v -19.358292 2.709269 88.723984
v -25.660585 2.138709 88.386406
v -25.679234 1.918971 93.990677
v -19.586390 2.672634 94.096954
v -19.902216 3.985798 99.785522
v -25.795872 3.709518 99.208427
v -25.518745 9.183988 105.185493
v -19.974174 7.664903 105.872513
v -8.638262 15.182484 -117.121254
v -14.423605 22.219727 -116.893341
v -14.603614 22.994560 -110.601013
v -8.743250 16.716007 -110.971001
v -8.636236 14.762072 -105.777603
v -14.328346 18.583103 -105.999725
v -14.070339 12.110440 -100.963333
v -8.482938 10.148611 -100.367233
v -8.508487 7.609345 -94.126671
v -14.254473 8.801235 -94.162430
v -14.377642 7.174049 -88.525269
v -8.686716 6.875485 -88.565811
v -8.342896 5.849292 -82.604294
v -13.808534 6.196905 -82.400055
v -13.967607 4.520666 -77.143326
v -8.639582 3.634393 -77.178085
v -8.821318 1.919419 -71.575775
v -14.481193 2.887706 -71.317116
v -13.973392 1.888728 -65.525879
v -8.220339 1.690521 -65.386459
v -8.456472 1.439117 -59.705891
v -14.165564 0.944028 -60.225941
v -14.126286 0.347886 -54.232388
v -8.400264 0.893603 -54.280411
v -8.364929 0.706822 -48.622574
v -13.877905 0.111136 -48.537106
v -14.154915 0.253069 -42.661713
v -8.872890 0.699714 -42.653469
v -8.774841 0.435064 -37.151638
v -14.394907 0.347395 -36.996223
v -14.395956 0.259339 -31.409832
v -8.536469 0.164162 -31.674498
v -8.620713 0.144233 -25.723606
v -14.365675 0.182802 -25.751118
v -14.329166 0.203846 -20.014112
v -8.638927 0.188238 -19.990162
v -8.683727 0.230928 -14.269882
v -14.341846 0.236213 -14.396973
v -14.432102 0.275138 -8.682188
v -8.686455 0.235166 -8.536896
v -8.572273 0.245614 -2.814779
v -14.323750 0.243517 -2.993733
v -14.274485 0.216943 2.850326
v -8.536979 0.235423 2.945814
v -8.593162 0.175603 8.604323
v -14.379581 0.166159 8.596708
v -14.262199 0.138499 14.322798
v -8.573503 0.142234 14.387519
v -8.635395 0.113473 20.141951
v -14.357290 0.105473 19.981331
v -14.479128 0.049081 25.638760
v -8.709911 0.090832 25.900478
v -8.481702 -0.070913 31.579769
v -14.298689 -0.040154 31.498775
v -14.111310 -0.084014 36.961773
v -8.410101 -0.189927 37.035576
v -8.671221 -0.062713 42.556175
v -14.247837 -0.100817 42.629559
v -14.476656 -0.054644 48.558502
v -8.718910 0.207532 48.330986
v -8.120678 0.361741 54.470718
v -14.418333 0.190874 54.481571
v -14.452595 0.502724 60.362457
v -8.202736 0.818988 60.227371
v -8.711457 1.187591 65.784203
v -14.483223 0.967111 66.067932
v -14.308870 1.690558 71.437767
v -8.592138 1.392332 71.482468
v -8.574521 2.362119 77.290161
v -14.200224 2.682539 76.847275
v -14.077821 3.651244 82.859192
v -8.557779 4.333286 82.833023
v -8.030412 7.102408 88.388550
v -13.038507 4.362060 89.311859
v -12.664242 5.179960 95.098587
v -7.529550 9.373385 94.500290
v -7.749826 10.578113 100.394615
v -13.060139 6.259494 100.674492
v -13.640909 8.159298 105.899597
v -8.206530 11.078488 105.882881
v 2.757022 10.506040 -117.058647
v -2.933478 11.224847 -117.286163
v -2.955164 12.913931 -111.179947
v 2.884726 12.057688 -110.747307
v 2.925713 11.637983 -105.256638
v -2.820704 11.823301 -105.572205
v -2.921914 8.777730 -99.674767
v 2.615165 10.193665 -99.556015
v 2.421533 8.996001 -93.397926
v -2.922256 7.297967 -93.722466
v -2.726935 6.506156 -88.259010
v 2.840924 6.423296 -88.321655
v 2.948391 2.891025 -83.275063
v -3.109952 4.328205 -83.053482
v -3.083997 1.937740 -77.430374
v 2.988921 0.866054 -77.265640
v 2.843879 0.283736 -71.099983
v -2.889544 0.773437 -71.093353
v -2.873251 0.914227 -65.587494
v 2.660143 0.512760 -65.534836
v 2.945829 1.129712 -59.936806
v -2.754392 1.269840 -60.093277
v -2.916076 1.156879 -54.235947
v 2.912436 1.226035 -54.229485
v 3.067782 1.145745 -48.537956
v -2.871971 1.104311 -48.568878
v -3.011444 0.835927 -42.750423
v 2.981656 0.852252 -42.944149
v 2.744040 0.442319 -37.306675
v -2.937240 0.470781 -37.199440
v -2.816309 0.202446 -31.579639
v 2.817706 0.250257 -31.473713
v 2.913328 0.150640 -25.800026
v -2.863867 0.166418 -25.669317
v -2.893736 0.167759 -19.928526
v 2.903915 0.129641 -20.084684
v 2.949554 0.170979 -14.369484
v -2.877217 0.197417 -14.234711
v -3.017656 0.209853 -8.522197
v 2.739875 0.169528 -8.552713
v 2.697710 0.190070 -2.718550
v -2.945607 0.241869 -2.683950
v -2.770302 0.252818 3.047255
v 2.928672 0.211636 2.956188
v 2.893008 0.181192 8.661810
v -2.890623 0.194877 8.659119
v -2.840953 0.143650 14.301158
v 2.885001 0.172740 14.288160
v 2.743853 0.163181 20.030138
v -2.918886 0.123222 20.078194
v -2.937555 0.096430 25.860592
v 2.876472 0.127695 25.781981
v 2.801890 0.169171 31.443699
v -2.945388 0.032340 31.375164
v -2.934262 0.023931 37.062988
v 2.689277 0.391207 37.147270
v 3.048094 0.773484 43.011955
v -2.766100 0.224760 42.906788
v -2.490144 0.614839 48.726471
v 3.356158 1.255849 48.862389
v 3.454448 1.550052 54.469513
v -1.976380 0.825497 54.616875
v -2.292812 1.121565 60.118729
v 3.073322 1.648814 60.030869
v 2.689203 1.483686 65.772377
v -2.808617 1.105994 65.647728
v -2.791824 1.165049 71.369255
v 2.815699 1.246703 71.457756
v 3.146638 1.968235 76.610626
v -2.733025 2.258523 76.774559
v -2.726791 4.629671 82.182091
v 2.908641 4.015832 82.481506
v 2.397130 7.546687 88.800476
v -2.920406 8.704974 87.414963
v -2.817496 12.557003 93.398895
v 3.070758 12.155273 94.012993
v 3.221648 16.384930 99.670685
v -2.870359 14.827795 99.943344
v -2.928333 15.717165 105.724007
v 2.890620 20.611679 105.668175
v 14.242099 17.036200 -116.630257
v 8.352953 12.478748 -116.875244
v 8.557185 12.707966 -111.285492
v 14.294882 14.595632 -111.484962
v 14.236514 13.460590 -106.159660
v 8.591646 12.806736 -105.731247
v 8.472743 12.898046 -99.973053
v 14.409244 13.701170 -100.298561
v 14.621639 12.943719 -94.627243
v 8.421025 11.603848 -94.027039
v 8.458994 7.919324 -88.548309
v 14.348713 9.910583 -88.516685
v 14.020334 5.754877 -82.370232
v 8.534378 3.602871 -83.098969
v 8.553435 0.943469 -77.269135
v 14.411628 2.135903 -77.070770
v 14.184570 0.985605 -71.757980
v 8.308099 0.473663 -71.647934
v 8.397117 0.804542 -65.846672
v 13.991154 1.270680 -65.907898
v 14.244492 1.093892 -59.978729
v 8.668250 0.960821 -59.988487
v 8.749594 1.064344 -54.292202
v 14.375412 1.052928 -53.901737
v 14.322321 0.749400 -48.220123
v 8.805206 0.957832 -48.431015
v 8.574453 0.652967 -42.917423
v 14.032969 0.298483 -42.914440
v 14.009453 0.217966 -37.226307
v 8.293818 0.327393 -37.395576
v 8.429989 0.191083 -31.680408
v 14.166261 0.194536 -31.555645
v 14.453916 0.156372 -25.909815
v 8.736184 0.123313 -25.990799
v 8.739922 0.102398 -20.209713
v 14.465192 0.130967 -20.153687
v 14.278142 0.169482 -14.280865
v 8.598891 0.148788 -14.334782
v 8.459877 0.131182 -8.476106
v 14.190198 0.136150 -8.472521
v 14.226540 0.134628 -2.788497
v 8.481120 0.158172 -2.758012
v 8.618381 0.181484 2.895028
v 14.321744 0.205751 2.722996
v 14.253747 0.255816 8.340785
v 8.568207 0.188586 8.583917
v 8.522623 0.232307 14.239809
v 14.239667 0.262566 14.177052
v 14.493649 0.233066 19.948685
v 8.681223 0.195703 19.914232
v 8.655383 0.191408 25.601618
v 14.397994 0.244921 25.644455
v 14.210699 0.263121 31.652044
v 8.629877 0.229772 31.740967
v 8.694551 0.527500 37.399143
v 14.118665 0.401873 37.435440
v 14.212087 0.795096 42.876377
v 8.614579 1.042380 42.854542
v 8.706396 1.612966 48.496307
v 14.645952 1.362419 48.173843
v 14.497269 2.108213 53.738636
v 8.795092 2.084233 54.020065
v 8.419702 2.472540 59.913177
v 14.172931 2.922058 59.931374
v 14.020342 3.413072 65.978317
v 7.963783 2.571146 65.950005
v 8.442197 1.878602 71.496368
v 14.266626 2.975970 71.321060
v 14.514453 2.561271 77.046028
v 8.929569 1.928661 76.871796
v 8.269734 3.081610 83.085976
v 14.099006 2.615572 83.155869
v 13.956770 3.471981 88.792747
v 7.614876 5.308042 89.388351
v 8.613446 9.387304 94.385162
v 14.140387 6.091687 94.595581
v 13.941164 11.707094 100.409142
v 8.652439 14.897555 99.907333
v 8.019567 22.479645 106.090286
v 13.503653 20.684305 106.426849
v 26.140095 26.212137 -116.393471
v 20.364872 23.093105 -116.143471
v 20.086338 17.910677 -111.156540
v 26.045893 20.785370 -111.396599
v 26.056847 16.960630 -105.603508
v 20.052561 14.798450 -105.711037
v 20.089874 13.485086 -100.004173
v 25.544331 13.950006 -100.002525
v 25.540310 10.755237 -94.486977
v 20.101353 11.847766 -94.463417
v 20.036415 9.268816 -88.392273
v 25.719690 7.441916 -88.444443
v 25.773411 4.607254 -82.736435
v 19.916094 6.124032 -82.348572
v 20.122730 2.950317 -77.092644
v 25.734974 2.786391 -77.200150
v 25.812544 1.981189 -71.284767
v 20.163626 1.497317 -71.611488
v 19.936260 1.389463 -65.828995
v 25.806652 1.503122 -65.741516
v 25.666481 1.337137 -60.003410
v 19.963131 1.435863 -59.819893
v 19.987722 1.254788 -53.734673
v 25.579515 0.957085 -54.427254
v 25.619053 0.260317 -49.150993
v 19.983101 0.579491 -48.362827
v 19.823212 0.101048 -42.994675
v 25.676498 -0.052672 -43.262447
v 25.557423 0.048307 -37.159920
v 19.779606 0.077494 -37.074802
v 19.916592 0.168933 -31.349947
v 25.604055 0.188687 -31.573687
v 25.714840 0.211995 -25.835365
v 20.062767 0.199956 -25.763029
v 20.090065 0.195333 -20.000193
v 25.713955 0.193800 -19.926832
v 25.597916 0.145284 -14.430492
v 19.981894 0.189009 -14.263103
v 20.035494 0.171396 -8.553917
v 25.589746 0.100409 -8.770000
v 25.753115 0.139759 -2.880141
v 20.055653 0.157992 -2.780639
v 20.100554 0.213944 2.554104
v 25.900444 0.198473 2.635788
v 26.212456 0.274742 8.203135
v 20.251293 0.285457 8.093493
v 20.182568 0.273828 14.148874
v 26.187559 0.283449 14.104130
v 26.049091 0.283652 19.917816
v 20.037325 0.269354 20.076721
v 19.938515 0.245114 25.795197
v 25.886227 0.272284 25.641769
v 25.683567 0.319980 31.445076
v 19.956383 0.285129 31.445766
v 19.763412 0.335962 37.262455
v 25.686476 0.626243 37.187149
v 25.680725 1.030077 42.859917
v 19.896997 0.627554 42.920654
v 20.340128 1.198371 48.178917
v 25.781546 1.529623 48.408684
v 25.886568 2.299055 53.850555
v 20.366884 2.014646 53.526783
v 20.249771 3.056776 59.629242
v 25.809053 3.179132 59.730492
v 25.777569 4.173774 65.774872
v 20.108795 4.014691 65.889404
v 20.010878 4.089230 71.567490
v 25.776442 4.660965 71.542938
v 26.263496 4.117410 76.822174
v 20.072834 3.323819 77.160568
v 20.043686 2.730884 82.889542
v 26.000645 3.665606 82.508804
v 25.373514 4.167929 88.475052
v 19.806919 3.025646 88.441360
v 19.699093 4.783122 94.598770
v 25.698963 5.893845 94.310173
v 25.766060 9.566873 100.082161
v 19.869347 9.645985 100.414696
v 19.729927 17.673918 106.151398
v 25.585949 14.604136 105.989769
v 37.575729 24.003225 -116.797745
v 32.005653 25.778870 -116.712936
v 32.124237 21.819082 -111.129211
v 37.531548 21.082722 -111.082863
v 37.131382 19.133759 -105.872894
v 31.523846 18.146769 -105.540604
v 31.026085 15.265242 -99.897514
v 37.107914 17.867744 -100.185486
v 37.151966 14.570684 -94.501007
v 31.280355 11.706159 -94.622307
v 31.583973 7.423319 -88.950897
v 37.244827 9.864197 -88.833832
v 37.005199 5.325733 -82.414230
v 31.402031 4.077044 -82.712967
v 31.302116 2.485793 -76.901276
v 36.929066 2.577716 -76.544456
v 37.172176 1.562535 -71.099922
v 31.461662 1.888662 -71.335960
v 31.572031 1.523605 -65.574028
v 37.382248 1.224032 -65.314972
v 37.450005 0.856782 -59.747532
v 31.620855 1.213472 -59.903290
v 31.460653 0.766293 -54.481064
v 37.291714 0.502517 -54.190819
v 37.164310 0.328925 -48.635300
v 31.359371 0.182350 -49.160351
v 31.440708 -0.005533 -43.210014
v 37.146545 0.325783 -42.939560
v 37.165535 0.245978 -37.132355
v 31.380327 0.138923 -37.237118
v 31.351818 0.251417 -31.684914
v 37.081421 0.260921 -31.453318
v 36.989494 0.338206 -25.752892
v 31.366396 0.222194 -25.847143
v 31.385250 0.171276 -19.973406
v 37.122086 0.254756 -20.025328
v 37.178375 0.152316 -14.333355
v 31.314520 0.126501 -14.447710
v 31.215826 0.047428 -8.741990
v 36.949780 0.135242 -8.525379
v 36.860832 0.150715 -2.853593
v 31.384705 0.087147 -2.937502
v 31.565601 0.164048 2.729479
v 37.122799 0.115829 2.788854
v 37.207180 0.093927 8.564398
v 31.719357 0.201409 8.439384
v 31.643028 0.181240 14.237362
v 37.088814 0.077367 14.326927
v 37.127941 0.136339 20.038012
v 31.670813 0.234951 19.901398
v 31.668379 0.335396 25.627819
v 37.136978 0.456262 25.589348
v 37.109650 1.008061 31.338085
v 31.412783 0.530673 31.510574
v 31.419804 1.138629 37.209785
v 37.107914 1.835197 37.212700
v 37.200066 2.466765 42.593651
v 31.371429 1.716626 42.830826
v 31.397903 2.281649 48.493706
v 37.248444 3.220732 48.252045
v 36.926971 4.299071 54.403015
v 31.213438 2.768026 54.881752
v 31.200504 3.769672 60.300751
v 36.997219 5.706119 59.712395
v 37.175446 6.844750 65.112526
v 31.417206 5.035099 65.137871
v 31.338139 5.532656 71.107018
v 36.933540 7.308780 70.975266
v 37.366570 8.269862 76.914185
v 32.177204 5.749753 76.809738
v 31.826958 6.010564 82.659988
v 37.565147 9.446877 82.934372
v 37.755322 10.445784 88.418800
v 31.358212 6.626065 88.637352
v 31.760078 7.789062 94.315842
v 37.833015 10.828457 94.014801
v 37.349495 10.875730 99.773605
v 31.450600 9.793038 99.837250
v 31.242388 12.169001 106.065216
v 37.077126 11.162873 106.109344
v 48.277580 24.116085 -116.791977
v 42.856110 23.377851 -117.102852
v 43.025291 20.252506 -111.521133
v 48.635216 20.239714 -111.418373
v 48.661304 18.437008 -105.756691
v 43.130810 19.329035 -105.997841
v 43.035954 18.992521 -100.319000
v 48.458496 17.975023 -100.077271
v 48.370037 16.409018 -94.517868
v 42.823265 16.466694 -94.385391
v 42.728630 12.072393 -88.443832
v 48.430492 12.431636 -88.707123
v 48.666500 7.058111 -83.217995
v 42.797398 6.649220 -82.877869
v 42.776634 2.965092 -76.778748
v 48.614643 3.325048 -77.354408
v 48.401535 1.841081 -70.991501
v 42.674057 1.753079 -70.414398
v 42.804592 1.207115 -64.925232
v 48.404270 1.185087 -65.229881
v 48.427620 0.764410 -59.565247
v 42.858932 0.603500 -59.678040
v 42.856918 0.250237 -54.235802
v 48.497440 0.381254 -54.026253
v 48.542358 0.141177 -48.568405
v 42.860668 0.246235 -48.539104
v 42.796822 0.270467 -42.811211
v 48.501823 0.018343 -42.712620
v 48.535091 0.148818 -37.001205
v 42.854897 0.273677 -37.074760
v 42.789062 0.426861 -31.465181
v 48.551205 0.484651 -31.390701
v 48.575874 0.614591 -25.665785
v 42.704041 0.527258 -25.773561
v 43.012959 0.341687 -20.055096
v 48.594631 0.734955 -20.038025
v 48.913658 0.752413 -14.404584
v 43.371780 0.153712 -14.438901
v 43.100044 0.206374 -8.604556
v 49.127701 0.938409 -8.596870
v 48.709232 1.430141 -2.824396
v 42.621124 0.377806 -2.837232
v 43.091042 0.337330 2.821704
v 48.912949 1.620580 2.819157
v 49.420952 1.282046 8.388763
v 43.576069 0.173627 8.472572
v 42.854271 0.247284 14.267891
v 48.516037 1.085583 14.285221
v 47.922966 1.160298 20.209347
v 42.581425 0.319256 20.172108
v 42.868774 0.683935 25.624523
v 48.350048 1.499689 25.680510
v 48.578827 2.351788 31.387096
v 42.908493 1.522173 31.421677
v 42.991211 2.657009 37.338036
v 48.658470 3.856864 37.143593
v 48.562248 5.966523 42.835964
v 43.018993 3.863908 42.616707
v 42.791031 5.150108 48.274925
v 48.107452 8.024532 48.529106
v 47.999535 9.614719 53.985313
v 42.550621 6.847116 53.690475
v 42.755516 8.052790 59.890858
v 48.431324 10.461015 60.108353
v 48.613087 10.744310 66.129684
v 42.798279 8.550962 66.425018
v 42.655540 9.433142 71.634491
v 48.528564 11.719753 71.689148
v 48.230873 16.638470 78.099388
v 42.749374 11.917154 77.484924
v 43.270073 14.819424 83.437286
v 48.403290 22.225281 83.916466
v 48.708515 23.079784 88.749039
v 43.669594 15.897103 88.534973
v 43.475822 15.384518 93.920364
v 48.665962 21.084974 94.288414
v 48.417046 19.226833 100.061142
v 42.862877 14.020451 100.032661
v 42.648132 12.914084 106.093330
v 48.442734 17.722120 105.462273
v 59.625130 21.952026 -116.454399
v 53.536701 23.878325 -115.929657
v 54.036251 19.830372 -111.006645
v 60.089439 18.234591 -111.390862
v 60.122955 15.633213 -105.815422
v 54.387821 17.295082 -105.804138
v 54.230728 16.145634 -100.068268
v 60.045330 13.757586 -99.921700
v 59.919018 12.048044 -94.243286
v 54.010841 14.702322 -94.480301
v 54.066429 11.286303 -88.777351
v 59.794285 9.533195 -88.679520
v 60.076214 5.872147 -83.214188
v 54.311008 6.580235 -82.935204
v 54.316429 3.486493 -77.272369
v 60.049057 3.489561 -77.417030
v 59.493610 2.528372 -70.878700
v 54.247952 2.039948 -71.379219
v 54.123859 1.318293 -65.398918
v 59.666992 1.773397 -65.179329
v 60.021736 0.994594 -59.886032
v 54.071220 0.896895 -59.560616
v 54.220207 0.342501 -54.044632
v 60.032337 0.436676 -54.217777
v 60.057068 0.372297 -48.674454
v 54.205135 0.181132 -48.681339
v 54.223862 0.188620 -42.780815
v 59.712418 0.783316 -42.911648
v 59.714790 0.997577 -37.209846
v 54.319336 0.247821 -37.039036
v 54.358185 0.501439 -31.277008
v 59.942764 0.918437 -31.368002
v 60.042465 1.015368 -25.638962
v 54.382660 0.716548 -25.529573
v 54.103191 1.240864 -20.017752
v 59.924805 1.567808 -20.054068
v 59.930523 2.280158 -14.307428
v 54.079174 1.763397 -14.309481
v 54.368488 2.309110 -8.483811
v 59.995255 3.184831 -8.506749
v 60.030090 4.195994 -2.713501
v 54.387634 3.030178 -2.721648
v 54.397110 3.471553 2.874632
v 60.043499 4.784663 2.924555
v 60.071785 5.063057 8.422962
v 54.562935 3.302273 8.414343
v 54.222252 3.039480 14.320129
v 59.947987 5.466841 14.262609
v 59.990372 5.372627 20.091391
v 53.874359 2.897324 20.176357
v 54.142365 2.980376 25.733364
v 60.312622 5.056365 25.804340
v 60.226402 5.498991 31.554585
v 54.317177 3.678376 31.347153
v 54.199074 5.281095 36.996941
v 59.965813 6.730364 37.120747
v 60.085094 8.568652 42.889896
v 54.246742 7.526669 42.850693
v 54.031513 9.985768 48.569504
v 59.940475 11.013690 48.563423
v 59.656784 12.983562 54.161598
v 53.943092 11.784254 54.168922
v 54.213013 12.445391 59.856796
v 59.835236 13.510392 59.965549
v 59.815136 13.376085 65.716484
v 54.376381 12.443222 65.488892
v 54.365643 13.098470 71.282654
v 59.939507 13.611265 71.604065
v 60.073196 18.954731 76.848045
v 54.055725 19.296879 77.522041
v 53.864491 28.065775 83.471794
v 59.824718 29.430645 82.443169
v 59.727009 36.756069 88.669838
v 53.895329 31.243124 88.775024
v 54.308403 29.636400 94.598488
v 60.056221 37.449539 94.474182
v 60.136799 33.709538 100.145050
v 54.522644 27.227137 100.068748
v 54.366081 23.439009 105.252815
v 60.223114 26.825329 105.847969
v -110.993858 21.505667 -117.175499
v -116.670471 19.684811 -116.518250
v -116.505005 18.033665 -111.184464
v -110.996872 24.145386 -111.303795
v -111.131126 26.838696 -105.608887
v -116.003387 17.941803 -105.527817
v -116.183846 20.380808 -99.449081
v -110.916725 28.947971 -99.877136
v -110.659554 29.151403 -94.292847
v -116.364670 21.573051 -93.756020
v -117.095398 21.525185 -88.509781
v -111.391983 26.652782 -88.635170
v -112.070152 22.946049 -82.972321
v -117.076385 20.805353 -82.783585
v -117.081413 20.786469 -76.873245
v -111.578705 20.075775 -77.061203
v -111.147003 18.350084 -70.966919
v -117.221275 19.776894 -71.522385
v -117.142845 17.146660 -65.834213
v -111.294174 16.315708 -65.632790
v -111.369858 13.827333 -60.093750
v -117.252533 14.800159 -59.658928
v -117.228874 12.942443 -54.059486
v -111.403732 12.418701 -53.935406
v -111.535400 12.810534 -48.421944
v -117.206329 14.249075 -48.602962
v -117.014893 19.242586 -42.912193
v -111.623047 16.509840 -42.928543
v -111.590485 22.755775 -37.022148
v -116.995636 24.434782 -37.142227
v -117.132187 27.859505 -31.385319
v -111.447327 28.877483 -31.468824
v -111.407135 34.154190 -25.811735
v -116.838356 29.759798 -25.634926
v -117.211472 30.752941 -20.004980
v -111.387245 35.797939 -19.912807
v -111.344131 33.609585 -14.255744
v -117.502686 30.470579 -14.351451
v -117.051025 28.058464 -8.583275
v -111.535469 29.674734 -8.591811
v -111.156281 24.435637 -2.945637
v -116.833076 23.807381 -2.972212
v -116.708603 20.635765 2.620150
v -111.093216 20.498045 2.830587
v -111.386017 21.483562 8.482200
v -116.884201 21.227777 8.314088
v -116.956001 23.319725 14.203683
v -111.422394 23.943560 14.009739
v -111.659088 22.012936 19.513470
v -117.192413 22.591967 19.877996
v -117.998413 19.006002 25.661076
v -111.890778 16.884634 25.397600
v -111.953819 14.502924 31.638531
v -117.838898 17.763721 31.553650
v -117.899521 19.076946 37.585133
v -111.555099 15.908043 37.319622
v -111.629562 15.756237 42.870026
v -117.430893 20.262733 43.215698
v -116.832420 20.261265 48.487480
v -111.648643 13.497654 48.677864
v -111.365799 12.625216 54.551598
v -116.688942 18.636110 54.464066
v -116.653137 16.399471 60.110092
v -111.441696 13.432761 60.139519
v -111.412071 13.452271 65.747826
v -117.436638 14.186375 65.442314
v -117.191093 13.959574 71.281815
v -111.055283 13.228351 71.510048
v -110.760361 14.285282 76.995102
v -116.983742 15.427878 77.136261
v -117.112335 16.721134 82.804123
v -111.270035 15.794861 82.754097
v -111.521606 16.148500 88.439087
v -117.261871 15.778734 88.121643
v -117.169205 14.204748 93.930153
v -111.045624 15.699615 94.253242
v -110.862572 15.330126 99.980637
v -117.151909 15.387009 100.252548
v -117.636681 18.397984 105.997581
v -111.507202 15.245800 105.643776
v 71.308914 20.514278 -117.239799
v 65.684273 20.305229 -117.204102
v 66.049393 17.805403 -111.656982
v 71.516052 19.787579 -111.633919
v 71.298447 16.396128 -105.715546
v 65.539627 15.307287 -105.677376
v 65.608467 12.253262 -99.862579
v 71.392227 12.158866 -100.006584
v 71.744514 9.501254 -94.287102
v 66.016418 9.764735 -94.290253
v 65.763023 8.289000 -88.810532
v 71.560104 8.387421 -88.753242
v 71.519676 6.441741 -83.312782
v 65.864220 5.809590 -83.441010
v 65.747719 3.762556 -77.522957
v 71.199036 4.680725 -77.199242
v 71.521935 3.835235 -71.290665
v 65.612221 2.863902 -71.092896
v 65.845535 2.378098 -65.531189
v 71.822159 3.721149 -65.753700
v 71.448944 3.621675 -60.073296
v 65.465004 1.912555 -59.916592
v 65.146217 1.533111 -53.974602
v 71.362953 3.574347 -54.393959
v 71.322365 4.245627 -48.538773
v 65.656738 1.486168 -48.514721
v 65.541931 2.072754 -42.924412
v 71.443298 4.914661 -42.839447
v 71.465408 4.714369 -37.171635
v 65.439354 2.192367 -37.230598
v 65.726036 1.585097 -31.424835
v 71.559631 3.189842 -31.345095
v 71.504974 2.002854 -25.673046
v 65.725311 1.395421 -25.721745
v 65.644356 1.843162 -20.055779
v 71.332260 2.141243 -20.047865
v 71.895531 2.655245 -14.103605
v 65.956070 2.452479 -14.197982
v 66.196037 3.480187 -8.387312
v 72.312874 3.738524 -8.276855
v 71.915085 5.043263 -2.786443
v 65.946899 4.790636 -2.734759
v 65.714020 5.591939 2.938551
v 71.523209 5.884991 2.892078
v 71.430191 6.877429 8.797516
v 65.720200 6.390791 8.698428
v 65.694595 7.498306 14.433300
v 71.432465 8.214749 14.496014
v 71.308670 9.414890 20.023838
v 65.620033 8.071032 20.011923
v 66.057266 7.866413 25.779678
v 71.525345 9.867204 25.747498
v 71.671715 9.689068 31.498779
v 66.113693 7.789748 31.553490
v 65.794037 8.440024 37.183422
v 71.635872 9.924483 37.279675
v 71.179642 11.140885 42.771358
v 65.420517 9.846870 42.701954
v 65.008064 11.964907 48.243553
v 70.838051 12.990149 48.310555
v 70.987999 14.480710 54.177246
v 65.042885 13.751397 54.070816
v 65.432373 14.279180 59.933701
v 71.165726 15.098412 59.941116
v 71.258705 15.947471 65.628494
v 65.591278 14.468742 65.702171
v 65.853775 15.307086 71.699310
v 72.159172 17.916599 71.736069
v 72.221848 22.218050 77.418365
v 65.752518 20.051662 76.853310
v 65.413948 28.886517 82.190361
v 71.399437 27.890505 82.753349
v 71.525894 32.154491 88.586685
v 65.641670 36.181252 88.505234
v 65.525894 38.060493 94.282784
v 71.273788 33.970665 94.290329
v 71.278473 31.553675 100.010460
v 65.547264 34.467228 100.008614
v 66.324982 27.312243 106.116524
v 71.690033 26.002762 106.233871
v 94.205872 31.880878 -117.377510
v 88.550056 30.849394 -117.269096
v 88.593376 28.420528 -111.247963
v 94.180130 29.984343 -111.164490
v 94.197189 24.904854 -106.103493
v 88.578232 23.151863 -106.259949
v 88.566208 17.129911 -100.867119
v 94.288414 19.426622 -100.817070
v 94.268593 15.107739 -94.786301
v 88.547714 12.519361 -94.483566
v 89.052788 10.628095 -88.360588
v 94.541595 13.020990 -88.688133
v 94.472046 11.615441 -82.715469
v 88.818909 9.490196 -82.661865
v 88.544556 8.777357 -77.065643
v 94.388260 9.803158 -77.094131
v 94.487152 9.006094 -71.377762
v 88.763313 8.644413 -71.344437
v 88.722054 8.583971 -65.683609
v 94.374268 9.988503 -65.959259
v 95.568077 13.774179 -60.048149
v 89.439789 10.708281 -59.850960
v 90.794907 14.606416 -54.197083
v 96.725754 18.252575 -54.225853
v 96.908020 23.750183 -49.236111
v 91.094910 19.223682 -48.798244
v 91.063507 21.816643 -43.740803
v 97.024986 27.577803 -44.188667
v 96.146423 26.226557 -38.798515
v 90.182175 20.750969 -38.381977
v 88.531166 16.283892 -32.227985
v 95.280319 20.889296 -32.739113
v 94.736389 14.568329 -26.339443
v 88.737701 10.263277 -25.795700
v 88.657639 6.826841 -19.693443
v 93.836845 10.231774 -20.063734
v 93.473938 8.351041 -14.366209
v 87.951019 6.132076 -14.171964
v 88.224342 6.358325 -8.536948
v 92.866219 9.602031 -8.712637
v 91.903481 13.195061 -2.767717
v 88.220932 8.234821 -2.767291
v 88.058556 10.269282 2.899245
v 91.607948 15.851269 2.859663
v 92.684830 15.528043 8.514345
v 88.799919 10.381108 8.432597
v 89.151123 9.736005 14.209740
v 94.042336 14.091964 14.323549
v 94.333450 13.864222 20.058163
v 88.900192 9.860614 20.092148
v 88.858910 10.701091 25.780807
v 94.447357 14.118919 25.753101
v 94.498962 15.267120 31.555767
v 88.455978 11.997246 31.549664
v 88.722649 13.484339 37.380047
v 94.727440 17.861519 37.360920
v 94.647049 20.912560 42.981350
v 89.242996 15.740602 43.287434
v 89.002281 18.662865 49.160042
v 94.104958 23.526079 48.604469
v 93.943390 24.827717 54.442200
v 89.098145 20.470387 54.570656
v 89.134888 20.641296 59.943581
v 94.156662 24.033178 59.911461
v 94.339661 22.088896 65.609062
v 88.758316 20.447800 65.624054
v 88.277817 20.420935 71.515198
v 94.200714 20.336237 71.601250
v 94.732780 20.225740 76.615250
v 88.817955 21.156437 76.848679
v 89.085197 22.152918 82.495514
v 94.805428 21.286398 82.449203
v 94.069046 22.329926 88.593933
v 88.506828 22.450150 88.487320
v 88.912598 21.814428 93.551636
v 94.521240 22.653986 93.946960
v 94.559357 21.475204 99.938316
v 88.655426 19.878408 99.475365
v 88.385590 16.835669 105.901566
v 94.587509 19.178368 105.874878
v 116.805771 22.050243 -116.525742
v 111.725739 23.061182 -117.206291
v 111.197784 22.317810 -111.482368
v 116.917404 22.581835 -111.288284
v 117.555763 21.578142 -106.078987
v 111.462158 21.179226 -105.908333
v 111.717674 21.268589 -100.305244
v 117.902573 20.751575 -100.793243
v 117.083771 21.501337 -94.394760
v 111.484322 21.715763 -94.396599
v 111.127724 21.810242 -88.578049
v 116.637672 22.166708 -88.370560
v 116.060364 22.475372 -83.646545
v 110.719017 21.607468 -83.272491
v 110.793816 21.689142 -77.550194
v 115.798340 23.734749 -77.968620
v 116.841248 24.230640 -71.551178
v 111.090248 21.363213 -71.470078
v 111.495598 20.253796 -65.656128
v 117.555038 22.944704 -65.601341
v 117.534149 21.829086 -59.929100
v 111.991447 20.114058 -60.169907
v 112.143478 21.066826 -54.495087
v 117.263649 21.501650 -54.357040
v 117.649139 21.416653 -48.308903
v 112.595337 22.576031 -48.606533
v 112.934402 24.437180 -43.469883
v 118.118591 21.397762 -42.556290
v 117.382401 20.907299 -37.008957
v 112.300735 24.252884 -38.037090
v 111.618248 21.711948 -31.987610
v 116.903168 19.956099 -31.334890
v 116.842056 18.541744 -25.866882
v 111.419754 18.905922 -26.013893
v 111.310036 16.936386 -20.289518
v 116.710487 17.164711 -20.251261
v 116.571037 16.977041 -14.520912
v 110.712219 16.994728 -14.521845
v 109.480911 19.839798 -8.478169
v 116.160446 19.518055 -8.537389
v 116.107895 21.835032 -2.613764
v 108.704788 22.642109 -2.715558
v 108.471512 24.131645 3.045590
v 115.697487 23.113079 3.155114
v 115.700729 22.999596 8.998676
v 109.226273 23.074532 8.832142
v 110.633430 20.215384 14.576284
v 116.776459 20.915066 14.509375
v 117.358276 20.817444 20.054520
v 111.179619 18.929697 20.162418
v 111.473488 19.122858 25.940283
v 117.693428 22.362291 25.918407
v 117.751328 23.971590 31.713575
v 111.780731 20.959547 31.966057
v 111.601837 24.121899 37.422104
v 117.546341 25.162374 37.365372
v 117.292847 26.001150 43.117008
v 111.450264 26.919594 42.691631
v 111.088646 28.334824 48.569378
v 116.833084 26.745289 48.880730
v 116.483475 26.869534 54.528366
v 110.548386 28.484138 54.438332
v 110.805557 28.171106 60.623344
v 116.718109 26.708954 60.297295
v 117.223679 25.336569 65.821693
v 111.486450 25.647509 65.842911
v 111.431061 21.803539 71.041771
v 117.120300 22.963541 71.377296
v 116.753883 21.405413 77.145348
v 111.442513 19.227800 77.593155
v 111.529373 19.550570 82.822800
v 116.754166 20.928722 82.343788
v 116.751060 20.984957 88.344681
v 111.310585 22.280136 88.284203
v 111.536545 25.168905 94.213188
v 116.955315 21.723568 94.483788
v 116.962402 22.394094 99.969109
v 111.371315 26.631809 99.825935
v 111.783676 26.602648 105.863518
v 117.625732 22.374813 105.761963
v 105.803284 26.452040 -117.360199
v 99.836716 30.112427 -117.310150
v 99.870514 27.648872 -111.270226
v 105.629723 24.016941 -111.581352
v 105.689743 22.136801 -105.634132
v 99.937881 24.023785 -105.657135
v 99.989853 20.895960 -99.938843
v 105.583000 21.771099 -99.344261
v 105.659836 20.698431 -94.081100
v 100.067551 17.957455 -94.645226
v 100.295731 15.741043 -88.974792
v 105.986557 19.194607 -88.794968
v 106.284485 18.372234 -82.822968
v 100.613953 14.344070 -82.787674
v 100.250160 12.775509 -77.058319
v 106.396881 17.705460 -76.987061
v 105.396469 16.754971 -71.431305
v 99.533936 11.600555 -71.493614
v 99.816483 12.585060 -65.988724
v 105.283493 16.606184 -65.847290
v 106.417160 18.015995 -60.276955
v 101.126778 16.030163 -60.204391
v 102.289886 19.805681 -54.358963
v 107.496315 20.334249 -54.481361
v 108.458450 23.821001 -49.052895
v 103.165451 25.196957 -49.430138
v 103.147346 30.062582 -44.509884
v 108.271072 27.680656 -44.333397
v 107.231873 28.160950 -38.888870
v 101.991745 29.606947 -38.935806
v 101.353622 24.168983 -32.998642
v 106.595459 23.862867 -32.721348
v 106.489410 18.695326 -26.474394
v 101.245140 17.632284 -26.646645
v 100.390686 13.028053 -20.306629
v 106.006874 15.332638 -20.431187
v 104.881989 14.733747 -14.672022
v 99.240707 11.286677 -14.690567
v 97.871391 13.380318 -9.053526
v 103.412331 17.064581 -8.935144
v 101.818306 21.675844 -3.097272
v 96.064270 18.571274 -3.043479
v 95.747726 21.266888 2.760111
v 101.515480 24.036194 2.889130
v 102.948601 22.410789 8.772271
v 97.162560 20.035254 8.606355
v 98.926109 18.379553 14.429783
v 104.751526 20.136900 14.587004
v 105.646439 18.214008 20.192141
v 99.827110 17.335169 20.103323
v 99.802513 16.896797 25.809956
v 105.500084 17.584162 25.910255
v 105.382370 19.393867 31.999365
v 99.775024 18.148226 31.819813
v 100.017563 21.831266 37.207939
v 105.621796 23.425430 37.227207
v 105.763702 27.231447 42.255005
v 99.857422 25.469427 42.484314
v 99.573288 27.640085 48.476574
v 105.344444 29.159061 48.279743
v 104.809708 29.637060 54.464424
v 99.072311 28.803251 54.643753
v 99.125381 27.327465 60.194695
v 104.949127 28.512930 60.535637
v 105.644234 24.819059 65.547249
v 99.868538 23.601604 65.636726
v 100.118347 20.542528 71.636871
v 105.764847 20.948038 71.096619
v 105.871613 18.833485 77.427277
v 100.358414 19.680920 76.696808
v 100.256874 20.679609 82.350922
v 105.978287 19.507748 82.857010
v 105.739075 22.651142 88.898918
v 99.938278 22.627535 88.881241
v 100.255600 24.402966 94.690231
v 105.997940 25.764744 94.745956
v 105.496674 27.203144 100.164124
v 100.012848 24.734518 100.243896
v 100.151817 23.375507 105.701256
v 105.403687 26.655979 105.878029
v 82.899826 26.580460 -117.052933
v 77.134956 22.446413 -117.284752
v 77.042206 22.741053 -111.724991
v 82.946304 25.381128 -111.438210
v 82.921013 20.570700 -106.152496
v 77.138184 18.446199 -105.964691
v 77.163841 13.312276 -100.294769
v 82.799110 14.879320 -100.595375
v 82.842476 10.946495 -94.398270
v 77.144279 10.412285 -94.281845
v 77.044342 8.728276 -88.719498
v 82.981857 8.968583 -88.551178
v 82.797379 7.949487 -82.883583
v 77.073395 7.126665 -83.239716
v 77.029327 6.035635 -77.212013
v 82.802917 7.532774 -77.145950
v 82.980240 7.315882 -71.399765
v 77.000023 5.498808 -71.332451
v 77.226646 5.538289 -65.712631
v 82.906425 7.179901 -65.642067
v 83.080864 7.982876 -60.012779
v 77.602036 5.715083 -60.313744
v 77.919296 6.464001 -54.897446
v 83.918480 10.150065 -54.531891
v 84.457596 13.689278 -48.812283
v 77.672668 8.429243 -48.815269
v 77.411598 9.955838 -42.748119
v 84.501465 16.083900 -43.150639
v 83.774979 15.054543 -37.532818
v 77.140610 9.324944 -37.064873
v 76.948021 6.520262 -31.447083
v 82.343170 11.381386 -31.820898
v 82.961029 6.414888 -25.659067
v 77.178291 3.549978 -25.685249
v 77.169159 2.586243 -19.959694
v 83.473648 3.862222 -19.681244
v 82.651947 4.252116 -14.257189
v 77.316200 3.092690 -14.207880
v 77.570107 4.187749 -8.436172
v 82.846397 4.870689 -8.533569
v 83.015625 6.067838 -2.846178
v 77.398438 5.383793 -2.863250
v 77.185684 6.101916 2.861690
v 83.028122 7.199688 2.831473
v 83.185143 7.507833 8.508176
v 77.002487 6.804686 8.679402
v 77.177513 7.725095 14.408945
v 83.151375 7.661480 14.304626
v 82.927010 8.478943 19.903440
v 77.090088 9.035763 19.857813
v 76.884254 10.093464 25.485283
v 82.752472 9.552975 25.569977
v 82.633095 10.303162 31.518406
v 77.148720 10.197867 31.370560
v 77.278145 10.452249 37.277706
v 82.697205 11.042099 37.336792
v 83.023140 12.948528 42.858925
v 77.197174 12.037216 42.703804
v 77.121376 14.231670 48.205505
v 83.239883 15.713285 48.716621
v 83.098625 17.535397 54.526169
v 76.983528 15.698776 54.178314
v 76.989075 16.408127 59.966293
v 83.004517 18.218208 60.091904
v 82.951538 19.014042 65.720673
v 76.886208 17.633869 65.572060
v 77.518250 19.850492 71.461029
v 82.594994 20.537640 71.308243
v 82.841949 22.265682 76.979294
v 77.838028 22.781254 77.363159
v 77.305908 25.795761 82.925018
v 83.010025 23.690414 82.741821
v 82.886414 24.017544 88.405792
v 77.265862 27.669384 88.532257
v 77.095535 28.326111 94.168396
v 82.932274 23.449274 93.654053
v 83.043495 21.732944 99.505760
v 77.260559 26.605309 100.023643
v 77.146049 23.152647 106.108162
v 82.864258 18.863949 105.789009
vn 0.6318 0.7598 -0.1534
vn 0.6405 0.7680 0.0062
vn 0.5244 0.8515 0.0048
vn 0.5140 0.8403 -0.1721
vn 0.4241 0.8991 0.1088
vn 0.4233 0.8951 0.1403
vn 0.3937 0.9079 0.1440
vn 0.4010 0.9094 0.1102
vn 0.3821 0.7990 -0.4643
vn 0.3540 0.9077 -0.2252
vn 0.1082 0.9666 -0.2323
vn 0.1426 0.8674 -0.4767
vn 0.3487 0.7294 -0.5885
vn 0.3514 0.7366 -0.5779
vn 0.3357 0.7419 -0.5804
vn 0.3354 0.7332 -0.5915
vn -0.4981 0.8486 0.1784
vn -0.4969 0.8626 0.0951
vn -0.4288 0.8966 0.1107
vn -0.4282 0.8832 0.1915
vn -0.6413 0.7671 -0.0148
vn -0.6402 0.7646 -0.0739
vn -0.5988 0.7983 -0.0647
vn -0.5999 0.8001 -0.0036
vn -0.4601 0.8385 0.2920
vn -0.4851 0.8717 0.0693
vn -0.2804 0.9589 0.0437
vn -0.2528 0.9295 0.2686
vn -0.3804 0.8386 0.3900
vn -0.3800 0.8376 0.3925
vn -0.3828 0.8363 0.3926
vn -0.3833 0.8374 0.3897
vn 0.7528 0.5645 0.3386
vn 0.7066 0.5256 0.4738
vn 0.6244 0.6292 0.4627
vn 0.6684 0.6760 0.3102
vn 0.2744 0.8695 0.4108
vn 0.2808 0.9063 0.3158
vn 0.3709 0.8723 0.3186
vn 0.3605 0.8281 0.4293
vn 0.3476 0.9306 0.1144
vn 0.3454 0.8891 0.3004
vn 0.1609 0.9331 0.3217
vn 0.1587 0.9783 0.1328
vn 0.6520 0.7571 0.0413
vn 0.6508 0.7593 0.0019
vn 0.6811 0.7322 0.0036
vn 0.6895 0.7218 0.0597
vn -0.5785 0.8091 -0.1038
vn -0.5782 0.8063 -0.1249
vn -0.5622 0.8175 -0.1252
vn -0.5610 0.8216 -0.1017
vn -0.1079 0.9763 -0.1877
vn -0.1050 0.9584 -0.2653
vn -0.0226 0.9639 -0.2654
vn -0.0273 0.9820 -0.1870
vn 0.0362 0.7540 -0.6559
vn 0.0362 0.7651 -0.6429
vn 0.0169 0.7651 -0.6437
vn 0.0148 0.7536 -0.6572
vn -0.4148 0.8859 -0.2078
vn -0.4024 0.7589 -0.5120
vn -0.0743 0.8338 -0.5471
vn -0.0823 0.9659 -0.2454
vn 0.0604 0.9660 0.2515
vn 0.0610 0.9452 0.3208
vn 0.0025 0.9503 0.3113
vn -0.0044 0.9681 0.2506
vn -0.1068 0.9418 0.3186
vn -0.1074 0.9355 0.3368
vn -0.1241 0.9352 0.3317
vn -0.1242 0.9414 0.3137
vn -0.1705 0.9580 0.2304
vn -0.1709 0.9355 0.3093
vn -0.2356 0.9261 0.2947
vn -0.2329 0.9464 0.2238
vn -0.1442 0.9891 -0.0290
vn -0.1220 0.9849 0.1226
vn -0.2610 0.9580 0.1184
vn -0.2841 0.9584 -0.0288
vn 0.3003 0.8611 0.4103
vn 0.3060 0.9519 0.0169
vn 0.6147 0.7882 -0.0290
vn 0.5708 0.7057 0.4197
vn 0.8722 0.4505 -0.1905
vn 0.8786 0.4713 0.0777
vn 0.7910 0.6066 0.0791
vn 0.7860 0.5906 -0.1828
vn 0.7225 0.6913 -0.0082
vn 0.7084 0.6935 0.1316
vn 0.5977 0.7660 0.2367
vn 0.6497 0.7592 0.0384
vn 0.6618 0.6798 -0.3160
vn 0.6922 0.7072 -0.1442
vn 0.5488 0.8313 -0.0884
vn 0.5299 0.8019 -0.2759
vn -0.1719 0.8991 0.4026
vn -0.1662 0.8336 0.5267
vn -0.2956 0.8107 0.5053
vn -0.3197 0.8765 0.3599
vn -0.4715 0.7267 0.4996
vn -0.4789 0.7473 0.4607
vn -0.4340 0.7661 0.4741
vn -0.4239 0.7465 0.5129
vn -0.4245 0.7740 0.4699
vn -0.4185 0.7651 0.4893
vn -0.4391 0.7572 0.4835
vn -0.4462 0.7655 0.4635
vn -0.4554 0.8334 0.3131
vn -0.4299 0.7998 0.4189
vn -0.5263 0.7579 0.3854
vn -0.5609 0.7829 0.2693
vn -0.4683 0.7908 0.3941
vn -0.5050 0.8273 0.2462
vn -0.3484 0.8979 0.2691
vn -0.3261 0.8436 0.4266
vn -0.4035 0.9150 0.0042
vn -0.4083 0.8486 -0.3363
vn -0.0927 0.9236 -0.3720
vn -0.0882 0.9961 0.0015
vn 0.2441 0.9690 -0.0378
vn 0.2409 0.9320 -0.2708
vn 0.5449 0.8158 -0.1941
vn 0.5427 0.8389 0.0408
vn -0.0601 0.9041 0.4231
vn -0.0756 0.9882 0.1334
vn 0.2247 0.9551 0.1932
vn 0.2397 0.8682 0.4345
vn 0.0980 0.8082 -0.5807
vn 0.0828 0.7349 -0.6732
vn 0.1933 0.7157 -0.6711
vn 0.2061 0.7918 -0.5750
vn 0.3813 0.6686 -0.6384
vn 0.4203 0.7443 -0.5190
vn 0.3011 0.7864 -0.5393
vn 0.2535 0.7100 -0.6570
vn 0.2902 0.8599 -0.4200
vn 0.2875 0.8554 -0.4308
vn 0.2995 0.8519 -0.4295
vn 0.3002 0.8572 -0.4186
vn 0.2872 0.8795 -0.3795
vn 0.2877 0.8687 -0.4032
vn 0.3218 0.8593 -0.3975
vn 0.3190 0.8710 -0.3735
vn 0.5847 0.6915 -0.4242
vn 0.5825 0.6886 -0.4319
vn 0.5882 0.6852 -0.4296
vn 0.5907 0.6877 -0.4220
vn 0.5446 0.6838 -0.4856
vn 0.5076 0.6475 -0.5684
vn 0.5775 0.6081 -0.5446
vn 0.6098 0.6464 -0.4586
vn 0.7043 0.7014 -0.1095
vn 0.7108 0.6950 -0.1084
vn 0.7074 0.6999 -0.0988
vn 0.7027 0.7030 -0.1095
vn 0.5906 0.7425 -0.3161
vn 0.6217 0.7628 -0.1779
vn 0.5482 0.8156 -0.1852
vn 0.5063 0.7958 -0.3322
vn 0.3359 0.6635 -0.6685
vn 0.3128 0.6468 -0.6955
vn 0.3377 0.5711 -0.7482
vn 0.4137 0.6100 -0.6758
vn -0.0503 0.8027 -0.5943
vn -0.0418 0.9433 -0.3294
vn -0.3660 0.7991 -0.4769
vn -0.3212 0.6609 -0.6783
vn -0.6075 0.7908 -0.0742
vn -0.6198 0.7833 -0.0478
vn -0.6013 0.7984 -0.0322
vn -0.5762 0.8138 0.0756
vn 0.5825 0.8072 -0.0955
vn 0.5323 0.8363 -0.1314
vn 0.5411 0.8403 0.0340
vn 0.5586 0.8288 -0.0326
vn -0.7576 0.6096 -0.2333
vn -0.8114 0.5592 -0.1697
vn -0.8544 0.5036 -0.1279
vn -0.7502 0.6159 -0.2406
vn -0.6941 0.6916 -0.1997
vn -0.6677 0.6666 -0.3314
vn -0.5895 0.7282 -0.3495
vn -0.6160 0.7566 -0.2196
vn -0.6492 0.6649 -0.3693
vn -0.6993 0.7143 0.0290
vn -0.8456 0.5321 0.0433
vn -0.8103 0.4949 -0.3138
vn -0.7281 0.6743 -0.1229
vn -0.7876 0.5085 -0.3480
vn -0.6547 0.6523 -0.3819
vn -0.6385 0.7559 -0.1445
vn -0.5012 0.7958 -0.3397
vn -0.5238 0.8388 -0.1487
vn -0.6620 0.7371 -0.1358
vn -0.6362 0.7023 -0.3194
vn 0.0098 0.9919 -0.1263
vn 0.0248 0.9715 -0.2357
vn 0.1364 0.9631 -0.2319
vn 0.1341 0.9830 -0.1254
vn 0.2076 0.9395 -0.2725
vn 0.2049 0.9268 -0.3148
vn 0.2462 0.9174 -0.3127
vn 0.2495 0.9300 -0.2698
vn -0.6562 0.7455 0.1171
vn -0.6597 0.7452 -0.0969
vn -0.5077 0.8533 -0.1183
vn -0.5097 0.8536 0.1071
vn 0.2985 0.8728 -0.3862
vn 0.1534 0.7487 -0.6449
vn 0.4556 0.6432 -0.6154
vn 0.5700 0.7477 -0.3407
vn 0.6614 0.4700 -0.5845
vn 0.6783 0.5542 -0.4825
vn 0.5616 0.6282 -0.5385
vn 0.5155 0.5617 -0.6471
vn 0.6219 0.7831 0.0049
vn 0.6222 0.7789 0.0783
vn 0.5776 0.8135 0.0675
vn 0.5802 0.8145 -0.0057
vn 0.6567 0.7230 -0.2145
vn 0.6684 0.7393 -0.0823
vn 0.5787 0.8088 -0.1052
vn 0.5669 0.7894 -0.2355
vn 0.2606 0.7494 -0.6087
vn 0.2305 0.7127 -0.6625
vn 0.3107 0.6931 -0.6505
vn 0.3324 0.7315 -0.5954
vn 0.4918 0.6066 -0.6246
vn 0.5020 0.6204 -0.6026
vn 0.4750 0.6270 -0.6175
vn 0.4647 0.6172 -0.6349
vn 0.6714 0.7245 -0.1559
vn 0.5794 0.7423 -0.3367
vn 0.6461 0.7174 -0.2606
vn 0.7818 0.6169 -0.0902
vn 0.4386 0.8963 0.0649
vn 0.4403 0.8970 0.0393
vn 0.4568 0.8886 0.0403
vn 0.4542 0.8883 0.0676
vn 0.2565 0.6888 -0.6780
vn 0.2536 0.6837 -0.6843
vn 0.2644 0.6749 -0.6889
vn 0.2626 0.6822 -0.6824
vn -0.0900 0.6979 -0.7106
vn -0.0895 0.6965 -0.7120
vn -0.0882 0.6958 -0.7128
vn -0.0933 0.6925 -0.7154
vn -0.2359 0.7696 -0.5934
vn -0.2655 0.9072 -0.3264
vn -0.5214 0.7930 -0.3151
vn -0.4277 0.7352 -0.5259
vn 0.3915 0.8029 -0.4496
vn 0.4058 0.7194 -0.5637
vn 0.5450 0.6790 -0.4918
vn 0.5203 0.7559 -0.3974
vn -0.1919 0.7233 -0.6633
vn -0.2032 0.7963 -0.5698
vn -0.3734 0.7600 -0.5320
vn -0.3468 0.6962 -0.6285
vn -0.2835 0.8402 -0.4623
vn -0.3027 0.8738 -0.3805
vn -0.3938 0.8453 -0.3612
vn -0.3721 0.8160 -0.4424
vn -0.4691 0.8596 -0.2025
vn -0.4701 0.8605 -0.1961
vn -0.4745 0.8582 -0.1959
vn -0.4737 0.8571 -0.2024
vn -0.4949 0.8551 -0.1545
vn -0.4930 0.8491 -0.1897
vn -0.4694 0.8625 -0.1892
vn -0.4719 0.8678 -0.1559
vn -0.1456 0.9319 -0.3323
vn -0.1420 0.9530 -0.2675
vn -0.2174 0.9388 -0.2671
vn -0.2140 0.9208 -0.3261
vn 0.1169 0.9847 -0.1295
vn 0.1208 0.9926 0.0092
vn -0.0335 0.9993 0.0143
vn -0.0550 0.9889 -0.1377
vn -0.2032 0.9513 -0.2317
vn -0.1890 0.9654 -0.1798
vn -0.2435 0.9535 -0.1775
vn -0.2655 0.9371 -0.2267
vn -0.2416 0.9458 -0.2170
vn -0.2384 0.9395 -0.2460
vn -0.2108 0.9455 -0.2482
vn -0.2158 0.9518 -0.2180
vn 0.1293 0.9914 0.0186
vn 0.1452 0.9830 -0.1127
vn 0.2422 0.9658 -0.0924
vn 0.2146 0.9765 0.0184
vn -0.5572 0.7883 -0.2610
vn -0.5653 0.8203 -0.0862
vn -0.6822 0.7245 -0.0980
vn -0.6859 0.6745 -0.2729
vn -0.6012 0.7989 0.0157
vn -0.6060 0.7267 -0.3236
vn -0.3201 0.8897 -0.3254
vn -0.3695 0.9291 -0.0170
vn 0.2643 0.9567 -0.1217
vn 0.2460 0.9675 -0.0580
vn 0.1807 0.9823 -0.0484
vn 0.2025 0.9719 -0.1204
vn -0.1340 0.9787 0.1558
vn -0.1129 0.9060 0.4080
vn -0.3361 0.8470 0.4119
vn -0.3651 0.9197 0.1443
vn -0.4748 0.7362 0.4822
vn -0.4909 0.7677 0.4119
vn -0.4199 0.8025 0.4239
vn -0.4055 0.7714 0.4904
vn -0.5206 0.8537 0.0120
vn -0.5009 0.8289 0.2490
vn -0.6584 0.7200 0.2193
vn -0.6858 0.7277 -0.0103
vn -0.4980 0.7530 -0.4301
vn -0.5339 0.8155 -0.2234
vn -0.6559 0.7183 -0.2319
vn -0.6233 0.6519 -0.4318
vn -0.0713 0.8858 0.4585
vn -0.0662 0.8454 0.5301
vn -0.1553 0.8420 0.5167
vn -0.1617 0.8773 0.4520
vn -0.1178 0.8424 0.5259
vn -0.1188 0.8769 0.4657
vn -0.0535 0.8718 0.4870
vn -0.0540 0.8400 0.5399
vn 0.0113 0.9937 -0.1111
vn 0.0121 0.9873 -0.1587
vn 0.0604 0.9826 -0.1754
vn 0.0613 0.9906 -0.1220
vn -0.1069 0.9561 0.2729
vn -0.1083 0.9929 0.0498
vn 0.1378 0.9903 0.0175
vn 0.1298 0.9585 0.2540
vn -0.1921 0.9294 -0.3153
vn -0.1849 0.8991 -0.3968
vn -0.0933 0.9103 -0.4033
vn -0.0990 0.9423 -0.3199
vn -0.6951 0.6733 -0.2521
vn -0.7141 0.6893 -0.1221
vn -0.7847 0.6132 -0.0910
vn -0.7690 0.6012 -0.2170
vn -0.6671 0.6306 -0.3966
vn -0.5613 0.5302 -0.6355
vn -0.3002 0.6431 -0.7045
vn -0.3747 0.7956 -0.4760
vn 0.0306 0.9964 -0.0793
vn 0.0349 0.9661 -0.2557
vn 0.2054 0.9456 -0.2524
vn 0.2077 0.9748 -0.0815
vn 0.5228 0.8384 0.1541
vn 0.4955 0.7648 -0.4118
vn 0.7784 0.5263 -0.3423
vn 0.8136 0.5718 0.1055
vn -0.2849 0.8282 -0.4825
vn -0.3039 0.8977 -0.3191
vn -0.4482 0.8462 -0.2882
vn -0.4330 0.7898 -0.4344
vn -0.2115 0.8587 0.4668
vn -0.2614 0.9477 -0.1831
vn 0.4521 0.8878 -0.0856
vn 0.3024 0.7813 0.5460
vn 0.7876 0.5040 0.3545
vn 0.7135 0.4635 0.5254
vn 0.6125 0.5444 0.5731
vn 0.6775 0.6007 0.4244
vn 0.6202 0.4800 0.6205
vn 0.7562 0.5895 0.2840
vn 0.9082 0.4015 0.1186
vn 0.7973 0.3491 0.4923
vn 0.6264 0.7493 0.2146
vn 0.6044 0.7429 0.2878
vn 0.5586 0.7707 0.3067
vn 0.5751 0.7808 0.2441
vn 0.3934 0.6048 0.6924
vn 0.4086 0.6231 0.6669
vn 0.4458 0.6079 0.6571
vn 0.4316 0.5884 0.6837
vn 0.9010 0.3439 0.2644
vn 0.8410 0.3200 0.4363
vn 0.7684 0.3997 0.4998
vn 0.8361 0.4345 0.3347
vn 0.8208 0.5585 0.1198
vn 0.7821 0.5328 0.3231
vn 0.6860 0.6216 0.3781
vn 0.7311 0.6633 0.1598
vn 0.4758 0.6740 0.5651
vn 0.4535 0.6402 0.6200
vn 0.3928 0.6647 0.6356
vn 0.4154 0.6990 0.5821
vn 0.5112 0.8457 0.1533
vn 0.5153 0.8511 0.1005
vn 0.5535 0.8288 0.0825
vn 0.5525 0.8226 0.1345
vn 0.6789 0.7283 0.0933
vn 0.6787 0.7281 0.0967
vn 0.6763 0.7301 0.0976
vn 0.6767 0.7303 0.0935
vn 0.5861 0.8030 -0.1080
vn 0.5778 0.8037 0.1420
vn 0.3762 0.9185 0.1216
vn 0.3819 0.9164 -0.1202
vn 0.5704 0.7806 0.2556
vn 0.5711 0.7831 0.2462
vn 0.5782 0.7779 0.2460
vn 0.5777 0.7751 0.2560
vn 0.5289 0.8437 0.0916
vn 0.5339 0.8149 0.2257
vn 0.4228 0.8749 0.2361
vn 0.4106 0.9067 0.0966
vn 0.1476 0.9042 -0.4007
vn 0.1550 0.9798 -0.1267
vn -0.1373 0.9812 -0.1359
vn -0.1255 0.8965 -0.4250
vn -0.3528 0.9063 -0.2328
vn -0.3614 0.9231 -0.1311
vn -0.4676 0.8774 -0.1073
vn -0.4569 0.8680 -0.1945
vn 0.1739 0.9847 -0.0087
vn 0.1951 0.9417 0.2743
vn -0.1480 0.9474 0.2837
vn -0.1353 0.9907 0.0124
vn -0.2530 0.9500 0.1831
vn -0.2513 0.9631 0.0960
vn -0.1869 0.9775 0.0983
vn -0.1722 0.9661 0.1925
vn -0.4842 0.8070 0.3380
vn -0.4939 0.8363 0.2380
vn -0.4387 0.8599 0.2609
vn -0.4251 0.8226 0.3777
vn -0.2464 0.9361 0.2510
vn -0.2508 0.9673 -0.0384
vn 0.1008 0.9932 -0.0591
vn 0.1016 0.9685 0.2275
vn -0.2450 0.9582 -0.1480
vn -0.2362 0.9696 -0.0635
vn -0.3202 0.9451 -0.0646
vn -0.3147 0.9383 -0.1435
vn -0.1577 0.9529 -0.2590
vn -0.1100 0.8278 -0.5501
vn 0.1700 0.8249 -0.5390
vn 0.1922 0.9472 -0.2568
vn 0.3368 0.9161 0.2177
vn 0.3423 0.9388 0.0399
vn 0.4817 0.8756 0.0358
vn 0.4718 0.8577 0.2044
vn 0.6233 0.7787 0.0707
vn 0.6168 0.7705 -0.1608
vn 0.7334 0.6693 -0.1192
vn 0.7378 0.6708 0.0761
vn 0.4665 0.7374 -0.4885
vn 0.3610 0.5778 -0.7319
vn 0.6106 0.4857 -0.6255
vn 0.7263 0.5840 -0.3624
vn 0.5693 0.3791 -0.7295
vn 0.6184 0.4145 -0.6676
vn 0.5506 0.4476 -0.7046
vn 0.5042 0.4084 -0.7609
vn 0.6582 0.4611 -0.5952
vn 0.5712 0.3999 -0.7169
vn 0.6700 0.3448 -0.6574
vn 0.7515 0.3927 -0.5301
vn 0.8436 0.4483 -0.2956
vn 0.8747 0.4690 -0.1221
vn 0.8237 0.5376 -0.1800
vn 0.7872 0.5153 -0.3389
vn 0.7547 0.6059 -0.2516
vn 0.7173 0.5741 -0.3948
vn 0.8041 0.5023 -0.3180
vn 0.8349 0.5241 -0.1682
vn 0.7284 0.5258 -0.4393
vn 0.8069 0.5878 -0.0576
vn 0.5610 0.8274 0.0277
vn 0.5000 0.7419 -0.4467
vn 0.7990 0.5141 -0.3118
vn 0.7282 0.4726 -0.4963
vn 0.7861 0.4030 -0.4687
vn 0.8576 0.4371 -0.2710
vn 0.8778 0.4475 -0.1709
vn 0.8909 0.4503 0.0596
vn 0.8152 0.5741 0.0760
vn 0.7905 0.5712 -0.2209
vn 0.2985 0.8721 0.3876
vn 0.2839 0.8317 0.4771
vn 0.1945 0.8542 0.4822
vn 0.2090 0.8944 0.3954
vn 0.1201 0.7259 0.6772
vn 0.1237 0.7393 0.6619
vn 0.1476 0.7370 0.6596
vn 0.1445 0.7229 0.6756
vn 0.6600 0.6033 0.4477
vn 0.6296 0.5708 0.5270
vn 0.5476 0.6213 0.5605
vn 0.5854 0.6595 0.4716
vn 0.4523 0.7140 0.5344
vn 0.4083 0.6521 0.6388
vn 0.2790 0.6893 0.6686
vn 0.2997 0.7587 0.5785
vn 0.1391 0.6791 0.7208
vn 0.1370 0.6683 0.7312
vn 0.1156 0.6706 0.7327
vn 0.1177 0.6818 0.7220
vn 0.1111 0.9848 0.1335
vn 0.0976 0.9660 0.2394
vn -0.0366 0.9695 0.2423
vn -0.0072 0.9906 0.1369
vn 0.0464 0.9641 -0.2616
vn 0.1015 0.9948 -0.0061
vn -0.1431 0.9897 0.0028
vn -0.2413 0.9413 -0.2360
vn -0.3504 0.7350 -0.5805
vn -0.3887 0.5148 -0.7641
vn 0.0055 0.5806 -0.8142
vn 0.0357 0.8134 -0.5807
vn 0.1715 0.5160 -0.8392
vn 0.1261 0.6781 -0.7241
vn -0.1210 0.6774 -0.7256
vn -0.0720 0.5177 -0.8525
vn -0.3025 0.9516 -0.0539
vn -0.3025 0.9490 -0.0886
vn -0.2716 0.9582 -0.0894
vn -0.2722 0.9607 -0.0543
vn 0.1890 0.9694 -0.1568
vn 0.1805 0.9807 -0.0753
vn 0.1037 0.9918 -0.0744
vn 0.1100 0.9822 -0.1524
vn 0.0175 0.5458 0.8377
vn 0.0249 0.5946 0.8036
vn 0.1256 0.5896 0.7979
vn 0.1149 0.5412 0.8330
vn -0.1457 0.6246 0.7672
vn -0.1499 0.6497 0.7453
vn -0.1015 0.6524 0.7510
vn -0.1018 0.6276 0.7718
vn 0.0448 0.5481 0.8352
vn 0.0707 0.6794 0.7304
vn 0.3876 0.6349 0.6684
vn 0.3337 0.5096 0.7930
vn 0.1158 0.5445 0.8307
vn 0.1063 0.5021 0.8582
vn 0.0193 0.5079 0.8612
vn 0.0260 0.5483 0.8359
vn 0.1589 0.9747 0.1574
vn 0.1753 0.9842 -0.0262
vn 0.3678 0.9268 -0.0757
vn 0.3506 0.9274 0.1308
vn 0.4969 0.8590 -0.1232
vn 0.5219 0.8515 0.0503
vn 0.3998 0.9156 0.0433
vn 0.3771 0.9205 -0.1023
vn 0.4280 0.8866 -0.1752
vn 0.3271 0.7822 -0.5303
vn 0.5582 0.6224 -0.5486
vn 0.6660 0.7278 -0.1634
vn 0.4924 0.8622 0.1186
vn 0.5001 0.8647 0.0468
vn 0.5611 0.8262 0.0501
vn 0.5541 0.8243 0.1159
vn 0.5744 0.8184 0.0141
vn 0.5705 0.8196 0.0530
vn 0.5346 0.8434 0.0539
vn 0.5409 0.8410 0.0133
vn 0.6979 0.6926 0.1824
vn 0.6551 0.6538 0.3786
vn 0.5097 0.7628 0.3980
vn 0.5381 0.8194 0.1976
vn 0.3915 0.8546 0.3413
vn 0.3784 0.8190 0.4314
vn 0.2809 0.8587 0.4287
vn 0.2967 0.8939 0.3359
vn 0.3951 0.9133 -0.0986
vn 0.3594 0.9140 0.1881
vn 0.1026 0.9812 0.1636
vn 0.0894 0.9893 -0.1152
vn -0.0235 0.9679 -0.2503
vn -0.0332 0.9384 -0.3440
vn 0.0561 0.9348 -0.3507
vn 0.0645 0.9646 -0.2556
vn 0.2475 0.9012 -0.3558
vn 0.2526 0.9296 -0.2686
vn 0.1745 0.9470 -0.2697
vn 0.1640 0.9200 -0.3561
vn 0.1866 0.9356 -0.2996
vn 0.1690 0.8937 -0.4156
vn 0.2952 0.8605 -0.4152
vn 0.3111 0.9055 -0.2886
vn 0.1511 0.9778 -0.1450
vn 0.1477 0.9659 -0.2125
vn 0.2248 0.9532 -0.2020
vn 0.2261 0.9653 -0.1310
vn 0.1240 0.8404 -0.5277
vn 0.1271 0.9472 -0.2942
vn -0.1222 0.9553 -0.2694
vn -0.1006 0.8647 -0.4921
vn 0.3254 0.9419 -0.0831
vn 0.3272 0.9440 0.0423
vn 0.2115 0.9765 0.0420
vn 0.1998 0.9764 -0.0823
vn -0.0144 0.9438 -0.3301
vn -0.0018 0.9913 -0.1317
vn -0.2680 0.9557 -0.1214
vn -0.2389 0.9165 -0.3209
vn -0.2014 0.9077 -0.3681
vn -0.1997 0.8998 -0.3879
vn -0.1760 0.9042 -0.3891
vn -0.1756 0.9129 -0.3685
vn -0.0968 0.9401 0.3270
vn -0.0875 0.9202 0.3815
vn -0.1316 0.9169 0.3768
vn -0.1401 0.9360 0.3229
vn -0.2906 0.9355 0.2009
vn -0.2592 0.9564 -0.1346
vn 0.0477 0.9899 -0.1334
vn 0.0486 0.9721 0.2295
vn 0.0567 0.9105 -0.4096
vn 0.0666 0.9735 -0.2188
vn -0.1222 0.9624 -0.2427
vn -0.1116 0.9127 -0.3930
vn -0.0972 0.9786 -0.1815
vn -0.1070 0.9223 -0.3713
vn 0.1437 0.9030 -0.4049
vn 0.1694 0.9657 -0.1969
vn 0.2416 0.8884 -0.3904
vn 0.2545 0.9130 -0.3189
vn 0.1552 0.9352 -0.3184
vn 0.1413 0.9080 -0.3944
vn -0.1846 0.9503 -0.2507
vn -0.1841 0.9490 -0.2559
vn -0.1794 0.9495 -0.2573
vn -0.1796 0.9510 -0.2516
vn -0.1743 0.9677 0.1822
vn -0.1725 0.9631 0.2065
vn -0.1962 0.9590 0.2045
vn -0.1981 0.9638 0.1783
vn 0.1056 0.9898 0.0958
vn 0.1125 0.9776 0.1781
vn 0.0192 0.9856 0.1682
vn 0.0156 0.9954 0.0949
vn -0.1496 0.9749 0.1646
vn -0.1340 0.9040 0.4061
vn -0.3458 0.8652 0.3632
vn -0.3670 0.9193 0.1422
vn -0.1344 0.8733 0.4684
vn -0.1440 0.9112 0.3859
vn -0.0472 0.9137 0.4036
vn -0.0409 0.8744 0.4836
vn -0.0570 0.9777 -0.2021
vn -0.0564 0.9869 -0.1511
vn -0.1128 0.9836 -0.1408
vn -0.1102 0.9751 -0.1923
vn -0.3783 0.9181 0.1185
vn -0.3798 0.9227 -0.0665
vn -0.1754 0.9795 -0.0991
vn -0.1708 0.9778 0.1212
vn 0.5153 0.8206 0.2471
vn 0.5160 0.8289 0.2160
vn 0.5349 0.8180 0.2116
vn 0.5344 0.8099 0.2419
vn 0.0895 0.9907 0.1026
vn 0.1242 0.9779 -0.1682
vn 0.3381 0.9272 -0.1612
vn 0.3356 0.9378 0.0883
vn 0.5105 0.7602 0.4019
vn 0.5363 0.8340 0.1298
vn 0.6933 0.7122 0.1095
vn 0.6760 0.6470 0.3526
vn 0.4718 0.8482 0.2406
vn 0.4482 0.7799 0.4368
vn 0.2555 0.8493 0.4619
vn 0.3005 0.9197 0.2527
vn 0.2145 0.8393 0.4996
vn 0.2549 0.8935 0.3696
vn 0.4026 0.8474 0.3462
vn 0.3619 0.8033 0.4730
vn 0.7283 0.6443 0.2334
vn 0.7194 0.6236 0.3060
vn 0.6725 0.6660 0.3230
vn 0.6853 0.6846 0.2484
vn 0.6383 0.6729 0.3739
vn 0.6396 0.6741 0.3695
vn 0.6430 0.6719 0.3675
vn 0.6416 0.6708 0.3720
vn 0.4144 0.6707 0.6152
vn 0.4591 0.7266 0.5112
vn 0.5846 0.6733 0.4526
vn 0.5481 0.6190 0.5624
vn 0.5551 0.6187 0.5560
vn 0.5161 0.5537 0.6534
vn 0.3900 0.6042 0.6948
vn 0.4252 0.6764 0.6015
vn 0.4279 0.5300 0.7321
vn 0.4025 0.5065 0.7625
vn 0.3659 0.5203 0.7716
vn 0.3876 0.5450 0.7435
vn 0.5129 0.8207 0.2517
vn 0.4801 0.7720 0.4165
vn 0.3707 0.8118 0.4512
vn 0.3880 0.8748 0.2902
vn 0.4105 0.9058 0.1053
vn 0.4082 0.9000 0.1529
vn 0.3595 0.9189 0.1624
vn 0.3654 0.9245 0.1085
vn 0.2643 0.9644 0.0033
vn 0.2526 0.9549 0.1559
vn 0.0914 0.9856 0.1421
vn 0.0873 0.9961 -0.0106
vn 0.3378 0.9193 0.2020
vn 0.3368 0.9294 0.1510
vn 0.3784 0.9140 0.1464
vn 0.3785 0.9033 0.2018
vn 0.3699 0.9287 -0.0248
vn 0.3730 0.9271 0.0363
vn 0.3203 0.9468 0.0318
vn 0.3182 0.9476 -0.0290
vn 0.0702 0.9944 0.0791
vn 0.0647 0.9977 -0.0219
vn 0.1819 0.9831 -0.0185
vn 0.1833 0.9801 0.0757
vn 0.2701 0.9348 -0.2306
vn 0.2675 0.9124 -0.3098
vn 0.3439 0.8892 -0.3018
vn 0.3419 0.9108 -0.2314
vn 0.2421 0.9132 -0.3278
vn 0.2485 0.9310 -0.2674
vn 0.1860 0.9453 -0.2680
vn 0.1807 0.9253 -0.3334
vn 0.0340 0.7256 -0.6873
vn 0.0370 0.8055 -0.5914
vn -0.1167 0.7926 -0.5984
vn -0.0999 0.7192 -0.6876
vn 0.5015 0.8129 -0.2960
vn 0.4603 0.6809 -0.5696
vn 0.6299 0.6034 -0.4890
vn 0.7047 0.6825 -0.1938
vn 0.8013 0.5937 -0.0741
vn 0.7935 0.5880 -0.1569
vn 0.8207 0.5527 -0.1450
vn 0.8258 0.5593 -0.0726
vn -0.2615 0.8888 -0.3764
vn -0.2635 0.9070 -0.3286
vn -0.3342 0.8914 -0.3062
vn -0.3507 0.8640 -0.3613
vn 0.3099 0.6670 0.6775
vn 0.3201 0.6345 0.7036
vn 0.2680 0.6567 0.7049
vn 0.2731 0.6760 0.6844
vn 0.7486 0.5420 0.3819
vn 0.7184 0.5250 0.4564
vn 0.6757 0.5553 0.4849
vn 0.7081 0.5782 0.4054
vn 0.6742 0.6963 0.2463
vn 0.6131 0.6395 0.4639
vn 0.4282 0.7278 0.5357
vn 0.4891 0.8208 0.2951
vn 0.4087 0.7252 0.5541
vn 0.4597 0.8034 0.3784
vn 0.6385 0.7043 0.3102
vn 0.5927 0.6460 0.4811
vn 0.6993 0.7100 0.0836
vn 0.6928 0.6973 0.1839
vn 0.6325 0.7487 0.1987
vn 0.6400 0.7624 0.0956
vn 0.3700 0.9279 0.0466
vn 0.3692 0.9266 0.0710
vn 0.3486 0.9344 0.0733
vn 0.3491 0.9358 0.0486
vn 0.2781 0.9589 0.0564
vn 0.2764 0.9437 0.1816
vn 0.1534 0.9709 0.1837
vn 0.1492 0.9872 0.0557
vn 0.6032 0.7713 0.2032
vn 0.6044 0.7730 0.1931
vn 0.6112 0.7677 0.1923
vn 0.6099 0.7663 0.2022
vn 0.6317 0.6587 -0.4087
vn 0.5840 0.6055 -0.5407
vn 0.6718 0.5485 -0.4978
vn 0.7211 0.5877 -0.3670
vn 0.1687 0.9769 -0.1310
vn 0.1521 0.9300 -0.3346
vn 0.3379 0.8860 -0.3175
vn 0.3516 0.9281 -0.1226
vn 0.5053 0.8612 -0.0553
vn 0.4976 0.8383 -0.2227
vn 0.6125 0.7618 -0.2110
vn 0.6229 0.7800 -0.0603
vn 0.7981 0.5369 -0.2735
vn 0.7700 0.5183 -0.3721
vn 0.8126 0.4673 -0.3483
vn 0.8375 0.4836 -0.2544
vn 0.8803 0.4635 -0.1018
vn 0.8760 0.4602 -0.1440
vn 0.8854 0.4440 -0.1372
vn 0.8892 0.4465 -0.0998
vn 0.6954 0.7048 0.1402
vn 0.7035 0.7107 0.0006
vn 0.7649 0.6441 -0.0057
vn 0.7585 0.6385 0.1302
vn 0.8022 0.5752 -0.1600
vn 0.7837 0.5617 -0.2650
vn 0.8221 0.5153 -0.2421
vn 0.8372 0.5266 -0.1474
vn 0.8719 0.4228 -0.2469
vn 0.8678 0.4207 -0.2646
vn 0.8720 0.4145 -0.2605
vn 0.8762 0.4163 -0.2428
vn 0.8629 0.4007 0.3079
vn 0.8596 0.3993 0.3189
vn 0.8558 0.4060 0.3206
vn 0.8600 0.4071 0.3078
vn 0.8278 0.5276 0.1905
vn 0.8151 0.5200 0.2555
vn 0.7915 0.5590 0.2472
vn 0.8023 0.5689 0.1804
vn 0.7173 0.5946 -0.3632
vn 0.7430 0.6105 -0.2744
vn 0.7065 0.6519 -0.2755
vn 0.6800 0.6328 -0.3705
vn 0.8900 0.4391 -0.1230
vn 0.8817 0.4599 0.1056
vn 0.7937 0.5817 0.1779
vn 0.8203 0.5632 -0.0991
vn 0.7086 0.5686 -0.4178
vn 0.7209 0.5876 -0.3673
vn 0.6926 0.6153 -0.3765
vn 0.6811 0.5961 -0.4252
vn 0.7143 0.6460 -0.2692
vn 0.6813 0.6187 -0.3913
vn 0.7402 0.5578 -0.3754
vn 0.7707 0.5855 -0.2514
vn 0.8022 0.5768 0.1543
vn 0.8030 0.5772 0.1483
vn 0.8051 0.5740 0.1498
vn 0.8044 0.5734 0.1554
vn 0.7520 0.6591 0.0127
vn 0.7543 0.6410 -0.1417
vn 0.8418 0.5349 -0.0726
vn 0.8361 0.5421 0.0838
vn 0.8039 0.4695 -0.3651
vn 0.8353 0.4919 -0.2455
vn 0.7939 0.5546 -0.2493
vn 0.7641 0.5336 -0.3626
vn 0.7045 0.5341 -0.4673
vn 0.7188 0.5438 -0.4331
vn 0.7069 0.5608 -0.4311
vn 0.6933 0.5500 -0.4657
vn 0.7466 0.5795 0.3268
vn 0.7632 0.5967 0.2480
vn 0.8061 0.5506 0.2169
vn 0.7951 0.5231 0.3068
vn 0.6522 0.6379 0.4095
vn 0.5169 0.5332 0.6697
vn 0.2020 0.6015 0.7729
vn 0.3591 0.7540 0.5501
vn 0.0158 0.5834 0.8121
vn 0.0097 0.5728 0.8196
vn -0.0075 0.5731 0.8194
vn -0.0045 0.5853 0.8108
vn 0.6889 0.7204 0.0797
vn 0.6493 0.5183 0.5565
vn 0.1993 0.7207 0.6640
vn 0.2089 0.9661 0.1519
vn 0.0367 0.9455 0.3235
vn 0.0448 0.9919 0.1192
vn 0.2183 0.9638 0.1531
vn 0.1969 0.9236 0.3290
vn -0.0474 0.9977 0.0476
vn -0.0504 0.9812 0.1862
vn -0.2169 0.9608 0.1729
vn -0.2206 0.9753 0.0105
vn -0.3069 0.9349 0.1782
vn -0.3090 0.9369 0.1637
vn -0.2940 0.9416 0.1644
vn -0.2903 0.9402 0.1780
vn 0.2861 0.9543 0.0864
vn 0.2817 0.9524 0.1166
vn 0.2595 0.9584 0.1189
vn 0.2667 0.9598 0.0873
vn 0.2275 0.9736 -0.0199
vn 0.2018 0.9731 0.1111
vn 0.0836 0.9883 0.1273
vn 0.0895 0.9959 -0.0158
vn -0.2032 0.9654 0.1632
vn -0.2360 0.9711 0.0369
vn -0.0745 0.9966 0.0348
vn -0.0553 0.9872 0.1499
vn 0.0480 0.9969 -0.0617
vn 0.0354 0.9781 -0.2050
vn 0.1793 0.9622 -0.2048
vn 0.1813 0.9817 -0.0579
vn 0.0662 0.9866 0.1489
vn 0.0618 0.9967 0.0524
vn 0.1645 0.9848 0.0565
vn 0.1668 0.9741 0.1530
vn 0.2343 0.9596 -0.1557
vn 0.2298 0.9491 -0.2154
vn 0.2919 0.9308 -0.2201
vn 0.2964 0.9420 -0.1573
vn 0.2437 0.9401 -0.2382
vn 0.2438 0.9442 -0.2213
vn 0.2282 0.9482 -0.2208
vn 0.2281 0.9444 -0.2370
vn 0.2073 0.9682 -0.1398
vn 0.2077 0.9716 -0.1130
vn 0.1837 0.9759 -0.1176
vn 0.1819 0.9728 -0.1436
vn 0.3349 0.9338 -0.1261
vn 0.3346 0.9329 -0.1331
vn 0.3421 0.9303 -0.1320
vn 0.3423 0.9312 -0.1251
vn 0.3848 0.7976 -0.4645
vn 0.3681 0.7414 -0.5611
vn 0.5048 0.6773 -0.5352
vn 0.5212 0.7357 -0.4326
vn 0.0989 0.7842 -0.6125
vn 0.0991 0.7847 -0.6120
vn 0.0984 0.7848 -0.6119
vn 0.0982 0.7844 -0.6125
vn 0.1879 0.9512 -0.2449
vn 0.1786 0.9358 -0.3040
vn 0.2509 0.9241 -0.2882
vn 0.2672 0.9392 -0.2158
vn 0.4797 0.7929 -0.3757
vn 0.4777 0.8603 -0.1781
vn 0.2570 0.9261 -0.2761
vn 0.2569 0.8556 -0.4494
vn 0.1244 0.8110 -0.5716
vn 0.1257 0.8392 -0.5291
vn 0.0629 0.8505 -0.5223
vn 0.0618 0.8236 -0.5638
vn 0.0555 0.9240 -0.3782
vn 0.0932 0.9952 0.0293
vn -0.3555 0.9338 0.0403
vn -0.3024 0.8998 -0.3145
vn -0.4295 0.8727 0.2323
vn -0.4171 0.9084 0.0270
vn -0.2262 0.9737 0.0258
vn -0.2266 0.9415 0.2494
vn -0.1455 0.9606 -0.2370
vn -0.1453 0.9720 0.1845
vn -0.4633 0.8711 0.1632
vn -0.4622 0.8594 -0.2186
vn -0.5104 0.6637 -0.5468
vn -0.5186 0.6754 -0.5244
vn -0.5433 0.6632 -0.5148
vn -0.5349 0.6515 -0.5379
vn -0.1629 0.8089 -0.5649
vn -0.1746 0.8617 -0.4765
vn -0.2953 0.8374 -0.4600
vn -0.2718 0.7902 -0.5492
vn -0.4908 0.7762 -0.3958
vn -0.5463 0.8331 -0.0867
vn -0.7354 0.6737 -0.0727
vn -0.6909 0.6317 -0.3515
vn -0.5601 0.7160 -0.4167
vn -0.5419 0.6895 -0.4806
vn -0.4898 0.7195 -0.4924
vn -0.5076 0.7466 -0.4300
vn -0.3245 0.6990 0.6372
vn -0.3896 0.8073 0.4432
vn -0.1845 0.8692 0.4587
vn -0.1240 0.7543 0.6447
vn -0.7533 0.6254 0.2035
vn -0.7674 0.6367 0.0748
vn -0.6905 0.7181 0.0864
vn -0.6803 0.6978 0.2240
vn -0.6176 0.7478 0.2438
vn -0.6218 0.7589 0.1934
vn -0.5795 0.7890 0.2043
vn -0.5745 0.7765 0.2588
vn -0.0618 0.8843 0.4629
vn -0.0706 0.9028 0.4242
vn -0.0282 0.9033 0.4282
vn -0.0234 0.8847 0.4656
vn 0.0535 0.8266 0.5603
vn 0.0611 0.7987 0.5987
vn -0.0061 0.7981 0.6026
vn -0.0008 0.8273 0.5618
vn -0.1999 0.7927 0.5759
vn -0.1917 0.8765 0.4416
vn -0.0328 0.8984 0.4380
vn -0.0567 0.8144 0.5775
vn 0.1996 0.7382 0.6444
vn 0.2625 0.9099 0.3212
vn 0.5600 0.7779 0.2853
vn 0.5223 0.6364 0.5676
vn -0.1067 0.6615 0.7423
vn -0.1146 0.6365 0.7628
vn -0.1506 0.6339 0.7586
vn -0.1418 0.6588 0.7389
vn 0.0365 0.7911 0.6106
vn 0.0869 0.8983 0.4306
vn 0.2973 0.8647 0.4049
vn 0.2863 0.7716 0.5680
vn 0.6215 0.7204 0.3080
vn 0.6138 0.6840 0.3941
vn 0.5148 0.7407 0.4317
vn 0.5305 0.7781 0.3362
vn 0.3783 0.6936 0.6131
vn 0.3628 0.6617 0.6561
vn 0.3057 0.6766 0.6699
vn 0.3172 0.7102 0.6285
vn 0.2581 0.9251 0.2784
vn 0.2725 0.8139 0.5131
vn -0.0070 0.8461 0.5330
vn -0.0214 0.9607 0.2766
vn -0.2185 0.9477 0.2325
vn -0.2141 0.9257 0.3119
vn -0.3044 0.8990 0.3149
vn -0.3150 0.9203 0.2318
vn 0.2314 0.9012 0.3664
vn 0.2143 0.8238 0.5249
vn 0.0333 0.8393 0.5426
vn 0.0488 0.9172 0.3954
vn -0.0096 0.9989 0.0459
vn -0.0121 0.9975 0.0690
vn -0.0318 0.9971 0.0687
vn -0.0289 0.9985 0.0458
vn -0.3863 0.9217 0.0341
vn -0.3863 0.9217 0.0343
vn -0.3866 0.9216 0.0343
vn -0.3866 0.9216 0.0340
vn -0.3381 0.9349 0.1083
vn -0.3471 0.9371 0.0366
vn -0.2774 0.9598 0.0437
vn -0.2751 0.9553 0.1082
vn -0.0064 0.9999 0.0104
vn 0.0043 0.9979 -0.0645
vn 0.0603 0.9964 -0.0600
vn 0.0492 0.9986 0.0172
vn 0.0567 0.9936 0.0978
vn 0.0540 0.9915 0.1181
vn 0.0333 0.9924 0.1185
vn 0.0352 0.9947 0.0970
vn -0.1634 0.9388 0.3033
vn -0.1757 0.9745 0.1398
vn -0.0047 0.9868 0.1616
vn 0.0268 0.9389 0.3431
vn 0.0213 0.9996 0.0206
vn 0.0297 0.9950 0.0949
vn -0.0485 0.9945 0.0933
vn -0.0423 0.9988 0.0261
vn 0.1130 0.9928 0.0391
vn 0.1044 0.9870 -0.1222
vn 0.2557 0.9577 -0.1319
vn 0.3065 0.9510 0.0411
vn 0.4076 0.9130 -0.0194
vn 0.3916 0.9172 -0.0733
vn 0.4374 0.8971 -0.0622
vn 0.4425 0.8966 -0.0175
vn -0.0636 0.9976 0.0281
vn -0.0617 0.9980 0.0150
vn -0.0492 0.9987 0.0151
vn -0.0500 0.9983 0.0291
vn -0.0451 0.9987 0.0229
vn -0.0452 0.9986 0.0275
vn -0.0503 0.9983 0.0278
vn -0.0502 0.9985 0.0235
vn 0.4580 0.8889 0.0017
vn 0.4580 0.8890 -0.0007
vn 0.4601 0.8879 -0.0008
vn 0.4601 0.8879 0.0016
vn 0.3602 0.9176 0.1683
vn 0.3346 0.8628 0.3790
vn 0.1284 0.9107 0.3925
vn 0.1463 0.9733 0.1767
vn -0.0357 0.9915 0.1253
vn -0.0350 0.9960 0.0817
vn 0.0074 0.9965 0.0827
vn 0.0083 0.9916 0.1287
vn 0.0061 0.9988 0.0492
vn 0.0072 0.9956 0.0937
vn -0.0375 0.9948 0.0941
vn -0.0374 0.9980 0.0510
vn 0.0218 0.9911 0.1313
vn 0.0207 0.9871 0.1589
vn -0.0060 0.9872 0.1591
vn -0.0058 0.9913 0.1313
vn -0.0169 0.9972 0.0730
vn -0.0169 0.9977 0.0661
vn -0.0101 0.9978 0.0658
vn -0.0102 0.9973 0.0728
vn -0.0767 0.9969 0.0179
vn -0.0775 0.9953 0.0573
vn -0.1164 0.9915 0.0575
vn -0.1155 0.9932 0.0178
vn -0.0954 0.9710 0.2192
vn -0.0963 0.9864 0.1333
vn -0.0078 0.9907 0.1362
vn -0.0036 0.9740 0.2265
vn 0.0211 0.9976 0.0661
vn 0.0223 0.9997 0.0122
vn 0.0768 0.9970 0.0128
vn 0.0759 0.9949 0.0663
vn 0.1840 0.9563 0.2270
vn 0.1864 0.9810 0.0538
vn 0.3715 0.9262 0.0647
vn 0.3722 0.8932 0.2522
vn 0.0903 0.9165 0.3897
vn 0.0870 0.9414 0.3260
vn 0.1529 0.9285 0.3383
vn 0.1552 0.9041 0.3982
vn 0.1138 0.9921 -0.0525
vn 0.1172 0.9929 0.0222
vn 0.0374 0.9985 0.0412
vn 0.0406 0.9987 -0.0305
vn 0.4513 0.8924 0.0033
vn 0.4531 0.8911 0.0262
vn 0.4298 0.9024 0.0294
vn 0.4281 0.9037 0.0080
vn 0.3923 0.9107 0.1293
vn 0.3931 0.8973 0.2010
vn 0.3234 0.9244 0.2023
vn 0.3239 0.9373 0.1291
vn 0.0238 0.9755 0.2185
vn 0.0304 0.9913 0.1279
vn 0.1162 0.9837 0.1375
vn 0.1115 0.9640 0.2413
vn 0.1761 0.9824 -0.0627
vn 0.1759 0.9814 -0.0765
vn 0.1905 0.9786 -0.0773
vn 0.1906 0.9796 -0.0636
vn 0.2989 0.9484 -0.1053
vn 0.2970 0.9446 -0.1398
vn 0.3306 0.9334 -0.1392
vn 0.3319 0.9374 -0.1058
vn 0.3284 0.9421 -0.0687
vn 0.3295 0.9436 -0.0316
vn 0.2967 0.9542 -0.0395
vn 0.2939 0.9530 -0.0738
vn 0.2078 0.9756 -0.0713
vn 0.2076 0.9740 -0.0904
vn 0.2267 0.9699 -0.0890
vn 0.2271 0.9713 -0.0704
vn 0.1967 0.9321 -0.3041
vn 0.2024 0.9474 -0.2478
vn 0.1559 0.9560 -0.2487
vn 0.1478 0.9425 -0.2996
vn 0.3009 0.9145 -0.2705
vn 0.2804 0.8780 -0.3879
vn 0.3866 0.8378 -0.3854
vn 0.4049 0.8761 -0.2616
vn 0.3888 0.8165 -0.4267
vn 0.4075 0.8540 -0.3234
vn 0.3254 0.8863 -0.3295
vn 0.3048 0.8519 -0.4260
vn 0.2540 0.9621 -0.0988
vn 0.2233 0.9141 -0.3384
vn 0.4845 0.8111 -0.3276
vn 0.4871 0.8720 -0.0482
vn 0.5493 0.8154 -0.1827
vn 0.5382 0.8427 -0.0140
vn 0.3984 0.9168 -0.0267
vn 0.3972 0.9001 -0.1793
vn 0.3393 0.9401 0.0319
vn 0.3392 0.9402 0.0307
vn 0.3401 0.9399 0.0309
vn 0.3402 0.9398 0.0321
vn 0.4204 0.9067 -0.0343
vn 0.3929 0.8744 -0.2848
vn 0.5724 0.7524 -0.3259
vn 0.6073 0.7931 -0.0455
vn 0.2651 0.9535 -0.1437
vn 0.2710 0.9625 0.0092
vn 0.1542 0.9880 0.0097
vn 0.1472 0.9806 -0.1298
vn 0.1096 0.9936 -0.0270
vn 0.1085 0.9928 -0.0503
vn 0.1304 0.9901 -0.0520
vn 0.1310 0.9911 -0.0253
vn 0.6105 0.7920 0.0050
vn 0.5849 0.7633 0.2744
vn 0.3903 0.8778 0.2776
vn 0.4086 0.9124 0.0245
vn 0.3490 0.9371 0.0022
vn 0.3475 0.9329 -0.0950
vn 0.4247 0.8997 -0.1012
vn 0.4286 0.9035 -0.0003
vn 0.1091 0.9925 -0.0547
vn 0.1110 0.9937 0.0178
vn 0.0480 0.9987 0.0185
vn 0.0437 0.9978 -0.0508
vn 0.0121 0.9979 0.0631
vn 0.0139 0.9964 0.0832
vn -0.0051 0.9966 0.0819
vn -0.0074 0.9981 0.0618
vn 0.4044 0.8957 0.1849
vn 0.3935 0.8620 0.3197
vn 0.2490 0.9098 0.3320
vn 0.2558 0.9487 0.1856
vn 0.1621 0.9852 0.0559
vn 0.1623 0.9843 0.0691
vn 0.1483 0.9865 0.0692
vn 0.1480 0.9874 0.0560
vn -0.0075 0.9972 0.0745
vn -0.0095 0.9983 0.0573
vn 0.0064 0.9983 0.0574
vn 0.0084 0.9972 0.0746
vn 0.0556 0.9865 0.1542
vn 0.0505 0.9948 0.0889
vn 0.1219 0.9884 0.0907
vn 0.1220 0.9796 0.1596
vn 0.1770 0.9841 0.0150
vn 0.1762 0.9823 -0.0641
vn 0.2508 0.9661 -0.0615
vn 0.2477 0.9687 0.0151
vn 0.2414 0.9640 0.1118
vn 0.2361 0.9563 0.1725
vn 0.1754 0.9695 0.1710
vn 0.1778 0.9779 0.1099
vn 0.1115 0.9903 -0.0834
vn 0.1104 0.9936 0.0225
vn 0.0132 0.9997 0.0212
vn 0.0136 0.9968 -0.0790
vn -0.0190 0.9934 -0.1136
vn -0.0188 0.9899 -0.1407
vn 0.0080 0.9899 -0.1413
vn 0.0077 0.9936 -0.1128
vn 0.1344 0.9793 -0.1514
vn 0.1349 0.9818 -0.1337
vn 0.1175 0.9841 -0.1334
vn 0.1169 0.9816 -0.1510
vn 0.0808 0.9718 -0.2214
vn 0.0825 0.9811 -0.1749
vn 0.0363 0.9834 -0.1778
vn 0.0351 0.9744 -0.2219
vn 0.0399 0.9794 -0.1978
vn 0.0399 0.9727 -0.2288
vn 0.0727 0.9706 -0.2293
vn 0.0735 0.9773 -0.1985
vn 0.1548 0.9867 -0.0497
vn 0.1499 0.9744 -0.1673
vn 0.2639 0.9506 -0.1635
vn 0.2713 0.9613 -0.0472
vn 0.0740 0.9545 -0.2888
vn 0.0676 0.9118 -0.4050
vn 0.1796 0.8997 -0.3978
vn 0.1918 0.9394 -0.2843
vn 0.2716 0.8734 -0.4042
vn 0.2583 0.8341 -0.4873
vn 0.3277 0.8162 -0.4759
vn 0.3384 0.8507 -0.4022
vn 0.4373 0.8982 -0.0441
vn 0.4117 0.8708 -0.2686
vn 0.6009 0.7545 -0.2639
vn 0.6333 0.7725 -0.0460
vn 0.6143 0.7685 -0.1791
vn 0.6360 0.7683 0.0722
vn 0.4785 0.8779 0.0182
vn 0.4558 0.8666 -0.2029
vn 0.5176 0.8507 -0.0918
vn 0.4703 0.7465 -0.4708
vn 0.7038 0.5812 -0.4086
vn 0.7703 0.6376 0.0103
vn 0.8230 0.4986 -0.2721
vn 0.8306 0.5045 -0.2359
vn 0.8114 0.5290 -0.2484
vn 0.8057 0.5199 -0.2838
vn 0.3169 0.8096 -0.4941
vn 0.3222 0.8175 -0.4774
vn 0.3057 0.8221 -0.4803
vn 0.2989 0.8143 -0.4977
vn 0.0801 0.4683 -0.8799
vn 0.0495 0.4219 -0.9053
vn 0.1368 0.4122 -0.9008
vn 0.1751 0.4605 -0.8702
vn 0.5095 0.3823 -0.7709
vn 0.6193 0.5296 -0.5797
vn 0.2522 0.6541 -0.7131
vn 0.1785 0.4650 -0.8671
vn 0.0941 0.8854 -0.4552
vn 0.0948 0.8886 -0.4487
vn 0.0864 0.8892 -0.4492
vn 0.0862 0.8859 -0.4557
vn 0.4532 0.7388 -0.4988
vn 0.4790 0.7640 -0.4322
vn 0.3996 0.7971 -0.4527
vn 0.3769 0.7670 -0.5193
vn 0.3753 0.9193 0.1185
vn 0.3743 0.8894 0.2623
vn 0.2300 0.9347 0.2710
vn 0.2248 0.9679 0.1123
vn -0.0804 0.8836 0.4613
vn -0.0888 0.7564 0.6480
vn -0.3406 0.6899 0.6387
vn -0.3533 0.8232 0.4444
vn -0.4793 0.7716 0.4182
vn -0.4803 0.7764 0.4081
vn -0.4681 0.7820 0.4116
vn -0.4662 0.7777 0.4217
vn 0.1219 0.9006 0.4172
vn 0.1215 0.8813 0.4567
vn 0.0704 0.8847 0.4608
vn 0.0726 0.9026 0.4242
vn 0.3771 0.9124 0.1593
vn 0.3385 0.8369 0.4302
vn -0.0211 0.8863 0.4627
vn 0.0475 0.9815 0.1856
vn 0.2877 0.7814 0.5537
vn 0.2912 0.7954 0.5316
vn 0.3225 0.7870 0.5259
vn 0.3234 0.7722 0.5470
vn 0.2475 0.8139 0.5256
vn 0.2625 0.7108 0.6526
vn 0.0696 0.7345 0.6750
vn 0.0570 0.8374 0.5437
vn -0.2198 0.9076 0.3577
vn -0.2346 0.8690 0.4356
vn -0.3154 0.8483 0.4253
vn -0.3135 0.8848 0.3446
vn -0.3690 0.8972 0.2428
vn -0.3685 0.8935 0.2567
vn -0.3806 0.8887 0.2554
vn -0.3818 0.8920 0.2420
vn -0.1881 0.8953 0.4038
vn -0.1667 0.7629 0.6247
vn -0.4223 0.6863 0.5922
vn -0.4522 0.8101 0.3733
vn -0.5591 0.8241 0.0911
vn -0.5590 0.8242 0.0899
vn -0.5580 0.8249 0.0901
vn -0.5581 0.8248 0.0913
vn -0.3345 0.8983 0.2850
vn -0.3456 0.9212 0.1784
vn -0.2463 0.9502 0.1908
vn -0.2340 0.9259 0.2965
vn -0.0775 0.8145 0.5750
vn -0.0935 0.8751 0.4749
vn 0.0466 0.8816 0.4697
vn 0.0539 0.8158 0.5758
vn -0.4864 0.8035 0.3433
vn -0.5002 0.8346 0.2308
vn -0.3870 0.8902 0.2403
vn -0.3721 0.8575 0.3554
vn -0.2010 0.9012 0.3840
vn -0.2246 0.9600 0.1672
vn 0.0268 0.9798 0.1982
vn 0.0428 0.9071 0.4188
vn 0.1906 0.7218 0.6654
vn 0.1938 0.7971 0.5719
vn 0.3309 0.7544 0.5670
vn 0.3210 0.6792 0.6600
vn 0.3519 0.9313 0.0942
vn 0.3563 0.9211 0.1569
vn 0.2814 0.9432 0.1764
vn 0.2819 0.9526 0.1144
vn 0.1948 0.9605 0.1988
vn 0.1922 0.9721 0.1342
vn 0.2637 0.9566 0.1241
vn 0.2634 0.9467 0.1855
vn 0.2006 0.9692 0.1425
vn 0.1808 0.9186 0.3514
vn 0.0069 0.9427 0.3336
vn 0.0369 0.9879 0.1503
vn 0.2472 0.9683 0.0365
vn 0.2473 0.9680 0.0419
vn 0.2413 0.9695 0.0424
vn 0.2408 0.9699 0.0363
vn 0.2039 0.9786 -0.0268
vn 0.2076 0.9780 0.0195
vn 0.1632 0.9865 0.0125
vn 0.1636 0.9861 -0.0273
vn -0.0017 1.0000 -0.0043
vn -0.0017 1.0000 -0.0042
vn 0.0051 0.9984 0.0570
vn 0.0050 0.9988 0.0482
vn 0.0134 0.9987 0.0490
vn 0.0130 0.9983 0.0573
vn 0.1479 0.9853 0.0858
vn 0.1487 0.9864 0.0707
vn 0.1624 0.9842 0.0709
vn 0.1617 0.9831 0.0861
vn 0.1858 0.9815 0.0462
vn 0.1866 0.9823 0.0134
vn 0.2196 0.9755 0.0107
vn 0.2194 0.9746 0.0452
vn 0.0208 0.9997 0.0141
vn 0.0209 0.9997 0.0121
vn 0.0231 0.9997 0.0118
vn 0.0231 0.9996 0.0138
vn 0.0241 0.9906 0.1346
vn 0.0245 0.9887 0.1477
vn 0.0109 0.9892 0.1463
vn 0.0109 0.9910 0.1331
vn 0.2000 0.9791 0.0358
vn 0.1995 0.9737 0.1097
vn 0.1290 0.9861 0.1046
vn 0.1295 0.9910 0.0343
vn 0.0818 0.9966 0.0059
vn 0.0815 0.9959 0.0380
vn 0.0519 0.9979 0.0390
vn 0.0524 0.9986 0.0073
vn 0.0129 0.9987 0.0487
vn 0.0129 0.9993 0.0343
vn 0.0285 0.9990 0.0335
vn 0.0288 0.9984 0.0482
vn 0.0141 0.9985 -0.0538
vn 0.0153 0.9997 -0.0187
vn -0.0220 0.9996 -0.0184
vn -0.0230 0.9984 -0.0525
vn 0.0663 0.9976 0.0186
vn 0.0669 0.9968 -0.0436
vn 0.1271 0.9909 -0.0445
vn 0.1277 0.9916 0.0208
vn 0.1447 0.9738 0.1752
vn 0.1443 0.9674 0.2079
vn 0.1119 0.9716 0.2087
vn 0.1123 0.9780 0.1758
vn -0.0421 0.9707 0.2365
vn -0.0414 0.9652 0.2583
vn -0.0622 0.9645 0.2566
vn -0.0627 0.9698 0.2358
vn -0.0471 0.8887 0.4561
vn -0.0489 0.9070 0.4182
vn -0.0153 0.9062 0.4226
vn -0.0130 0.8889 0.4579
vn 0.0119 0.9738 0.2272
vn 0.0004 0.9211 0.3894
vn -0.1759 0.9061 0.3848
vn -0.1511 0.9619 0.2280
vn -0.1609 0.9690 0.1876
vn -0.1444 0.9852 0.0929
vn -0.0302 0.9953 0.0921
vn -0.0354 0.9810 0.1908
vn -0.0001 0.9997 0.0255
vn -0.0025 0.9997 -0.0225
vn 0.0650 0.9971 -0.0395
vn 0.0665 0.9976 0.0188
vn 0.1022 0.9568 0.2721
vn 0.1019 0.9529 0.2856
vn 0.0893 0.9551 0.2824
vn 0.0896 0.9585 0.2705
vn 0.0134 0.9786 0.2052
vn 0.0136 0.9705 0.2409
vn -0.0197 0.9708 0.2389
vn -0.0195 0.9785 0.2053
vn -0.0347 0.9983 -0.0464
vn -0.0348 0.9986 -0.0396
vn -0.0414 0.9984 -0.0395
vn -0.0415 0.9981 -0.0464
vn 0.0913 0.9950 -0.0413
vn 0.0913 0.9947 -0.0468
vn 0.0968 0.9942 -0.0471
vn 0.0968 0.9944 -0.0414
vn 0.0657 0.9837 -0.1671
vn 0.0674 0.9930 -0.0975
vn 0.0077 0.9953 -0.0966
vn 0.0034 0.9868 -0.1617
vn -0.0101 0.9969 -0.0774
vn -0.0102 0.9879 -0.1546
vn 0.0707 0.9842 -0.1621
vn 0.0678 0.9945 -0.0797
vn 0.1096 0.9938 0.0185
vn 0.1102 0.9939 0.0086
vn 0.1210 0.9926 0.0087
vn 0.1206 0.9925 0.0185
vn 0.0473 0.9965 -0.0688
vn 0.0375 0.9736 -0.2252
vn 0.1911 0.9507 -0.2442
vn 0.1927 0.9785 -0.0733
vn 0.2527 0.9664 -0.0472
vn 0.2525 0.9675 -0.0133
vn 0.2244 0.9743 -0.0193
vn 0.2222 0.9738 -0.0493
vn 0.1547 0.9878 0.0178
vn 0.1566 0.9869 -0.0375
vn 0.2137 0.9761 -0.0387
vn 0.2119 0.9772 0.0166
vn 0.2482 0.9491 -0.1938
vn 0.2479 0.9469 -0.2048
vn 0.2586 0.9440 -0.2049
vn 0.2591 0.9461 -0.1941
vn 0.1936 0.9569 -0.2163
vn 0.1917 0.9541 -0.2299
vn 0.2025 0.9516 -0.2312
vn 0.2042 0.9546 -0.2168
vn 0.2509 0.9624 -0.1046
vn 0.2473 0.9527 -0.1766
vn 0.3477 0.9207 -0.1774
vn 0.3407 0.9366 -0.0823
vn 0.1804 0.9405 -0.2881
vn 0.1936 0.9688 -0.1546
vn 0.0700 0.9798 -0.1873
vn 0.0535 0.9515 -0.3029
vn 0.0233 0.9412 -0.3370
vn 0.0149 0.9164 -0.4000
vn 0.0859 0.9069 -0.4126
vn 0.0898 0.9373 -0.3367
vn 0.2575 0.8939 -0.3670
vn 0.2367 0.9650 -0.1129
vn -0.0238 0.9916 -0.1272
vn -0.0221 0.9457 -0.3244
vn -0.1242 0.9857 -0.1136
vn -0.1236 0.9886 -0.0862
vn -0.1499 0.9851 -0.0842
vn -0.1496 0.9823 -0.1130
vn 0.1053 0.9753 -0.1940
vn 0.1029 0.9838 -0.1470
vn 0.0510 0.9876 -0.1486
vn 0.0551 0.9792 -0.1954
vn 0.0130 0.9925 0.1216
vn 0.0177 0.9955 0.0930
vn 0.0589 0.9936 0.0960
vn 0.0501 0.9908 0.1261
vn -0.1586 0.9855 0.0604
vn -0.1585 0.9862 0.0478
vn -0.1451 0.9882 0.0487
vn -0.1454 0.9875 0.0613
vn -0.1091 0.9786 0.1742
vn -0.1059 0.9877 0.1150
vn -0.0325 0.9926 0.1170
vn -0.0403 0.9831 0.1784
vn 0.0281 0.9939 0.1065
vn 0.0115 0.9830 0.1831
vn -0.0485 0.9818 0.1834
vn -0.0493 0.9913 0.1218
vn -0.0406 0.9770 0.2095
vn -0.0458 0.9884 0.1448
vn 0.0226 0.9895 0.1427
vn 0.0238 0.9768 0.2129
vn -0.0157 0.9919 0.1263
vn -0.0191 0.9870 0.1598
vn -0.0508 0.9863 0.1571
vn -0.0509 0.9906 0.1269
vn -0.0531 0.9972 -0.0530
vn -0.0545 0.9935 -0.0996
vn -0.0133 0.9946 -0.1033
vn -0.0125 0.9983 -0.0571
vn 0.1151 0.9878 0.1051
vn 0.1168 0.9931 0.0038
vn 0.2382 0.9712 -0.0035
vn 0.2346 0.9662 0.1069
vn 0.2696 0.9619 -0.0454
vn 0.2682 0.9632 0.0151
vn 0.2056 0.9786 0.0072
vn 0.2069 0.9772 -0.0470
vn 0.0302 0.9993 -0.0214
vn 0.0298 0.9970 -0.0720
vn 0.0786 0.9946 -0.0677
vn 0.0785 0.9968 -0.0143
vn 0.1178 0.9825 -0.1444
vn 0.1175 0.9784 -0.1702
vn 0.1432 0.9749 -0.1705
vn 0.1436 0.9790 -0.1447
vn 0.1607 0.9680 -0.1929
vn 0.1606 0.9752 -0.1525
vn 0.1195 0.9812 -0.1518
vn 0.1199 0.9740 -0.1921
vn 0.1326 0.9881 0.0778
vn 0.1312 0.9914 0.0011
vn 0.1933 0.9811 -0.0022
vn 0.2008 0.9773 0.0673
vn 0.1466 0.9890 -0.0220
vn 0.1459 0.9893 -0.0005
vn 0.1241 0.9923 -0.0007
vn 0.1259 0.9918 -0.0220
vn 0.0988 0.9938 0.0505
vn 0.0970 0.9929 0.0685
vn 0.0802 0.9944 0.0683
vn 0.0814 0.9954 0.0500
vn 0.1756 0.9812 -0.0807
vn 0.1854 0.9827 -0.0016
vn 0.1125 0.9936 -0.0045
vn 0.1091 0.9905 -0.0839
vn 0.0356 0.9793 -0.1992
vn 0.0357 0.9920 -0.1209
vn -0.0481 0.9925 -0.1121
vn -0.0469 0.9800 -0.1935
vn 0.1318 0.9815 -0.1386
vn 0.1380 0.9606 -0.2412
vn 0.2438 0.9373 -0.2490
vn 0.2321 0.9613 -0.1485
vn 0.2841 0.7572 -0.5881
vn 0.2834 0.7950 -0.5363
vn 0.2131 0.8076 -0.5499
vn 0.2134 0.7681 -0.6037
vn -0.0077 0.8648 -0.5020
vn -0.0010 0.7928 -0.6094
vn 0.1280 0.7915 -0.5976
vn 0.1231 0.8604 -0.4945
vn 0.0869 0.5964 -0.7980
vn 0.1007 0.7261 -0.6801
vn -0.1577 0.7134 -0.6828
vn -0.2149 0.5280 -0.8216
vn 0.3119 0.6659 -0.6777
vn 0.2916 0.5362 -0.7921
vn 0.4913 0.4874 -0.7219
vn 0.5246 0.5920 -0.6118
vn 0.6170 0.6281 -0.4742
vn 0.6187 0.6339 -0.4641
vn 0.6101 0.6392 -0.4683
vn 0.6075 0.6338 -0.4788
vn 0.1772 0.9628 -0.2038
vn 0.0728 0.8778 -0.4734
vn 0.4213 0.7851 -0.4540
vn 0.4541 0.8544 -0.2524
vn 0.4899 0.7934 -0.3612
vn 0.4999 0.8337 -0.2346
vn 0.4064 0.8764 -0.2583
vn 0.3896 0.8281 -0.4031
vn 0.6229 0.7766 -0.0943
vn 0.6183 0.7858 0.0128
vn 0.5561 0.8311 0.0053
vn 0.5592 0.8223 -0.1059
vn 0.4512 0.8891 0.0769
vn 0.4304 0.8680 0.2475
vn 0.2656 0.9197 0.2892
vn 0.2835 0.9533 0.1041
vn 0.2569 0.9267 -0.2744
vn 0.2724 0.9584 -0.0855
vn 0.0557 0.9956 -0.0751
vn 0.0315 0.9579 -0.2854
vn -0.0324 0.9991 0.0256
vn -0.0283 0.9968 0.0751
vn -0.0784 0.9943 0.0728
vn -0.0801 0.9966 0.0216
vn 0.1442 0.9857 0.0876
vn 0.1464 0.9872 0.0627
vn 0.1716 0.9832 0.0616
vn 0.1744 0.9808 0.0871
vn 0.1968 0.9481 0.2498
vn 0.2070 0.9293 0.3058
vn 0.1601 0.9382 0.3070
vn 0.1496 0.9557 0.2533
vn -0.1284 0.9790 0.1580
vn -0.1249 0.9682 0.2169
vn -0.1734 0.9607 0.2167
vn -0.1822 0.9711 0.1541
vn -0.1256 0.9769 0.1730
vn -0.1405 0.9880 0.0635
vn 0.0200 0.9979 0.0618
vn 0.0275 0.9859 0.1652
vn 0.0328 0.9982 0.0495
vn 0.0470 0.9862 0.1587
vn -0.0805 0.9834 0.1627
vn -0.0747 0.9960 0.0497
vn -0.1083 0.8094 0.5772
vn -0.0951 0.8960 0.4338
vn 0.0809 0.8957 0.4371
vn 0.0654 0.8081 0.5854
vn 0.1323 0.6854 0.7161
vn 0.1342 0.7277 0.6727
vn 0.2005 0.7162 0.6684
vn 0.1978 0.6731 0.7126
vn 0.2163 0.7927 0.5699
vn 0.2167 0.7737 0.5954
vn 0.1732 0.7798 0.6016
vn 0.1706 0.7997 0.5756
vn 0.1498 0.7729 0.6166
vn 0.1499 0.7732 0.6162
vn 0.1505 0.7731 0.6161
vn 0.1504 0.7729 0.6165
vn 0.0889 0.8776 0.4711
vn 0.0472 0.7789 0.6254
vn -0.1124 0.7860 0.6080
vn -0.0748 0.8749 0.4785
vn 0.1926 0.8502 0.4900
vn 0.1784 0.8918 0.4158
vn 0.3001 0.8692 0.3929
vn 0.3209 0.8218 0.4708
vn 0.2430 0.9322 0.2683
vn 0.2736 0.8771 0.3947
vn 0.1103 0.9124 0.3942
vn 0.1021 0.9543 0.2810
vn -0.0484 0.9325 0.3579
vn -0.0139 0.9753 0.2204
vn 0.1193 0.9731 0.1970
vn 0.0976 0.9273 0.3613
vn 0.2187 0.9730 0.0735
vn 0.2190 0.9747 0.0453
vn 0.2448 0.9684 0.0473
vn 0.2444 0.9668 0.0751
vn 0.0848 0.9745 0.2079
vn 0.0858 0.9886 0.1240
vn 0.1698 0.9771 0.1279
vn 0.1657 0.9637 0.2092
vn 0.2081 0.9697 -0.1277
vn 0.2082 0.9721 -0.1084
vn 0.1895 0.9759 -0.1081
vn 0.1889 0.9736 -0.1278
vn 0.2442 0.9658 -0.0869
vn 0.2448 0.9676 -0.0615
vn 0.2194 0.9738 -0.0604
vn 0.2187 0.9720 -0.0862
vn 0.2307 0.9582 0.1693
vn 0.2317 0.9653 0.1203
vn 0.2756 0.9538 0.1197
vn 0.2744 0.9471 0.1663
vn 0.1378 0.9887 0.0598
vn 0.1370 0.9786 0.1537
vn 0.0381 0.9867 0.1583
vn 0.0403 0.9973 0.0614
vn 0.0471 0.9967 0.0654
vn 0.0495 0.9979 -0.0429
vn 0.1568 0.9869 -0.0384
vn 0.1565 0.9855 0.0659
vn 0.2636 0.9635 -0.0461
vn 0.2645 0.9640 0.0262
vn 0.1959 0.9803 0.0252
vn 0.1956 0.9794 -0.0496
vn 0.1697 0.9850 0.0314
vn 0.1698 0.9854 0.0098
vn 0.1904 0.9817 0.0096
vn 0.1904 0.9812 0.0312
vn 0.2524 0.9487 0.1903
vn 0.2527 0.9635 0.0889
vn 0.3480 0.9333 0.0892
vn 0.3516 0.9157 0.1947
vn 0.3407 0.9326 -0.1187
vn 0.3472 0.9360 -0.0589
vn 0.2837 0.9574 -0.0531
vn 0.2817 0.9532 -0.1100
vn 0.2005 0.9795 -0.0166
vn 0.2005 0.9795 -0.0164
vn 0.2003 0.9796 -0.0164
vn 0.2003 0.9796 -0.0166
vn 0.2135 0.9691 0.1236
vn 0.2156 0.9731 0.0807
vn 0.2544 0.9635 0.0831
vn 0.2528 0.9592 0.1264
vn 0.2409 0.9637 0.1155
vn 0.2398 0.9611 0.1368
vn 0.2216 0.9657 0.1355
vn 0.2227 0.9682 0.1143
vn 0.2178 0.9680 0.1247
vn 0.2183 0.9692 0.1142
vn 0.2279 0.9669 0.1144
vn 0.2274 0.9657 0.1251
vn 0.2622 0.9575 0.1205
vn 0.2612 0.9545 0.1438
vn 0.2388 0.9603 0.1443
vn 0.2402 0.9632 0.1206
vn 0.2280 0.9624 0.1477
vn 0.2281 0.9627 0.1457
vn 0.2301 0.9622 0.1456
vn 0.2301 0.9619 0.1476
vn 0.2301 0.9624 0.1445
vn 0.2299 0.9620 0.1472
vn 0.2271 0.9627 0.1474
vn 0.2273 0.9630 0.1445
vn 0.1746 0.9809 -0.0854
vn 0.1694 0.9847 0.0397
vn 0.0396 0.9981 0.0477
vn 0.0434 0.9962 -0.0761
vn 0.1911 0.9719 0.1377
vn 0.1945 0.9578 0.2118
vn 0.1185 0.9696 0.2141
vn 0.1137 0.9834 0.1416
vn 0.0363 0.9966 0.0744
vn 0.0408 0.9882 0.1478
vn -0.0309 0.9882 0.1501
vn -0.0325 0.9966 0.0763
vn -0.0506 0.9979 -0.0407
vn -0.0515 0.9986 0.0150
vn -0.1094 0.9939 0.0159
vn -0.1095 0.9932 -0.0408
vn -0.0993 0.9933 -0.0592
vn -0.0984 0.9855 -0.1381
vn -0.0253 0.9912 -0.1300
vn -0.0274 0.9980 -0.0574
vn -0.0961 0.9847 -0.1453
vn -0.0963 0.9920 -0.0813
vn -0.1631 0.9831 -0.0838
vn -0.1642 0.9746 -0.1526
vn -0.1730 0.9847 0.0208
vn -0.1743 0.9845 -0.0191
vn -0.1308 0.9912 -0.0201
vn -0.1309 0.9912 0.0184
vn 0.0255 0.9935 0.1107
vn 0.0260 0.9983 0.0517
vn 0.0810 0.9955 0.0487
vn 0.0844 0.9903 0.1104
vn 0.0742 0.9972 -0.0121
vn 0.0783 0.9959 0.0455
vn 0.0150 0.9988 0.0467
vn 0.0138 0.9998 -0.0105
vn -0.0978 0.9931 0.0652
vn -0.0971 0.9945 0.0386
vn -0.0687 0.9969 0.0385
vn -0.0699 0.9954 0.0650
vn -0.0381 0.9935 0.1075
vn -0.0365 0.9970 0.0677
vn 0.0026 0.9977 0.0671
vn 0.0018 0.9943 0.1067
vn -0.0228 0.9940 0.1071
vn -0.0228 0.9924 0.1208
vn -0.0357 0.9920 0.1209
vn -0.0357 0.9936 0.1070
vn -0.0166 0.9960 -0.0876
vn -0.0153 0.9898 -0.1419
vn 0.0372 0.9890 -0.1433
vn 0.0342 0.9955 -0.0879
vn 0.0242 0.9847 -0.1726
vn 0.0242 0.9844 -0.1744
vn 0.0260 0.9843 -0.1745
vn 0.0260 0.9846 -0.1727
vn 0.0612 0.9628 -0.2631
vn 0.0578 0.9426 -0.3290
vn 0.1346 0.9355 -0.3268
vn 0.1374 0.9553 -0.2617
vn 0.1012 0.9864 -0.1297
vn 0.1048 0.9747 -0.1973
vn 0.1770 0.9645 -0.1962
vn 0.1749 0.9760 -0.1299
vn 0.2673 0.9553 -0.1265
vn 0.2687 0.9344 -0.2339
vn 0.3799 0.8976 -0.2236
vn 0.3793 0.9180 -0.1159
vn 0.1740 0.9405 -0.2919
vn 0.1740 0.9401 -0.2932
vn 0.1753 0.9399 -0.2930
vn 0.1754 0.9402 -0.2918
vn 0.2328 0.9693 -0.0798
vn 0.2309 0.9590 -0.1641
vn 0.3292 0.9317 -0.1537
vn 0.3238 0.9439 -0.0644
vn 0.4084 0.9101 -0.0703
vn 0.4075 0.9128 -0.0266
vn 0.3673 0.9295 -0.0339
vn 0.3655 0.9278 -0.0755
vn 0.3258 0.9343 -0.1449
vn 0.3292 0.9377 -0.1112
vn 0.3028 0.9467 -0.1101
vn 0.2993 0.9433 -0.1434
vn 0.2886 0.9574 -0.0134
vn 0.2779 0.9536 0.1155
vn 0.1537 0.9825 0.1049
vn 0.1459 0.9892 -0.0145
vn 0.1122 0.9894 0.0917
vn 0.1085 0.9928 0.0502
vn 0.1454 0.9886 0.0396
vn 0.1456 0.9857 0.0854
vn 0.3012 0.9507 0.0734
vn 0.3013 0.9504 0.0774
vn 0.2977 0.9515 0.0778
vn 0.2977 0.9518 0.0735
vn 0.2231 0.9744 0.0268
vn 0.2179 0.9600 0.1760
vn 0.0971 0.9785 0.1821
vn 0.0998 0.9936 0.0530
vn 0.1522 0.9569 0.2472
vn 0.1519 0.9560 0.2510
vn 0.1479 0.9567 0.2508
vn 0.1481 0.9576 0.2471
vn 0.1354 0.9842 0.1139
vn 0.1349 0.9807 0.1415
vn 0.1077 0.9842 0.1403
vn 0.1082 0.9876 0.1134
vn 0.0448 0.9955 0.0831
vn 0.0449 0.9945 0.0944
vn 0.0363 0.9949 0.0940
vn 0.0355 0.9960 0.0820
vn 0.0386 0.9928 -0.1137
vn 0.0346 0.9818 -0.1867
vn 0.1113 0.9756 -0.1894
vn 0.1057 0.9884 -0.1087
vn 0.0593 0.9805 -0.1875
vn 0.0626 0.9924 -0.1058
vn -0.0043 0.9948 -0.1021
vn -0.0132 0.9834 -0.1807
vn -0.0630 0.9714 -0.2288
vn -0.0605 0.9754 -0.2121
vn -0.0791 0.9741 -0.2119
vn -0.0818 0.9696 -0.2306
vn 0.1566 0.9666 -0.2028
vn 0.1562 0.9672 -0.2003
vn 0.1538 0.9675 -0.2007
vn 0.1541 0.9670 -0.2029
vn 0.1139 0.9852 -0.1281
vn 0.1067 0.9919 -0.0689
vn 0.0526 0.9964 -0.0670
vn 0.0551 0.9902 -0.1281
vn -0.1083 0.9941 0.0103
vn -0.0985 0.9892 0.1081
vn -0.2237 0.9666 0.1248
vn -0.2204 0.9752 0.0195
vn -0.2868 0.9321 -0.2213
vn -0.2939 0.9431 -0.1557
vn -0.3828 0.9102 -0.1582
vn -0.3852 0.8930 -0.2327
vn 0.0381 0.9892 -0.1413
vn 0.0379 0.9840 -0.1739
vn 0.0622 0.9836 -0.1692
vn 0.0624 0.9882 -0.1396
vn 0.1054 0.9930 -0.0541
vn 0.1085 0.9845 -0.1379
vn 0.1843 0.9724 -0.1433
vn 0.1737 0.9832 -0.0554
vn -0.3968 0.9080 -0.1344
vn -0.4055 0.8969 -0.1763
vn -0.3474 0.9192 -0.1854
vn -0.3329 0.9316 -0.1459
vn -0.1282 0.9813 -0.1436
vn -0.1746 0.9293 -0.3254
vn 0.1211 0.9299 -0.3474
vn 0.1183 0.9741 -0.1928
vn 0.2124 0.9570 -0.1974
vn 0.2108 0.9636 -0.1643
vn 0.1684 0.9732 -0.1567
vn 0.1601 0.9677 -0.1949
vn 0.0607 0.7465 -0.6626
vn -0.0727 0.4390 -0.8955
vn 0.2097 0.5538 -0.8058
vn 0.2776 0.7465 -0.6047
vn 0.2028 0.4729 -0.8575
vn 0.2119 0.5220 -0.8262
vn 0.1558 0.5081 -0.8471
vn 0.1277 0.4416 -0.8881
vn 0.3190 0.9100 -0.2648
vn 0.3427 0.9227 -0.1764
vn 0.1964 0.9701 -0.1424
vn 0.1522 0.9575 -0.2449
vn 0.2961 0.8142 -0.4994
vn 0.3019 0.8729 -0.3832
vn 0.1387 0.9142 -0.3807
vn 0.1485 0.8479 -0.5089
vn 0.0607 0.8080 -0.5860
vn 0.0591 0.8223 -0.5660
vn 0.0329 0.8247 -0.5646
vn 0.0318 0.8103 -0.5851
vn -0.1212 0.8254 -0.5514
vn -0.1350 0.7992 -0.5857
vn -0.0768 0.8083 -0.5837
vn -0.0754 0.8280 -0.5556
vn -0.1058 0.8545 -0.5085
vn -0.1138 0.8939 -0.4336
vn -0.2040 0.8795 -0.4299
vn -0.1901 0.8431 -0.5030
vn -0.0156 0.7950 -0.6065
vn -0.0118 0.8246 -0.5656
vn -0.0770 0.8214 -0.5651
vn -0.0781 0.7906 -0.6073
vn -0.5908 0.7972 -0.1239
vn -0.5898 0.8058 -0.0522
vn -0.6361 0.7703 -0.0441
vn -0.6350 0.7647 -0.1096
vn -0.3566 0.9337 -0.0317
vn -0.3567 0.9337 -0.0306
vn -0.3578 0.9333 -0.0307
vn -0.3577 0.9333 -0.0317
vn -0.3676 0.9285 0.0520
vn -0.3683 0.9264 0.0778
vn -0.3877 0.9187 0.0759
vn -0.3848 0.9215 0.0517
vn -0.6252 0.7659 0.1501
vn -0.6297 0.7725 0.0823
vn -0.5874 0.8052 0.0809
vn -0.5871 0.7961 0.1467
vn -0.5285 0.7553 0.3876
vn -0.5386 0.7759 0.3286
vn -0.4846 0.8080 0.3351
vn -0.4643 0.7876 0.4050
vn -0.3962 0.8720 0.2875
vn -0.3939 0.8850 0.2483
vn -0.3471 0.9043 0.2484
vn -0.3483 0.8923 0.2873
vn -0.3594 0.7628 0.5376
vn -0.3539 0.7027 0.6172
vn -0.4396 0.6797 0.5872
vn -0.4374 0.7355 0.5174
vn -0.3700 0.7719 0.5169
vn -0.3748 0.7775 0.5051
vn -0.3584 0.7834 0.5078
vn -0.3555 0.7775 0.5187
vn -0.3383 0.6815 0.6489
vn -0.3253 0.6401 0.6961
vn -0.3755 0.6361 0.6741
vn -0.3834 0.6754 0.6300
vn -0.4394 0.6511 0.6189
vn -0.4416 0.7138 0.5435
vn -0.3645 0.7385 0.5672
vn -0.3435 0.6682 0.6599
vn -0.2384 0.7242 0.6470
vn -0.2597 0.7844 0.5633
vn -0.1247 0.8050 0.5801
vn -0.1167 0.7408 0.6615
vn -0.3464 0.5880 0.7309
vn -0.3551 0.6410 0.6805
vn -0.2600 0.6620 0.7029
vn -0.2524 0.6053 0.7549
vn -0.1542 0.8808 0.4476
vn -0.1521 0.9329 0.3264
vn -0.0030 0.9461 0.3238
vn -0.0069 0.8927 0.4506
vn -0.0507 0.9651 0.2568
vn -0.0507 0.9667 0.2507
vn -0.0436 0.9672 0.2502
vn -0.0435 0.9656 0.2564
vn -0.0095 0.9456 0.3252
vn -0.0095 0.9621 0.2726
vn 0.0508 0.9603 0.2743
vn 0.0490 0.9438 0.3269
vn 0.0820 0.9245 0.3724
vn 0.0825 0.9297 0.3589
vn 0.0988 0.9281 0.3591
vn 0.0983 0.9227 0.3727
vn 0.1119 0.9894 -0.0922
vn 0.1119 0.9893 -0.0936
vn 0.1132 0.9891 -0.0937
vn 0.1132 0.9893 -0.0923
vn 0.1039 0.9890 -0.1053
vn 0.1040 0.9864 -0.1275
vn 0.1248 0.9839 -0.1277
vn 0.1250 0.9865 -0.1060
vn 0.1431 0.9891 0.0346
vn 0.1432 0.9895 0.0208
vn 0.1567 0.9874 0.0207
vn 0.1565 0.9871 0.0344
vn 0.1217 0.9901 0.0694
vn 0.1218 0.9913 0.0507
vn 0.1410 0.9887 0.0506
vn 0.1414 0.9875 0.0698
vn 0.1246 0.9922 0.0076
vn 0.1239 0.9910 0.0501
vn 0.0768 0.9955 0.0552
vn 0.0813 0.9966 0.0155
vn 0.1510 0.9850 0.0838
vn 0.1500 0.9829 0.1070
vn 0.1277 0.9859 0.1077
vn 0.1294 0.9879 0.0850
vn 0.0957 0.9798 0.1756
vn 0.0921 0.9733 0.2102
vn 0.0632 0.9763 0.2071
vn 0.0669 0.9826 0.1732
vn 0.0479 0.9738 0.2221
vn 0.0541 0.9829 0.1761
vn 0.0908 0.9794 0.1801
vn 0.0871 0.9694 0.2295
vn 0.1010 0.9948 -0.0133
vn 0.1008 0.9947 0.0177
vn 0.0722 0.9972 0.0184
vn 0.0718 0.9973 -0.0124
vn 0.1054 0.9944 -0.0057
vn 0.1095 0.9912 -0.0741
vn 0.1807 0.9799 -0.0850
vn 0.1826 0.9831 -0.0111
vn 0.1996 0.9797 0.0155
vn 0.2019 0.9767 0.0727
vn 0.1465 0.9867 0.0701
vn 0.1457 0.9892 0.0154
vn 0.0641 0.9979 0.0107
vn 0.0638 0.9980 -0.0025
vn 0.0774 0.9970 -0.0025
vn 0.0775 0.9969 0.0113
vn 0.0637 0.9967 0.0493
vn 0.0636 0.9940 0.0890
vn 0.0237 0.9960 0.0856
vn 0.0238 0.9986 0.0472
vn 0.1179 0.9862 0.1164
vn 0.1178 0.9856 0.1212
vn 0.1130 0.9862 0.1209
vn 0.1131 0.9868 0.1159
vn 0.0747 0.9968 0.0283
vn 0.0730 0.9920 0.1033
vn -0.0011 0.9948 0.1017
vn 0.0008 0.9996 0.0282
vn -0.0002 0.9997 -0.0235
vn -0.0002 0.9999 -0.0133
vn -0.0098 0.9999 -0.0132
vn -0.0100 0.9997 -0.0231
vn -0.0117 0.9985 -0.0531
vn -0.0119 0.9981 -0.0612
vn -0.0046 0.9981 -0.0616
vn -0.0044 0.9985 -0.0537
vn -0.0151 0.9965 -0.0826
vn -0.0143 0.9931 -0.1166
vn 0.0195 0.9927 -0.1192
vn 0.0192 0.9962 -0.0845
vn 0.0437 0.9979 -0.0471
vn 0.0437 0.9972 -0.0608
vn 0.0570 0.9965 -0.0607
vn 0.0570 0.9973 -0.0473
vn 0.0205 0.9995 0.0249
vn 0.0196 0.9996 -0.0178
vn 0.0626 0.9979 -0.0176
vn 0.0629 0.9976 0.0279
vn 0.1075 0.9935 0.0380
vn 0.1067 0.9943 -0.0035
vn 0.1521 0.9883 -0.0052
vn 0.1550 0.9871 0.0393
vn 0.0640 0.9977 -0.0210
vn 0.0640 0.9977 -0.0226
vn 0.0655 0.9976 -0.0227
vn 0.0655 0.9976 -0.0211
vn 0.0638 0.9851 0.1597
vn 0.0642 0.9867 0.1492
vn 0.0743 0.9859 0.1499
vn 0.0740 0.9841 0.1614
vn 0.1290 0.9911 0.0319
vn 0.1324 0.9830 0.1273
vn 0.0412 0.9926 0.1145
vn 0.0438 0.9985 0.0315
vn 0.0012 1.0000 0.0098
vn -0.0000 0.9996 0.0289
vn -0.0178 0.9994 0.0295
vn -0.0165 0.9998 0.0102
vn 0.1036 0.9945 0.0135
vn 0.1022 0.9945 -0.0232
vn 0.1431 0.9894 -0.0245
vn 0.1472 0.9890 0.0116
vn 0.1317 0.9913 -0.0025
vn 0.1391 0.9882 0.0646
vn 0.0684 0.9955 0.0657
vn 0.0655 0.9979 0.0007
vn -0.0205 0.9997 -0.0123
vn -0.0201 0.9996 -0.0197
vn -0.0127 0.9997 -0.0201
vn -0.0129 0.9998 -0.0124
vn -0.0200 0.9976 -0.0665
vn -0.0198 0.9989 -0.0437
vn -0.0418 0.9982 -0.0436
vn -0.0427 0.9969 -0.0665
vn 0.0402 0.9984 -0.0397
vn 0.0402 0.9977 -0.0538
vn 0.0540 0.9971 -0.0537
vn 0.0536 0.9978 -0.0397
vn 0.0619 0.9933 -0.0973
vn 0.0618 0.9935 -0.0952
vn 0.0597 0.9937 -0.0952
vn 0.0598 0.9935 -0.0973
vn -0.0143 0.9998 0.0108
vn -0.0170 0.9981 -0.0595
vn 0.0580 0.9964 -0.0611
vn 0.0584 0.9982 0.0101
vn 0.0758 0.9969 0.0187
vn 0.0750 0.9956 0.0556
vn 0.0369 0.9978 0.0550
vn 0.0379 0.9991 0.0186
vn 0.0985 0.9946 0.0337
vn 0.0985 0.9940 -0.0465
vn 0.1751 0.9837 -0.0417
vn 0.1764 0.9836 0.0362
vn 0.2405 0.9705 -0.0172
vn 0.2383 0.9681 -0.0779
vn 0.2939 0.9530 -0.0742
vn 0.2961 0.9550 -0.0141
vn 0.0163 0.9998 -0.0094
vn 0.0163 0.9999 -0.0015
vn 0.0093 1.0000 -0.0017
vn 0.0089 0.9999 -0.0093
vn 0.0405 0.9992 -0.0064
vn 0.0371 0.9961 -0.0806
vn 0.1200 0.9894 -0.0812
vn 0.1163 0.9932 -0.0027
vn 0.3236 0.9361 -0.1379
vn 0.3226 0.9340 -0.1536
vn 0.3361 0.9291 -0.1542
vn 0.3369 0.9314 -0.1381
vn 0.3005 0.9507 -0.0762
vn 0.3015 0.9532 0.0236
vn 0.2139 0.9766 0.0239
vn 0.2108 0.9747 -0.0743
vn 0.1705 0.9785 -0.1165
vn 0.1709 0.9778 -0.1211
vn 0.1755 0.9770 -0.1212
vn 0.1752 0.9776 -0.1165
vn 0.1354 0.9903 -0.0297
vn 0.1312 0.9907 0.0359
vn 0.0665 0.9972 0.0332
vn 0.0678 0.9973 -0.0295
vn 0.1970 0.9795 0.0433
vn 0.1953 0.9807 -0.0124
vn 0.2627 0.9645 -0.0262
vn 0.2639 0.9637 0.0413
vn 0.2989 0.9496 0.0946
vn 0.2974 0.9485 0.1086
vn 0.2793 0.9543 0.1063
vn 0.2828 0.9546 0.0933
vn -0.0127 0.9980 -0.0623
vn -0.0068 0.9995 0.0293
vn -0.0854 0.9960 0.0249
vn -0.1010 0.9930 -0.0612
vn -0.0899 0.9896 -0.1121
vn -0.1109 0.9551 -0.2747
vn 0.0681 0.9526 -0.2965
vn 0.0565 0.9921 -0.1121
vn 0.2677 0.9088 -0.3202
vn 0.2442 0.9609 -0.1308
vn 0.0774 0.9866 -0.1439
vn 0.0663 0.9480 -0.3114
vn 0.0161 0.9852 -0.1709
vn 0.0133 0.9810 -0.1937
vn 0.0401 0.9803 -0.1933
vn 0.0419 0.9846 -0.1697
vn 0.1287 0.9639 -0.2332
vn 0.1233 0.9765 -0.1765
vn 0.0696 0.9814 -0.1789
vn 0.0671 0.9704 -0.2321
vn 0.0532 0.9943 -0.0929
vn 0.0534 0.9945 -0.0904
vn 0.0511 0.9946 -0.0902
vn 0.0509 0.9944 -0.0927
vn 0.0761 0.9913 -0.1077
vn 0.0746 0.9868 -0.1440
vn 0.1087 0.9836 -0.1438
vn 0.1096 0.9880 -0.1085
vn 0.1776 0.9825 0.0566
vn 0.1812 0.9817 -0.0589
vn 0.3020 0.9520 -0.0501
vn 0.2890 0.9546 0.0727
vn 0.0975 0.9704 0.2210
vn 0.0962 0.9859 0.1368
vn 0.1834 0.9706 0.1560
vn 0.1828 0.9519 0.2457
vn 0.2313 0.9575 -0.1726
vn 0.2304 0.9535 -0.1944
vn 0.2537 0.9459 -0.2023
vn 0.2530 0.9509 -0.1784
vn 0.3171 0.9326 -0.1722
vn 0.3145 0.9472 -0.0619
vn 0.2274 0.9722 -0.0555
vn 0.2191 0.9647 -0.1462
vn 0.1968 0.9680 -0.1556
vn 0.1893 0.9614 -0.1997
vn 0.2273 0.9536 -0.1972
vn 0.2363 0.9598 -0.1515
vn 0.2809 0.9585 -0.0493
vn 0.2868 0.9532 -0.0957
vn 0.3429 0.9353 -0.0875
vn 0.3338 0.9417 -0.0411
vn 0.4041 0.8582 -0.3164
vn 0.4035 0.8626 -0.3051
vn 0.3920 0.8671 -0.3074
vn 0.3911 0.8637 -0.3179
vn 0.2434 0.8973 -0.3683
vn 0.2257 0.8579 -0.4616
vn 0.3245 0.8358 -0.4429
vn 0.3226 0.8783 -0.3529
vn 0.3125 0.6761 -0.6672
vn 0.3184 0.7484 -0.5818
vn 0.1795 0.7808 -0.5984
vn 0.1578 0.7097 -0.6867
vn 0.2705 0.6260 -0.7314
vn 0.2747 0.6342 -0.7227
vn 0.2638 0.6372 -0.7241
vn 0.2595 0.6301 -0.7319
vn 0.3356 0.7378 -0.5857
vn 0.3303 0.7296 -0.5988
vn 0.3519 0.7251 -0.5919
vn 0.3566 0.7345 -0.5773
vn 0.0763 0.7649 -0.6396
vn 0.0825 0.7854 -0.6135
vn 0.0349 0.7882 -0.6144
vn 0.0341 0.7659 -0.6421
vn -0.0195 0.7358 -0.6769
vn -0.0252 0.7643 -0.6444
vn -0.0898 0.7596 -0.6442
vn -0.0797 0.7336 -0.6749
vn 0.3058 0.6482 -0.6974
vn 0.3159 0.6701 -0.6717
vn 0.2705 0.6814 -0.6801
vn 0.2595 0.6610 -0.7041
vn -0.2709 0.9244 -0.2684
vn -0.2663 0.9192 -0.2901
vn -0.2458 0.9248 -0.2903
vn -0.2520 0.9295 -0.2694
vn -0.5696 0.7809 -0.2565
vn -0.5749 0.7953 -0.1922
vn -0.6148 0.7680 -0.1797
vn -0.6109 0.7515 -0.2489
vn -0.5655 0.7857 0.2507
vn -0.5768 0.7917 0.2013
vn -0.5316 0.8236 0.1978
vn -0.5216 0.8155 0.2509
vn -0.2066 0.6325 0.7465
vn -0.1678 0.8651 0.4727
vn 0.3708 0.8371 0.4021
vn 0.2397 0.6367 0.7329
vn 0.5028 0.5312 0.6819
vn 0.5702 0.6046 0.5562
vn 0.6923 0.5341 0.4851
vn 0.6350 0.4750 0.6093
vn -0.3702 0.7353 0.5677
vn -0.3919 0.7716 0.5011
vn -0.3055 0.7967 0.5215
vn -0.2915 0.7579 0.5836
vn -0.1679 0.7351 0.6568
vn -0.1933 0.7986 0.5699
vn -0.0260 0.8211 0.5702
vn 0.0296 0.7424 0.6693
vn 0.7226 0.5430 0.4277
vn 0.6846 0.5034 0.5272
vn 0.6075 0.5542 0.5691
vn 0.6513 0.5970 0.4684
vn 0.6173 0.7291 0.2955
vn 0.5731 0.6763 0.4628
vn 0.4164 0.7505 0.5132
vn 0.4497 0.8323 0.3241
vn 0.1032 0.7497 0.6537
vn 0.1280 0.7062 0.6964
vn 0.0398 0.7185 0.6944
vn 0.0304 0.7543 0.6558
vn -0.0564 0.6836 0.7277
vn -0.0494 0.6226 0.7810
vn -0.1844 0.6164 0.7655
vn -0.1920 0.6783 0.7092
vn 0.3053 0.6014 0.7383
vn 0.3164 0.6368 0.7032
vn 0.3781 0.6198 0.6877
vn 0.3670 0.5903 0.7189
vn 0.3763 0.7770 0.5046
vn 0.3468 0.6713 0.6550
vn 0.1768 0.6923 0.6996
vn 0.1904 0.8156 0.5463
vn -0.1413 0.6723 0.7267
vn -0.1427 0.7947 0.5900
vn 0.1014 0.8035 0.5867
vn 0.0848 0.6901 0.7187
vn 0.1986 0.9389 0.2812
vn 0.1960 0.9165 0.3487
vn 0.1262 0.9286 0.3490
vn 0.1265 0.9509 0.2826
vn 0.0585 0.9798 0.1914
vn 0.0597 0.9716 0.2291
vn 0.0229 0.9733 0.2285
vn 0.0217 0.9816 0.1899
vn 0.0500 0.9987 0.0011
vn 0.0435 0.9932 -0.1084
vn 0.1482 0.9822 -0.1153
vn 0.1618 0.9868 -0.0021
vn 0.0597 0.9879 -0.1429
vn 0.0606 0.9924 -0.1072
vn 0.0258 0.9942 -0.1044
vn 0.0267 0.9898 -0.1400
vn 0.0104 0.9932 0.1163
vn 0.0119 0.9959 0.0894
vn 0.0373 0.9952 0.0904
vn 0.0351 0.9925 0.1175
vn 0.2117 0.9740 0.0806
vn 0.2168 0.9689 0.1192
vn 0.1789 0.9768 0.1178
vn 0.1723 0.9819 0.0785
vn 0.0987 0.9933 0.0596
vn 0.1068 0.9813 0.1603
vn -0.0063 0.9882 0.1530
vn 0.0049 0.9983 0.0583
vn 0.1068 0.9827 0.1511
vn 0.1063 0.9937 0.0366
vn 0.2343 0.9720 0.0159
vn 0.2667 0.9525 0.1472
vn 0.2785 0.9560 0.0923
vn 0.3129 0.9235 0.2218
vn 0.1698 0.9639 0.2052
vn 0.1600 0.9828 0.0922
vn -0.0260 0.9883 0.1503
vn -0.0153 0.9964 0.0829
vn 0.0456 0.9956 0.0817
vn 0.0423 0.9875 0.1520
vn 0.0667 0.9912 -0.1145
vn 0.0670 0.9926 -0.1015
vn 0.0535 0.9935 -0.1007
vn 0.0535 0.9920 -0.1140
vn 0.0892 0.9929 -0.0792
vn 0.0903 0.9949 -0.0456
vn 0.0575 0.9974 -0.0443
vn 0.0563 0.9954 -0.0774
vn 0.0344 0.9994 -0.0094
vn 0.0349 0.9994 0.0068
vn 0.0186 0.9998 0.0058
vn 0.0181 0.9998 -0.0101
vn 0.0470 0.9988 -0.0114
vn 0.0471 0.9988 -0.0151
vn 0.0512 0.9986 -0.0150
vn 0.0510 0.9986 -0.0113
vn 0.0557 0.9981 -0.0254
vn 0.0559 0.9980 -0.0292
vn 0.0598 0.9978 -0.0293
vn 0.0597 0.9979 -0.0255
vn -0.0033 0.9999 -0.0142
vn -0.0026 0.9999 0.0132
vn -0.0279 0.9995 0.0128
vn -0.0284 0.9995 -0.0134
vn -0.0214 0.9992 0.0331
vn -0.0220 0.9997 -0.0072
vn 0.0176 0.9998 -0.0076
vn 0.0178 0.9992 0.0351
vn 0.0470 0.9987 0.0197
vn 0.0467 0.9979 0.0457
vn 0.0203 0.9988 0.0440
vn 0.0204 0.9996 0.0192
vn 0.0242 0.9997 0.0035
vn 0.0245 0.9993 -0.0298
vn 0.0622 0.9975 -0.0334
vn 0.0613 0.9981 0.0031
vn 0.0406 0.9979 -0.0503
vn 0.0406 0.9978 -0.0528
vn 0.0429 0.9977 -0.0530
vn 0.0429 0.9978 -0.0506
vn 0.0461 0.9974 0.0549
vn 0.0461 0.9977 0.0506
vn 0.0505 0.9974 0.0511
vn 0.0505 0.9972 0.0555
vn 0.0603 0.9982 0.0043
vn 0.0592 0.9974 0.0410
vn 0.0216 0.9991 0.0367
vn 0.0221 0.9997 0.0033
vn 0.0042 1.0000 -0.0042
vn 0.0042 1.0000 -0.0011
vn 0.0012 1.0000 -0.0010
vn 0.0012 1.0000 -0.0041
vn 0.0391 0.9991 0.0132
vn 0.0388 0.9984 0.0411
vn 0.0124 0.9991 0.0400
vn 0.0131 0.9998 0.0133
vn 0.0063 0.9999 0.0123
vn 0.0065 1.0000 0.0013
vn 0.0171 0.9999 0.0008
vn 0.0172 0.9998 0.0120
vn -0.0048 1.0000 0.0047
vn -0.0050 0.9999 0.0137
vn -0.0137 0.9998 0.0139
vn -0.0136 0.9999 0.0048
vn -0.0158 0.9999 -0.0021
vn -0.0157 0.9999 -0.0062
vn -0.0116 0.9999 -0.0062
vn -0.0116 0.9999 -0.0021
vn 0.0205 0.9998 -0.0061
vn 0.0205 0.9998 -0.0020
vn 0.0165 0.9999 -0.0020
vn 0.0164 0.9998 -0.0061
vn 0.0134 0.9998 -0.0112
vn 0.0134 0.9999 -0.0093
vn 0.0116 0.9999 -0.0093
vn 0.0116 0.9999 -0.0112
vn -0.0052 1.0000 0.0009
vn -0.0052 1.0000 -0.0078
vn 0.0035 1.0000 -0.0078
vn 0.0035 1.0000 0.0009
vn 0.0015 0.9998 -0.0200
vn 0.0017 1.0000 -0.0072
vn -0.0104 0.9999 -0.0072
vn -0.0112 0.9997 -0.0198
vn 0.0292 0.9994 -0.0192
vn 0.0300 0.9979 -0.0576
vn 0.0686 0.9960 -0.0573
vn 0.0662 0.9976 -0.0191
vn 0.0678 0.9977 0.0009
vn 0.0660 0.9974 0.0302
vn 0.0372 0.9988 0.0304
vn 0.0377 0.9993 0.0010
vn -0.0137 0.9999 -0.0060
vn -0.0140 0.9998 -0.0114
vn -0.0085 0.9999 -0.0115
vn -0.0084 0.9999 -0.0060
vn -0.0016 1.0000 0.0067
vn -0.0016 1.0000 -0.0016
vn 0.0067 1.0000 -0.0015
vn 0.0067 1.0000 0.0068
vn 0.0210 0.9998 -0.0040
vn 0.0211 0.9998 -0.0009
vn 0.0179 0.9998 -0.0009
vn 0.0179 0.9998 -0.0040
vn 0.0264 0.9995 0.0181
vn 0.0266 0.9996 -0.0030
vn 0.0476 0.9989 -0.0036
vn 0.0466 0.9988 0.0178
vn 0.0028 1.0000 0.0030
vn 0.0027 0.9998 0.0198
vn -0.0134 0.9997 0.0200
vn -0.0132 0.9999 0.0035
vn -0.0076 1.0000 -0.0028
vn -0.0070 0.9995 -0.0314
vn 0.0209 0.9993 -0.0315
vn 0.0201 0.9998 -0.0019
vn 0.0389 0.9989 -0.0259
vn 0.0384 0.9992 0.0102
vn 0.0031 1.0000 0.0083
vn 0.0002 0.9997 -0.0262
vn -0.0149 0.9967 -0.0799
vn -0.0174 0.9947 -0.1016
vn 0.0026 0.9948 -0.1019
vn 0.0045 0.9968 -0.0802
vn 0.0567 0.9984 -0.0056
vn 0.0591 0.9971 -0.0480
vn 0.1096 0.9929 -0.0470
vn 0.1047 0.9945 -0.0018
vn 0.1112 0.9933 -0.0310
vn 0.1071 0.9942 0.0073
vn 0.0646 0.9979 0.0045
vn 0.0663 0.9973 -0.0321
vn 0.0393 0.9992 0.0011
vn 0.0376 0.9985 -0.0394
vn 0.0818 0.9959 -0.0392
vn 0.0806 0.9967 0.0036
vn 0.0954 0.9785 -0.1830
vn 0.0933 0.9854 -0.1427
vn 0.0565 0.9884 -0.1408
vn 0.0584 0.9819 -0.1804
vn 0.0752 0.9910 -0.1110
vn 0.0779 0.9824 -0.1698
vn 0.1414 0.9746 -0.1735
vn 0.1347 0.9845 -0.1123
vn 0.1230 0.9819 -0.1440
vn 0.1164 0.9911 -0.0639
vn 0.0432 0.9970 -0.0642
vn 0.0407 0.9898 -0.1363
vn 0.0366 0.9987 -0.0367
vn 0.0368 0.9984 -0.0421
vn 0.0430 0.9982 -0.0418
vn 0.0429 0.9984 -0.0364
vn 0.0675 0.9793 -0.1911
vn 0.0673 0.9685 -0.2397
vn 0.1147 0.9635 -0.2420
vn 0.1140 0.9746 -0.1927
vn 0.0504 0.9979 -0.0406
vn 0.0468 0.9915 -0.1211
vn 0.1376 0.9832 -0.1198
vn 0.1333 0.9905 -0.0331
vn 0.1543 0.9793 -0.1311
vn 0.1499 0.9863 -0.0683
vn 0.0873 0.9937 -0.0703
vn 0.0884 0.9876 -0.1300
vn 0.1496 0.9872 -0.0550
vn 0.1513 0.9846 -0.0874
vn 0.1909 0.9775 -0.0896
vn 0.1885 0.9806 -0.0542
vn 0.1026 0.9942 0.0318
vn 0.0907 0.9780 0.1881
vn -0.0474 0.9873 0.1513
vn -0.0452 0.9987 0.0215
vn 0.0355 0.9920 -0.1214
vn 0.0358 0.9966 -0.0746
vn -0.0085 0.9973 -0.0728
vn -0.0092 0.9928 -0.1194
vn -0.0416 0.9988 0.0248
vn -0.0412 0.9979 0.0501
vn -0.0667 0.9965 0.0496
vn -0.0667 0.9975 0.0244
vn -0.0695 0.9973 0.0253
vn -0.0688 0.9964 -0.0500
vn 0.0057 0.9979 -0.0643
vn 0.0043 0.9998 0.0216
vn 0.0762 0.9970 0.0094
vn 0.0761 0.9964 -0.0366
vn 0.1246 0.9917 -0.0303
vn 0.1266 0.9919 0.0145
vn -0.0296 0.9847 0.1716
vn -0.0333 0.9970 0.0700
vn 0.0614 0.9950 0.0789
vn 0.0723 0.9805 0.1826
vn 0.1222 0.9924 0.0117
vn 0.1165 0.9927 -0.0321
vn 0.1581 0.9869 -0.0310
vn 0.1618 0.9868 0.0089
vn 0.2098 0.9710 -0.1147
vn 0.1995 0.9459 -0.2558
vn 0.3484 0.9030 -0.2515
vn 0.3533 0.9296 -0.1049
vn 0.5622 0.7510 -0.3464
vn 0.5196 0.6037 -0.6046
vn 0.7821 0.3758 -0.4971
vn 0.8131 0.5268 -0.2476
vn 0.2364 0.9680 -0.0840
vn 0.2174 0.9488 -0.2290
vn 0.3299 0.9196 -0.2134
vn 0.3536 0.9323 -0.0753
vn 0.2585 0.6745 -0.6916
vn 0.2081 0.6085 -0.7658
vn 0.2939 0.5884 -0.7533
vn 0.3563 0.6455 -0.6755
vn 0.7978 0.3864 -0.4628
vn 0.8238 0.4816 -0.2991
vn 0.6377 0.6107 -0.4695
vn 0.5890 0.5184 -0.6200
vn 0.4842 0.5632 -0.6696
vn 0.4848 0.5640 -0.6685
vn 0.4831 0.5647 -0.6691
vn 0.4825 0.5639 -0.6702
vn 0.2055 0.5201 -0.8290
vn 0.2726 0.5833 -0.7652
vn 0.1576 0.6019 -0.7829
vn 0.0991 0.5328 -0.8404
vn 0.6447 0.7234 -0.2472
vn 0.6485 0.7339 -0.2021
vn 0.6156 0.7595 -0.2100
vn 0.6112 0.7488 -0.2565
vn 0.2797 0.9292 -0.2415
vn 0.2780 0.9267 -0.2529
vn 0.2899 0.9233 -0.2519
vn 0.2919 0.9258 -0.2404
vn 0.2820 0.4972 0.8205
vn 0.2853 0.5127 0.8098
vn 0.3099 0.5091 0.8030
vn 0.3084 0.4947 0.8125
vn 0.3268 0.8110 0.4852
vn 0.1678 0.6063 0.7773
vn -0.3824 0.5385 0.7509
vn -0.2826 0.8269 0.4862
vn -0.3216 0.3301 0.8875
vn -0.3252 0.6078 0.7245
vn 0.2133 0.6095 0.7636
vn 0.1999 0.3847 0.9011
vn 0.2602 0.6621 0.7028
vn 0.2561 0.5844 0.7700
vn 0.0921 0.6069 0.7894
vn 0.1068 0.6918 0.7142
vn 0.0805 0.7487 0.6580
vn 0.0948 0.7961 0.5977
vn 0.1994 0.7836 0.5884
vn 0.1836 0.7369 0.6506
vn 0.3437 0.7466 0.5696
vn 0.3442 0.7025 0.6229
vn 0.2535 0.7274 0.6376
vn 0.2619 0.7724 0.5787
vn 0.2655 0.8805 0.3927
vn 0.2716 0.8945 0.3551
vn 0.3083 0.8841 0.3511
vn 0.3001 0.8716 0.3877
vn 0.3323 0.8953 0.2966
vn 0.3382 0.9119 0.2325
vn 0.3952 0.8891 0.2309
vn 0.3907 0.8731 0.2915
vn 0.2490 0.7580 0.6028
vn 0.2219 0.6429 0.7331
vn -0.0542 0.6436 0.7635
vn -0.0750 0.7784 0.6233
vn 0.2579 0.9230 0.2857
vn 0.2238 0.8632 0.4525
vn 0.0625 0.8858 0.4598
vn 0.0771 0.9532 0.2922
vn -0.0835 0.9535 0.2897
vn -0.0841 0.9029 0.4216
vn -0.2329 0.8699 0.4349
vn -0.2392 0.9263 0.2912
vn -0.2743 0.8269 0.4909
vn -0.2783 0.8382 0.4690
vn -0.2509 0.8462 0.4702
vn -0.2481 0.8356 0.4901
vn -0.2695 0.9552 0.1222
vn -0.2694 0.9529 0.1389
vn -0.2878 0.9479 0.1365
vn -0.2874 0.9504 0.1191
vn -0.2662 0.9244 0.2730
vn -0.2735 0.9481 0.1619
vn -0.1693 0.9693 0.1785
vn -0.1523 0.9466 0.2842
vn -0.1682 0.9817 0.0896
vn -0.1646 0.9750 0.1491
vn -0.2448 0.9576 0.1519
vn -0.2321 0.9687 0.0887
vn -0.2639 0.9507 0.1628
vn -0.2622 0.9605 0.0936
vn -0.1971 0.9759 0.0932
vn -0.1980 0.9671 0.1599
vn -0.1474 0.9846 0.0943
vn -0.1460 0.9877 0.0561
vn -0.1073 0.9925 0.0589
vn -0.1101 0.9892 0.0967
vn -0.2285 0.7743 0.5901
vn -0.1915 0.9569 0.2182
vn 0.0276 0.9744 0.2232
vn 0.0976 0.8205 0.5632
vn 0.0271 0.9977 0.0614
vn 0.0475 0.9883 0.1447
vn -0.0640 0.9877 0.1427
vn -0.0634 0.9965 0.0548
vn -0.0426 0.9881 0.1478
vn -0.0422 0.9974 0.0580
vn 0.0486 0.9972 0.0572
vn 0.0633 0.9873 0.1459
vn 0.1019 0.9839 0.1470
vn 0.1077 0.9781 0.1781
vn 0.0785 0.9809 0.1778
vn 0.0761 0.9861 0.1479
vn -0.1330 0.9850 0.1098
vn -0.1357 0.9819 0.1319
vn -0.1587 0.9784 0.1323
vn -0.1570 0.9814 0.1102
vn -0.1199 0.9926 -0.0184
vn -0.1159 0.9894 -0.0878
vn -0.0456 0.9951 -0.0880
vn -0.0468 0.9986 -0.0241
vn 0.0552 0.9918 -0.1153
vn 0.0551 0.9914 -0.1186
vn 0.0587 0.9912 -0.1187
vn 0.0586 0.9916 -0.1152
vn 0.0348 0.9969 -0.0712
vn 0.0324 0.9991 -0.0289
vn -0.0081 0.9995 -0.0298
vn -0.0086 0.9973 -0.0726
vn -0.0039 0.9983 -0.0586
vn -0.0035 0.9965 -0.0833
vn 0.0184 0.9964 -0.0824
vn 0.0174 0.9982 -0.0575
vn 0.0146 0.9988 -0.0457
vn 0.0133 0.9997 -0.0180
vn -0.0144 0.9997 -0.0189
vn -0.0134 0.9987 -0.0484
vn -0.0230 0.9997 -0.0090
vn -0.0234 0.9996 -0.0180
vn -0.0143 0.9997 -0.0180
vn -0.0141 0.9999 -0.0090
vn -0.0069 0.9999 0.0145
vn -0.0069 0.9999 0.0093
vn -0.0016 1.0000 0.0093
vn -0.0016 0.9999 0.0144
vn -0.0240 0.9991 0.0363
vn -0.0238 0.9994 0.0236
vn -0.0111 0.9997 0.0233
vn -0.0112 0.9993 0.0358
vn -0.0064 1.0000 -0.0067
vn -0.0064 1.0000 -0.0035
vn -0.0096 0.9999 -0.0035
vn -0.0096 0.9999 -0.0068
vn -0.0043 1.0000 0.0034
vn -0.0043 0.9999 0.0138
vn -0.0146 0.9998 0.0135
vn -0.0146 0.9999 0.0032
vn -0.0145 0.9999 0.0032
vn -0.0145 0.9999 -0.0075
vn -0.0039 1.0000 -0.0077
vn -0.0040 1.0000 0.0030
vn -0.0088 0.9999 0.0146
vn -0.0088 0.9999 0.0104
vn -0.0045 0.9999 0.0103
vn -0.0045 0.9999 0.0144
vn -0.0020 0.9997 -0.0235
vn -0.0020 0.9997 -0.0233
vn -0.0021 0.9997 -0.0233
vn -0.0021 0.9997 -0.0235
vn -0.0027 0.9998 -0.0185
vn -0.0026 0.9999 -0.0097
vn -0.0112 0.9999 -0.0098
vn -0.0117 0.9998 -0.0189
vn -0.0121 0.9999 0.0072
vn -0.0123 0.9999 0.0027
vn -0.0076 1.0000 0.0025
vn -0.0075 0.9999 0.0069
vn -0.0071 1.0000 -0.0047
vn -0.0071 1.0000 0.0044
vn -0.0173 0.9998 0.0049
vn -0.0173 0.9998 -0.0046
vn -0.0173 0.9996 0.0207
vn -0.0174 0.9998 0.0102
vn -0.0072 0.9999 0.0100
vn -0.0070 0.9998 0.0200
vn -0.0041 1.0000 0.0038
vn -0.0041 1.0000 0.0014
vn -0.0017 1.0000 0.0014
vn -0.0017 1.0000 0.0039
vn -0.0029 1.0000 -0.0018
vn -0.0028 1.0000 0.0029
vn -0.0076 1.0000 0.0028
vn -0.0076 1.0000 -0.0019
vn -0.0033 1.0000 -0.0052
vn -0.0033 1.0000 -0.0044
vn -0.0042 1.0000 -0.0045
vn -0.0041 1.0000 -0.0052
vn 0.0023 0.9998 0.0205
vn 0.0027 1.0000 0.0037
vn 0.0186 0.9998 0.0033
vn 0.0190 0.9996 0.0206
vn -0.0044 0.9999 -0.0094
vn -0.0042 0.9998 -0.0209
vn 0.0069 0.9998 -0.0211
vn 0.0065 0.9999 -0.0098
vn 0.0167 0.9998 0.0130
vn 0.0170 0.9999 0.0018
vn 0.0292 0.9996 0.0020
vn 0.0293 0.9995 0.0139
vn 0.0169 0.9998 -0.0080
vn 0.0173 0.9998 0.0095
vn -0.0001 1.0000 0.0086
vn 0.0003 1.0000 -0.0074
vn -0.0034 0.9998 0.0206
vn -0.0030 1.0000 0.0089
vn 0.0074 0.9999 0.0094
vn 0.0075 0.9997 0.0219
vn 0.0338 0.9994 0.0057
vn 0.0339 0.9994 0.0095
vn 0.0298 0.9995 0.0095
vn 0.0296 0.9995 0.0057
vn 0.0293 0.9996 -0.0002
vn 0.0290 0.9996 -0.0042
vn 0.0335 0.9994 -0.0044
vn 0.0337 0.9994 -0.0003
vn 0.0134 0.9999 0.0038
vn 0.0134 0.9999 0.0029
vn 0.0143 0.9999 0.0029
vn 0.0143 0.9999 0.0037
vn 0.0205 0.9998 0.0005
vn 0.0204 0.9997 -0.0109
vn 0.0326 0.9994 -0.0122
vn 0.0325 0.9995 -0.0005
vn 0.0273 0.9996 -0.0100
vn 0.0278 0.9996 0.0053
vn 0.0131 0.9999 0.0052
vn 0.0129 0.9999 -0.0088
vn 0.0213 0.9983 0.0537
vn 0.0213 0.9995 0.0252
vn 0.0547 0.9980 0.0302
vn 0.0542 0.9966 0.0615
vn 0.0165 0.9998 0.0102
vn 0.0175 0.9986 0.0492
vn -0.0145 0.9990 0.0428
vn -0.0174 0.9998 0.0095
vn 0.0011 1.0000 0.0080
vn -0.0054 0.9965 -0.0835
vn 0.0925 0.9903 -0.1038
vn 0.0878 0.9961 0.0118
vn 0.0484 0.9906 -0.1281
vn 0.0497 0.9959 -0.0754
vn 0.0078 0.9974 -0.0720
vn 0.0037 0.9932 -0.1165
vn 0.0355 0.9988 0.0332
vn 0.0294 0.9987 -0.0415
vn 0.1188 0.9923 -0.0348
vn 0.1176 0.9917 0.0511
vn 0.1084 0.9941 -0.0048
vn 0.1044 0.9929 0.0576
vn 0.0460 0.9979 0.0449
vn 0.0439 0.9990 -0.0091
vn 0.0456 0.9965 -0.0695
vn 0.0416 0.9872 -0.1540
vn 0.1251 0.9772 -0.1714
vn 0.1220 0.9898 -0.0737
vn 0.1750 0.9574 -0.2299
vn 0.1744 0.9623 -0.2087
vn 0.1549 0.9664 -0.2054
vn 0.1551 0.9619 -0.2251
vn 0.0939 0.9865 -0.1342
vn 0.0981 0.9944 -0.0387
vn 0.0234 0.9988 -0.0432
vn 0.0107 0.9919 -0.1265
vn 0.2076 0.9748 -0.0815
vn 0.2189 0.9617 -0.1649
vn 0.3200 0.9313 -0.1742
vn 0.2961 0.9517 -0.0817
vn 0.3224 0.9387 -0.1219
vn 0.3059 0.9498 -0.0653
vn 0.2436 0.9672 -0.0716
vn 0.2545 0.9589 -0.1254
vn -0.0009 0.9957 -0.0932
vn -0.0082 0.9909 -0.1344
vn 0.0296 0.9904 -0.1349
vn 0.0356 0.9952 -0.0907
vn 0.0488 0.9879 -0.1469
vn 0.0489 0.9881 -0.1459
vn 0.0480 0.9881 -0.1459
vn 0.0479 0.9880 -0.1469
vn 0.2099 0.9538 -0.2148
vn 0.2053 0.9644 -0.1669
vn 0.1603 0.9729 -0.1669
vn 0.1609 0.9638 -0.2126
vn 0.0908 0.9829 -0.1600
vn 0.0962 0.9931 -0.0677
vn 0.0071 0.9973 -0.0729
vn -0.0062 0.9863 -0.1650
vn 0.0443 0.9988 -0.0197
vn 0.0453 0.9990 0.0021
vn 0.0227 0.9997 0.0015
vn 0.0221 0.9995 -0.0208
vn -0.0198 0.9927 0.1189
vn -0.0208 0.9816 0.1897
vn -0.0854 0.9794 0.1830
vn -0.0808 0.9900 0.1160
vn -0.0271 0.9985 0.0473
vn -0.0240 0.9971 0.0718
vn -0.0515 0.9961 0.0720
vn -0.0516 0.9975 0.0486
vn -0.1213 0.9893 0.0807
vn -0.1261 0.9705 0.2053
vn -0.2338 0.9482 0.2150
vn -0.2314 0.9684 0.0935
vn -0.0667 0.9766 0.2046
vn -0.0593 0.9931 0.1014
vn 0.0383 0.9952 0.0901
vn 0.0357 0.9807 0.1924
vn 0.0522 0.9920 -0.1148
vn 0.0569 0.9975 -0.0412
vn -0.0103 0.9988 -0.0470
vn -0.0250 0.9910 -0.1314
vn -0.2482 0.9561 -0.1558
vn -0.2411 0.9483 -0.2065
vn -0.2019 0.9592 -0.1979
vn -0.2117 0.9658 -0.1493
vn -0.1345 0.9587 -0.2508
vn -0.1130 0.9392 -0.3243
vn -0.0362 0.9425 -0.3323
vn -0.0618 0.9640 -0.2586
vn -0.0454 0.8967 -0.4403
vn -0.0738 0.8141 -0.5760
vn 0.1162 0.8009 -0.5874
vn 0.1418 0.8813 -0.4507
vn 0.3555 0.6739 -0.6477
vn 0.3244 0.5441 -0.7738
vn 0.6210 0.4439 -0.6460
vn 0.6349 0.5617 -0.5305
vn 0.1058 0.7155 -0.6905
vn 0.0983 0.7575 -0.6454
vn 0.0315 0.7582 -0.6513
vn 0.0094 0.7110 -0.7031
vn 0.6456 0.7400 -0.1885
vn 0.6331 0.7338 -0.2465
vn 0.6694 0.7042 -0.2367
vn 0.6782 0.7130 -0.1778
vn 0.8095 0.5451 -0.2181
vn 0.8113 0.5465 -0.2075
vn 0.8081 0.5507 -0.2091
vn 0.8060 0.5496 -0.2197
vn 0.8061 0.5915 0.0144
vn 0.7985 0.5817 0.1552
vn 0.7216 0.6719 0.1669
vn 0.7372 0.6757 0.0053
vn 0.6697 0.7225 -0.1719
vn 0.6779 0.7277 -0.1047
vn 0.6345 0.7647 -0.1126
vn 0.6189 0.7649 -0.1788
vn 0.5316 0.6201 0.5770
vn 0.3864 0.3717 0.8441
vn -0.0443 0.3798 0.9240
vn 0.1925 0.7133 0.6738
vn 0.1132 0.2209 0.9687
vn 0.1422 0.2542 0.9566
vn 0.1913 0.2585 0.9469
vn 0.1719 0.2245 0.9592
vn 0.3327 0.8354 0.4376
vn 0.3233 0.7957 0.5122
vn 0.1955 0.8306 0.5214
vn 0.2052 0.8684 0.4513
vn 0.1565 0.8431 0.5145
vn 0.1937 0.8744 0.4448
vn 0.2901 0.8533 0.4332
vn 0.2694 0.8228 0.5005
vn 0.3473 0.9228 0.1669
vn 0.3428 0.9140 0.2169
vn 0.2977 0.9290 0.2197
vn 0.3031 0.9380 0.1679
vn 0.1184 0.9447 0.3057
vn 0.1134 0.9133 0.3912
vn 0.0275 0.9179 0.3959
vn 0.0232 0.9509 0.3085
vn -0.0334 0.9793 0.1995
vn -0.0340 0.9809 0.1917
vn -0.0250 0.9811 0.1921
vn -0.0249 0.9794 0.2003
vn 0.2129 0.9771 -0.0016
vn 0.2049 0.9667 0.1533
vn 0.0595 0.9876 0.1455
vn 0.0598 0.9982 -0.0019
vn 0.1557 0.9091 0.3863
vn 0.1268 0.9863 0.1055
vn 0.5085 0.8607 -0.0252
vn 0.6210 0.7173 0.3161
vn -0.0633 0.9931 0.0989
vn -0.0692 0.9821 0.1753
vn -0.1386 0.9734 0.1823
vn -0.1293 0.9843 0.1198
vn -0.1686 0.8241 0.5408
vn -0.1534 0.8994 0.4092
vn -0.0179 0.8996 0.4363
vn -0.0346 0.7894 0.6129
vn 0.6609 0.6634 0.3508
vn 0.6252 0.3737 0.6852
vn 0.2448 0.6891 0.6820
vn 0.2952 0.8619 0.4124
vn 0.2201 0.9739 0.0557
vn 0.2200 0.9738 0.0574
vn 0.2182 0.9742 0.0579
vn 0.2182 0.9743 0.0560
vn 0.1152 0.9899 0.0825
vn 0.1149 0.9904 0.0763
vn 0.1225 0.9896 0.0760
vn 0.1233 0.9891 0.0810
vn 0.0386 0.9872 0.1550
vn 0.0408 0.8438 0.5351
vn -0.3280 0.7675 0.5507
vn -0.1916 0.9697 0.1513
vn 0.1550 0.9848 -0.0781
vn 0.1655 0.9861 0.0153
vn 0.0728 0.9973 0.0138
vn 0.0572 0.9955 -0.0751
vn 0.0201 0.9950 0.0976
vn 0.0300 0.9869 0.1588
vn -0.0288 0.9878 0.1532
vn -0.0337 0.9952 0.0923
vn -0.2398 0.9650 0.1062
vn -0.2078 0.9775 0.0350
vn -0.1324 0.9903 0.0427
vn -0.1431 0.9827 0.1177
vn -0.0807 0.9877 0.1337
vn -0.0813 0.9907 0.1090
vn -0.0608 0.9923 0.1076
vn -0.0600 0.9897 0.1301
vn -0.0896 0.9944 0.0562
vn -0.0883 0.9893 0.1164
vn -0.1550 0.9797 0.1271
vn -0.1541 0.9862 0.0598
vn -0.1562 0.9877 0.0049
vn -0.1540 0.9869 -0.0489
vn -0.0980 0.9943 -0.0411
vn -0.0988 0.9951 0.0080
vn -0.0737 0.9964 -0.0419
vn -0.0722 0.9974 -0.0054
vn -0.1125 0.9936 -0.0036
vn -0.1150 0.9923 -0.0463
vn -0.1295 0.9912 -0.0263
vn -0.1305 0.9905 -0.0442
vn -0.1093 0.9931 -0.0430
vn -0.1088 0.9937 -0.0250
vn -0.0649 0.9978 0.0130
vn -0.0645 0.9979 -0.0042
vn -0.0459 0.9989 -0.0029
vn -0.0469 0.9988 0.0143
vn -0.0214 0.9916 0.1275
vn -0.0206 0.9971 0.0735
vn 0.0206 0.9974 0.0692
vn 0.0259 0.9924 0.1200
vn -0.0616 0.9978 0.0239
vn -0.0623 0.9973 -0.0383
vn -0.0006 0.9994 -0.0338
vn -0.0003 0.9998 0.0221
vn 0.0242 0.9991 0.0350
vn 0.0242 0.9990 0.0387
vn 0.0207 0.9990 0.0388
vn 0.0206 0.9992 0.0350
vn 0.0203 0.9998 0.0027
vn 0.0226 0.9995 0.0221
vn 0.0017 0.9998 0.0217
vn 0.0011 1.0000 0.0020
vn -0.0056 1.0000 -0.0019
vn -0.0055 1.0000 -0.0080
vn 0.0008 1.0000 -0.0080
vn 0.0007 1.0000 -0.0019
vn 0.0167 0.9998 -0.0104
vn 0.0167 0.9998 -0.0085
vn 0.0148 0.9999 -0.0085
vn 0.0149 0.9998 -0.0104
vn 0.0068 1.0000 -0.0052
vn 0.0068 0.9999 0.0091
vn -0.0073 0.9999 0.0097
vn -0.0081 1.0000 -0.0051
vn 0.0051 0.9999 -0.0093
vn 0.0052 0.9999 -0.0117
vn 0.0075 0.9999 -0.0116
vn 0.0074 0.9999 -0.0093
vn 0.0089 1.0000 -0.0037
vn 0.0090 0.9999 -0.0052
vn 0.0105 0.9999 -0.0052
vn 0.0104 0.9999 -0.0037
vn -0.0118 0.9999 -0.0100
vn -0.0122 0.9997 -0.0192
vn -0.0033 0.9998 -0.0188
vn -0.0034 0.9999 -0.0099
vn 0.0048 1.0000 0.0047
vn 0.0050 1.0000 -0.0046
vn 0.0140 0.9999 -0.0045
vn 0.0140 0.9999 0.0047
vn 0.0076 1.0000 -0.0002
vn 0.0073 1.0000 0.0063
vn 0.0007 1.0000 0.0064
vn 0.0008 1.0000 -0.0001
vn -0.0052 0.9999 -0.0090
vn -0.0053 1.0000 -0.0039
vn -0.0106 0.9999 -0.0038
vn -0.0102 0.9999 -0.0088
vn 0.0130 0.9999 0.0049
vn 0.0130 0.9998 0.0172
vn 0.0012 0.9998 0.0179
vn 0.0014 1.0000 0.0052
vn -0.0025 1.0000 0.0003
vn -0.0025 1.0000 -0.0036
vn 0.0017 1.0000 -0.0035
vn 0.0018 1.0000 0.0004
vn -0.0109 0.9998 0.0145
vn -0.0103 0.9999 0.0061
vn -0.0023 1.0000 0.0062
vn -0.0023 0.9999 0.0147
vn 0.0005 1.0000 0.0094
vn 0.0006 0.9999 0.0122
vn -0.0022 0.9999 0.0122
vn -0.0022 1.0000 0.0094
vn 0.0010 0.9998 0.0174
vn 0.0011 0.9997 0.0252
vn -0.0060 0.9997 0.0251
vn -0.0059 0.9998 0.0173
vn -0.0054 1.0000 -0.0060
vn -0.0053 0.9999 -0.0116
vn 0.0009 0.9999 -0.0120
vn 0.0008 1.0000 -0.0062
vn -0.0010 1.0000 0.0033
vn -0.0010 1.0000 -0.0011
vn 0.0036 1.0000 -0.0012
vn 0.0038 1.0000 0.0033
vn 0.0011 1.0000 0.0042
vn 0.0013 0.9999 0.0147
vn -0.0096 0.9999 0.0144
vn -0.0091 1.0000 0.0039
vn 0.0017 0.9998 0.0223
vn 0.0016 0.9997 0.0258
vn -0.0015 0.9997 0.0254
vn -0.0013 0.9998 0.0221
vn -0.0046 1.0000 -0.0045
vn -0.0049 1.0000 0.0019
vn -0.0116 0.9999 0.0022
vn -0.0110 0.9999 -0.0043
vn -0.0102 0.9999 0.0026
vn -0.0099 0.9999 -0.0043
vn -0.0024 1.0000 -0.0044
vn -0.0023 1.0000 0.0027
vn 0.0032 0.9982 0.0593
vn 0.0032 0.9981 0.0623
vn 0.0005 0.9981 0.0624
vn 0.0005 0.9982 0.0596
vn -0.0061 0.9988 0.0484
vn -0.0042 0.9998 0.0205
vn 0.0225 0.9996 0.0193
vn 0.0220 0.9986 0.0486
vn 0.0325 0.9992 -0.0238
vn 0.0327 0.9993 -0.0166
vn 0.0252 0.9996 -0.0161
vn 0.0250 0.9994 -0.0236
vn 0.0049 0.9999 -0.0111
vn 0.0052 0.9998 -0.0216
vn 0.0152 0.9997 -0.0214
vn 0.0145 0.9998 -0.0103
vn 0.0098 0.9991 -0.0419
vn 0.0080 0.9998 -0.0165
vn -0.0172 0.9997 -0.0174
vn -0.0156 0.9989 -0.0432
vn 0.0069 0.9999 0.0100
vn 0.0086 0.9993 0.0358
vn -0.0175 0.9993 0.0326
vn -0.0204 0.9998 0.0084
vn -0.0391 0.9985 -0.0374
vn -0.0391 0.9985 -0.0379
vn -0.0386 0.9985 -0.0379
vn -0.0386 0.9986 -0.0374
vn -0.0407 0.9964 -0.0740
vn -0.0418 0.9979 -0.0492
vn -0.0681 0.9965 -0.0487
vn -0.0674 0.9950 -0.0731
vn -0.0444 0.9976 0.0530
vn -0.0419 0.9990 -0.0178
vn 0.0220 0.9995 -0.0241
vn 0.0174 0.9991 0.0383
vn -0.0449 0.9977 -0.0499
vn -0.0441 0.9983 -0.0387
vn -0.0552 0.9977 -0.0387
vn -0.0559 0.9972 -0.0497
vn -0.0666 0.9955 -0.0669
vn -0.0659 0.9961 -0.0581
vn -0.0742 0.9955 -0.0582
vn -0.0751 0.9949 -0.0670
vn 0.0239 0.9716 -0.2355
vn 0.0164 0.9921 -0.1241
vn -0.0871 0.9869 -0.1356
vn -0.0824 0.9592 -0.2703
vn -0.1001 0.9907 0.0926
vn -0.1015 0.9948 -0.0027
vn -0.0008 1.0000 -0.0041
vn -0.0013 0.9962 0.0874
vn -0.0575 0.9955 -0.0759
vn -0.0626 0.9900 -0.1267
vn -0.0145 0.9917 -0.1277
vn -0.0106 0.9971 -0.0760
vn 0.0323 0.9892 -0.1430
vn 0.0303 0.9799 -0.1969
vn 0.0829 0.9761 -0.2008
vn 0.0818 0.9862 -0.1442
vn 0.0481 0.9920 -0.1171
vn 0.0481 0.9919 -0.1179
vn 0.0490 0.9918 -0.1179
vn 0.0490 0.9919 -0.1171
vn 0.0305 0.9739 -0.2248
vn 0.0308 0.9814 -0.1895
vn -0.0082 0.9818 -0.1895
vn -0.0094 0.9743 -0.2249
vn 0.1196 0.9764 -0.1798
vn 0.1215 0.9725 -0.1987
vn 0.1418 0.9700 -0.1977
vn 0.1380 0.9741 -0.1793
vn 0.0519 0.9727 -0.2264
vn 0.0135 0.9990 -0.0435
vn -0.1900 0.9813 -0.0298
vn -0.1743 0.9610 -0.2145
vn -0.1242 0.8368 -0.5333
vn -0.1166 0.9120 -0.3933
vn -0.2712 0.8848 -0.3789
vn -0.2811 0.8088 -0.5165
vn -0.5673 0.6864 -0.4550
vn -0.5079 0.8538 -0.1146
vn -0.8072 0.5882 0.0495
vn -0.8826 0.3990 -0.2488
vn -0.3085 0.9510 -0.0217
vn -0.3108 0.9503 0.0175
vn -0.3467 0.9376 0.0253
vn -0.3411 0.9400 -0.0098
vn -0.3129 0.8970 -0.3123
vn -0.3433 0.9178 -0.1993
vn -0.4087 0.8888 -0.2074
vn -0.3848 0.8662 -0.3187
vn -0.9106 0.4112 -0.0415
vn -0.9264 0.3267 -0.1873
vn -0.8424 0.4879 -0.2286
vn -0.8426 0.5332 -0.0758
vn -0.8118 0.5630 -0.1549
vn -0.8142 0.5694 -0.1137
vn -0.8356 0.5380 -0.1110
vn -0.8326 0.5325 -0.1525
vn -0.4412 0.8876 -0.1325
vn -0.4386 0.8844 -0.1596
vn -0.4193 0.8931 -0.1626
vn -0.4200 0.8976 -0.1341
vn -0.3111 0.8296 -0.4638
vn -0.2698 0.6948 -0.6666
vn -0.0645 0.7531 -0.6547
vn -0.1139 0.8966 -0.4280
vn -0.7626 0.6439 0.0615
vn -0.7478 0.6104 -0.2610
vn -0.5474 0.7991 -0.2485
vn -0.5563 0.8282 0.0682
vn -0.2040 0.9301 -0.3055
vn -0.2039 0.9299 -0.3061
vn -0.2033 0.9300 -0.3061
vn -0.2034 0.9302 -0.3056
vn 0.4249 0.8669 -0.2604
vn 0.4273 0.8724 -0.2375
vn 0.4066 0.8810 -0.2419
vn 0.4041 0.8758 -0.2641
vn 0.3976 0.8877 -0.2323
vn 0.3977 0.8878 -0.2319
vn 0.3973 0.8879 -0.2319
vn 0.3973 0.8878 -0.2323
vn -0.1873 0.9760 -0.1115
vn -0.1772 0.9648 -0.1942
vn -0.0852 0.9762 -0.1997
vn -0.0918 0.9889 -0.1171
vn -0.1964 0.9559 0.2183
vn -0.1957 0.8399 0.5063
vn -0.4235 0.7791 0.4622
vn -0.4371 0.8791 0.1902
vn 0.2568 0.7666 0.5885
vn 0.2720 0.7953 0.5418
vn 0.3223 0.7822 0.5332
vn 0.3138 0.7526 0.5789
vn 0.2293 0.9462 0.2284
vn 0.2243 0.8668 0.4454
vn -0.0890 0.8863 0.4544
vn -0.0759 0.9720 0.2225
vn -0.5211 0.8478 0.0986
vn -0.5207 0.8502 0.0774
vn -0.5016 0.8614 0.0799
vn -0.5002 0.8599 0.1021
vn -0.4147 0.8636 0.2867
vn -0.4307 0.8867 0.1682
vn -0.2978 0.9395 0.1691
vn -0.2950 0.9056 0.3047
vn -0.2324 0.9683 0.0910
vn -0.2345 0.9656 0.1121
vn -0.2519 0.9613 0.1114
vn -0.2507 0.9637 0.0919
vn -0.1516 0.9403 0.3046
vn -0.1389 0.9885 0.0600
vn 0.1099 0.9927 0.0504
vn 0.0822 0.9512 0.2976
vn -0.0389 0.6848 0.7277
vn -0.0538 0.8532 0.5189
vn 0.2361 0.8428 0.4837
vn 0.2566 0.6981 0.6685
vn 0.2878 0.8333 0.4721
vn 0.2962 0.7614 0.5766
vn 0.1626 0.7966 0.5822
vn 0.1670 0.8617 0.4792
vn 0.1532 0.7739 0.6145
vn 0.1659 0.8074 0.5662
vn 0.2166 0.7935 0.5687
vn 0.2047 0.7611 0.6155
vn 0.2444 0.9628 0.1156
vn 0.2334 0.9418 0.2419
vn 0.1122 0.9583 0.2627
vn 0.1243 0.9821 0.1416
vn 0.1404 0.9848 0.1020
vn 0.1406 0.9863 0.0862
vn 0.1612 0.9835 0.0826
vn 0.1615 0.9817 0.1010
vn 0.0816 0.9965 0.0184
vn 0.0961 0.9829 0.1570
vn -0.0348 0.9913 0.1273
vn -0.0584 0.9983 0.0073
vn 0.0947 0.9791 0.1800
vn 0.1040 0.9888 0.1073
vn 0.1898 0.9760 0.1067
vn 0.1720 0.9658 0.1939
vn 0.2552 0.9147 -0.3135
vn 0.2445 0.9513 -0.1874
vn 0.1287 0.9753 -0.1794
vn 0.1267 0.9460 -0.2985
vn -0.0784 0.9927 -0.0915
vn -0.0962 0.9684 -0.2301
vn 0.0513 0.9660 -0.2536
vn 0.0451 0.9941 -0.0984
vn 0.0475 0.9909 -0.1256
vn 0.0337 0.9994 0.0060
vn -0.0864 0.9963 0.0027
vn -0.0828 0.9892 -0.1209
vn 0.0845 0.9940 0.0695
vn 0.0847 0.9936 0.0746
vn 0.0790 0.9941 0.0742
vn 0.0791 0.9945 0.0692
vn 0.0494 0.9969 -0.0617
vn 0.0486 0.9988 -0.0028
vn -0.0091 1.0000 -0.0018
vn -0.0088 0.9982 -0.0599
vn -0.0918 0.9928 0.0771
vn -0.0931 0.9952 -0.0309
vn 0.0121 0.9994 -0.0325
vn 0.0126 0.9966 0.0818
vn 0.0376 0.9988 -0.0300
vn 0.0372 0.9988 0.0327
vn -0.0201 0.9992 0.0343
vn -0.0189 0.9995 -0.0239
vn -0.0300 0.9980 0.0563
vn -0.0300 0.9987 0.0413
vn -0.0152 0.9990 0.0414
vn -0.0150 0.9983 0.0565
vn 0.0020 0.9986 0.0525
vn 0.0013 0.9994 0.0345
vn 0.0183 0.9992 0.0355
vn 0.0200 0.9984 0.0528
vn -0.0315 0.9923 0.1198
vn -0.0310 0.9962 0.0813
vn 0.0059 0.9965 0.0831
vn 0.0061 0.9920 0.1259
vn 0.0249 0.9988 0.0413
vn 0.0250 0.9987 0.0447
vn 0.0216 0.9988 0.0447
vn 0.0213 0.9989 0.0414
vn 0.0102 0.9977 0.0665
vn 0.0129 0.9928 0.1192
vn -0.0415 0.9912 0.1260
vn -0.0348 0.9971 0.0676
vn -0.0386 0.9991 0.0198
vn -0.0354 0.9994 0.0003
vn -0.0153 0.9999 0.0010
vn -0.0166 0.9997 0.0200
vn 0.0129 0.9997 0.0183
vn 0.0137 0.9996 0.0263
vn 0.0054 0.9996 0.0263
vn 0.0050 0.9998 0.0184
vn 0.0064 0.9998 0.0179
vn 0.0059 1.0000 0.0070
vn 0.0163 0.9998 0.0067
vn 0.0170 0.9997 0.0176
vn -0.0054 1.0000 0.0018
vn -0.0054 1.0000 0.0014
vn -0.0050 1.0000 0.0014
vn -0.0050 1.0000 0.0017
vn -0.0018 1.0000 0.0011
vn -0.0018 1.0000 -0.0051
vn 0.0043 1.0000 -0.0051
vn 0.0044 1.0000 0.0013
vn 0.0160 0.9998 -0.0085
vn 0.0165 0.9999 0.0003
vn 0.0074 1.0000 -0.0000
vn 0.0072 0.9999 -0.0087
vn 0.0048 1.0000 -0.0082
vn 0.0048 0.9999 -0.0124
vn 0.0090 0.9999 -0.0126
vn 0.0090 0.9999 -0.0083
vn 0.0046 0.9999 -0.0115
vn 0.0047 1.0000 -0.0058
vn -0.0004 1.0000 -0.0058
vn -0.0007 0.9999 -0.0112
vn 0.0014 1.0000 0.0076
vn 0.0010 1.0000 0.0003
vn 0.0087 1.0000 0.0006
vn 0.0087 0.9999 0.0084
vn 0.0100 0.9999 0.0099
vn 0.0100 0.9999 0.0114
vn 0.0084 0.9999 0.0112
vn 0.0084 0.9999 0.0097
vn 0.0084 0.9998 -0.0186
vn 0.0084 0.9998 -0.0189
vn 0.0087 0.9998 -0.0190
vn 0.0087 0.9998 -0.0186
vn 0.0115 0.9998 -0.0176
vn 0.0115 0.9998 -0.0141
vn 0.0079 0.9999 -0.0138
vn 0.0078 0.9998 -0.0172
vn 0.0036 1.0000 0.0082
vn 0.0038 0.9999 0.0156
vn -0.0035 0.9999 0.0154
vn -0.0034 1.0000 0.0079
vn 0.0123 0.9998 0.0125
vn 0.0122 0.9999 0.0075
vn 0.0172 0.9998 0.0077
vn 0.0173 0.9998 0.0125
vn 0.0148 0.9999 -0.0040
vn 0.0150 0.9999 0.0054
vn 0.0061 1.0000 0.0053
vn 0.0060 1.0000 -0.0038
vn -0.0066 0.9999 0.0094
vn -0.0066 0.9999 0.0085
vn -0.0057 0.9999 0.0085
vn -0.0057 0.9999 0.0094
vn -0.0034 0.9999 0.0112
vn -0.0034 1.0000 0.0074
vn 0.0001 1.0000 0.0074
vn 0.0003 0.9999 0.0110
vn -0.0032 1.0000 -0.0031
vn -0.0032 1.0000 0.0076
vn -0.0144 0.9999 0.0078
vn -0.0141 0.9999 -0.0035
vn -0.0177 0.9998 0.0029
vn -0.0176 0.9998 -0.0019
vn -0.0126 0.9999 -0.0016
vn -0.0126 0.9999 0.0030
vn 0.0008 1.0000 -0.0024
vn 0.0009 1.0000 -0.0012
vn -0.0003 1.0000 -0.0013
vn -0.0003 1.0000 -0.0024
vn 0.0019 0.9999 0.0137
vn 0.0018 1.0000 0.0090
vn 0.0060 0.9999 0.0089
vn 0.0061 0.9999 0.0134
vn -0.0129 0.9999 0.0099
vn -0.0129 0.9998 0.0151
vn -0.0183 0.9997 0.0156
vn -0.0183 0.9998 0.0103
vn -0.0141 0.9997 -0.0210
vn -0.0136 0.9993 -0.0345
vn -0.0020 0.9995 -0.0321
vn -0.0032 0.9998 -0.0207
vn -0.0144 0.9998 -0.0152
vn -0.0123 0.9993 0.0364
vn -0.0713 0.9966 0.0403
vn -0.0774 0.9967 -0.0261
vn -0.1077 0.9942 0.0054
vn -0.1090 0.9940 -0.0109
vn -0.0904 0.9959 -0.0103
vn -0.0902 0.9959 0.0032
vn -0.0119 0.9970 -0.0763
vn -0.0167 0.9995 -0.0270
vn -0.0623 0.9978 -0.0206
vn -0.0611 0.9952 -0.0763
vn -0.0973 0.9922 -0.0780
vn -0.0970 0.9930 -0.0669
vn -0.1095 0.9918 -0.0661
vn -0.1096 0.9910 -0.0774
vn -0.0831 0.9946 -0.0618
vn -0.0831 0.9947 -0.0607
vn -0.0841 0.9946 -0.0607
vn -0.0840 0.9945 -0.0617
vn -0.0760 0.9956 -0.0546
vn -0.0741 0.9944 -0.0751
vn -0.0568 0.9955 -0.0763
vn -0.0586 0.9967 -0.0566
vn -0.1402 0.9850 -0.1010
vn -0.1389 0.9887 -0.0567
vn -0.1910 0.9802 -0.0512
vn -0.1950 0.9758 -0.0993
vn -0.1568 0.9873 0.0252
vn -0.1641 0.9841 -0.0681
vn -0.0701 0.9958 -0.0592
vn -0.0697 0.9974 0.0206
vn -0.0963 0.9943 -0.0457
vn -0.1007 0.9932 0.0588
vn -0.2112 0.9741 0.0804
vn -0.2224 0.9737 -0.0499
vn -0.1798 0.9829 -0.0388
vn -0.2036 0.9399 -0.2742
vn 0.0058 0.9780 -0.2085
vn 0.0176 0.9997 -0.0194
vn -0.0749 0.9945 -0.0736
vn -0.0791 0.9967 0.0200
vn -0.1852 0.9826 0.0143
vn -0.1759 0.9802 -0.0907
vn -0.2539 0.9650 0.0661
vn -0.2539 0.9649 0.0670
vn -0.2550 0.9646 0.0669
vn -0.2549 0.9647 0.0661
vn 0.0825 0.9922 0.0930
vn 0.0831 0.9900 0.1143
vn 0.0628 0.9913 0.1154
vn 0.0619 0.9937 0.0930
vn 0.0314 0.9895 -0.1408
vn 0.0323 0.9917 -0.1247
vn 0.0168 0.9920 -0.1249
vn 0.0158 0.9899 -0.1412
vn -0.1637 0.9810 0.1044
vn -0.1472 0.9867 -0.0691
vn 0.0220 0.9971 -0.0727
vn 0.0084 0.9963 0.0853
vn 0.1079 0.9479 -0.2996
vn 0.1077 0.9486 -0.2977
vn 0.1059 0.9488 -0.2976
vn 0.1061 0.9481 -0.2996
vn -0.0119 0.9613 -0.2753
vn -0.0094 0.9675 -0.2529
vn -0.0291 0.9672 -0.2525
vn -0.0336 0.9612 -0.2739
vn -0.0483 0.8797 -0.4730
vn -0.0633 0.8295 -0.5549
vn 0.0449 0.8317 -0.5534
vn 0.0469 0.8814 -0.4701
vn 0.1678 0.9438 -0.2847
vn 0.1790 0.9089 -0.3766
vn 0.3175 0.8800 -0.3534
vn 0.3025 0.9178 -0.2573
vn 0.5008 0.7355 -0.4563
vn 0.5075 0.6425 -0.5741
vn 0.6784 0.5471 -0.4904
vn 0.6702 0.6401 -0.3756
vn 0.0950 0.7038 -0.7040
vn 0.0941 0.7179 -0.6897
vn 0.0735 0.7182 -0.6919
vn 0.0751 0.7051 -0.7051
vn -0.0661 0.8894 -0.4524
vn -0.0854 0.9538 -0.2881
vn -0.2844 0.9226 -0.2606
vn -0.2721 0.8594 -0.4328
vn 0.5308 0.3372 -0.7775
vn 0.5829 0.5973 -0.5509
vn 0.2403 0.7452 -0.6220
vn 0.1911 0.5343 -0.8234
vn 0.0681 0.8508 -0.5210
vn 0.0787 0.9019 -0.4248
vn -0.0737 0.8945 -0.4410
vn -0.0691 0.8344 -0.5468
vn -0.4211 0.8489 -0.3194
vn -0.4260 0.8750 -0.2300
vn -0.5001 0.8352 -0.2287
vn -0.4907 0.8134 -0.3122
vn -0.6003 0.7970 -0.0664
vn -0.5947 0.7941 0.1256
vn -0.6951 0.7072 0.1295
vn -0.7006 0.7115 -0.0534
vn -0.3221 0.6227 -0.7131
vn -0.4234 0.8084 -0.4088
vn -0.7005 0.6453 -0.3049
vn -0.6035 0.5554 -0.5721
vn -0.7011 0.6026 0.3811
vn -0.7165 0.6148 0.3297
vn -0.6864 0.6439 0.3380
vn -0.6772 0.6231 0.3913
vn -0.5281 0.8410 0.1175
vn -0.5046 0.8468 -0.1681
vn -0.3072 0.9312 -0.1961
vn -0.2814 0.9545 0.0989
vn -0.1085 0.9930 0.0474
vn -0.1276 0.9912 -0.0339
vn -0.0436 0.9984 -0.0363
vn -0.0175 0.9986 0.0494
vn -0.5958 0.6883 0.4139
vn -0.5997 0.7816 0.1717
vn -0.4115 0.8869 0.2098
vn -0.3994 0.7751 0.4896
vn -0.2215 0.9716 0.0829
vn -0.2102 0.9762 -0.0533
vn -0.0674 0.9958 -0.0613
vn -0.0871 0.9930 0.0803
vn -0.0627 0.9938 -0.0918
vn -0.0326 0.9994 0.0087
vn -0.1257 0.9920 0.0070
vn -0.1470 0.9852 -0.0882
vn -0.2631 0.9614 -0.0807
vn -0.2363 0.9687 0.0754
vn -0.3797 0.9230 0.0622
vn -0.3976 0.9140 -0.0806
vn 0.0478 0.9976 -0.0500
vn 0.0562 0.9906 -0.1245
vn 0.1283 0.9840 -0.1240
vn 0.1278 0.9904 -0.0525
vn 0.1259 0.9439 0.3054
vn 0.1225 0.9134 0.3882
vn 0.0248 0.9165 0.3994
vn 0.0302 0.9506 0.3090
vn -0.3304 0.8397 0.4309
vn -0.3491 0.8593 0.3739
vn -0.3037 0.8733 0.3810
vn -0.2845 0.8547 0.4341
vn -0.3029 0.7791 0.5489
vn -0.2212 0.6473 0.7295
vn -0.4758 0.5653 0.6738
vn -0.5207 0.7118 0.4715
vn -0.0743 0.8758 0.4769
vn -0.0735 0.8529 0.5169
vn -0.1325 0.8519 0.5067
vn -0.1386 0.8720 0.4695
vn -0.2052 0.8004 0.5632
vn -0.1826 0.7283 0.6605
vn -0.3285 0.6923 0.6426
vn -0.3422 0.7695 0.5393
vn -0.5413 0.6186 0.5695
vn -0.5515 0.7214 0.4187
vn -0.3741 0.8021 0.4656
vn -0.3549 0.7006 0.6191
vn -0.2297 0.9304 0.2858
vn -0.2327 0.9593 0.1599
vn -0.0927 0.9814 0.1684
vn -0.0888 0.9507 0.2973
vn -0.3126 0.7516 0.5808
vn -0.3216 0.8513 0.4145
vn -0.1513 0.8911 0.4278
vn -0.1342 0.8040 0.5793
vn -0.1121 0.9863 -0.1207
vn -0.1129 0.9812 -0.1568
vn -0.0793 0.9852 -0.1520
vn -0.0814 0.9901 -0.1143
vn -0.0529 0.9883 -0.1429
vn -0.0513 0.9948 -0.0877
vn -0.1042 0.9906 -0.0884
vn -0.1066 0.9834 -0.1470
vn -0.1081 0.9941 0.0092
vn -0.1099 0.9937 -0.0213
vn -0.0745 0.9970 -0.0229
vn -0.0729 0.9973 0.0058
vn -0.0766 0.9969 0.0204
vn -0.0766 0.9968 0.0206
vn -0.0768 0.9968 0.0206
vn -0.0768 0.9968 0.0204
vn -0.1072 0.9941 0.0157
vn -0.1091 0.9909 0.0793
vn -0.1741 0.9818 0.0764
vn -0.1658 0.9861 0.0143
vn 0.0179 0.9991 0.0385
vn 0.0063 0.9926 -0.1214
vn 0.1543 0.9799 -0.1263
vn 0.1724 0.9842 0.0395
vn 0.1674 0.9838 -0.0634
vn 0.1759 0.9819 0.0705
vn 0.0296 0.9973 0.0676
vn 0.0339 0.9977 -0.0579
vn -0.1498 0.9885 0.0210
vn -0.1354 0.9889 -0.0604
vn -0.0406 0.9969 -0.0677
vn -0.0518 0.9985 0.0159
vn -0.0056 0.9843 0.1765
vn -0.0035 0.9887 0.1501
vn 0.0185 0.9881 0.1529
vn 0.0178 0.9838 0.1783
vn 0.0070 0.9962 0.0862
vn 0.0123 0.9999 -0.0120
vn 0.1177 0.9928 -0.0202
vn 0.1184 0.9885 0.0935
vn 0.1356 0.9898 0.0436
vn 0.1365 0.9821 0.1295
vn 0.0492 0.9919 0.1172
vn 0.0514 0.9978 0.0415
vn 0.0348 0.9991 0.0237
vn 0.0348 0.9993 0.0120
vn 0.0469 0.9988 0.0118
vn 0.0469 0.9986 0.0241
vn 0.0347 0.9994 -0.0076
vn 0.0343 0.9990 0.0293
vn -0.0000 0.9996 0.0282
vn 0.0011 1.0000 -0.0063
vn 0.0176 0.9988 0.0454
vn 0.0178 0.9990 0.0417
vn 0.0216 0.9989 0.0416
vn 0.0214 0.9987 0.0455
vn 0.0191 0.9998 -0.0005
vn 0.0190 0.9998 0.0096
vn 0.0085 0.9999 0.0100
vn 0.0083 1.0000 0.0004
vn -0.0140 0.9999 -0.0012
vn -0.0139 0.9999 -0.0020
vn -0.0132 0.9999 -0.0020
vn -0.0132 0.9999 -0.0012
vn -0.0125 0.9998 0.0178
vn -0.0124 0.9998 0.0157
vn -0.0103 0.9998 0.0156
vn -0.0104 0.9998 0.0177
vn 0.0013 0.9999 0.0161
vn 0.0014 0.9998 0.0211
vn -0.0032 0.9998 0.0213
vn -0.0032 0.9999 0.0164
vn -0.0040 1.0000 -0.0085
vn -0.0040 0.9999 -0.0115
vn -0.0008 0.9999 -0.0114
vn -0.0008 1.0000 -0.0083
vn -0.0078 0.9999 -0.0067
vn -0.0078 0.9999 -0.0070
vn -0.0074 0.9999 -0.0070
vn -0.0074 1.0000 -0.0066
vn -0.0077 0.9999 -0.0073
vn -0.0077 1.0000 -0.0062
vn -0.0088 0.9999 -0.0063
vn -0.0087 0.9999 -0.0073
vn 0.0010 1.0000 -0.0057
vn 0.0010 1.0000 -0.0059
vn 0.0012 1.0000 -0.0059
vn 0.0012 1.0000 -0.0057
vn 0.0025 0.9999 0.0127
vn 0.0025 0.9999 0.0099
vn 0.0054 0.9999 0.0101
vn 0.0054 0.9999 0.0128
vn -0.0078 0.9998 0.0199
vn -0.0078 0.9998 0.0159
vn -0.0037 0.9999 0.0160
vn -0.0036 0.9998 0.0200
vn 0.0014 0.9999 -0.0140
vn 0.0012 0.9997 -0.0230
vn 0.0104 0.9997 -0.0233
vn 0.0102 0.9998 -0.0141
vn 0.0045 0.9997 -0.0255
vn 0.0045 0.9998 -0.0205
vn -0.0000 0.9998 -0.0202
vn -0.0001 0.9997 -0.0253
vn -0.0028 0.9999 0.0116
vn -0.0027 0.9999 0.0138
vn -0.0050 0.9999 0.0138
vn -0.0050 0.9999 0.0116
vn 0.0044 0.9998 -0.0180
vn 0.0046 1.0000 0.0021
vn -0.0135 0.9999 0.0021
vn -0.0158 0.9997 -0.0176
vn -0.0167 0.9999 -0.0043
vn -0.0184 0.9997 -0.0184
vn -0.0041 0.9998 -0.0178
vn -0.0038 1.0000 -0.0039
vn -0.0095 0.9997 -0.0212
vn -0.0096 0.9999 -0.0122
vn -0.0186 0.9998 -0.0121
vn -0.0189 0.9996 -0.0215
vn -0.0173 0.9998 0.0050
vn -0.0177 0.9998 -0.0045
vn -0.0081 1.0000 -0.0041
vn -0.0079 1.0000 0.0047
vn 0.0021 1.0000 0.0074
vn 0.0020 1.0000 0.0080
vn 0.0014 1.0000 0.0081
vn 0.0015 1.0000 0.0075
vn -0.0077 1.0000 -0.0060
vn -0.0084 0.9999 0.0122
vn -0.0299 0.9994 0.0143
vn -0.0274 0.9996 -0.0055
vn 0.0002 0.9999 0.0170
vn -0.0001 1.0000 0.0091
vn 0.0063 0.9999 0.0089
vn 0.0068 0.9998 0.0164
vn -0.0003 0.9998 -0.0186
vn 0.0010 1.0000 -0.0022
vn -0.0162 0.9999 -0.0023
vn -0.0170 0.9996 -0.0207
vn -0.0253 0.9997 0.0036
vn -0.0224 0.9996 -0.0197
vn 0.0003 0.9999 -0.0166
vn -0.0006 1.0000 0.0046
vn 0.0044 1.0000 -0.0056
vn 0.0046 1.0000 0.0051
vn -0.0067 1.0000 0.0055
vn -0.0077 1.0000 -0.0055
vn -0.0188 0.9998 0.0051
vn -0.0188 0.9998 -0.0079
vn -0.0031 1.0000 -0.0086
vn -0.0037 1.0000 0.0043
vn 0.0057 0.9922 -0.1242
vn 0.0051 0.9940 -0.1096
vn -0.0073 0.9939 -0.1103
vn -0.0073 0.9922 -0.1244
vn 0.0172 0.9997 -0.0169
vn 0.0122 0.9959 -0.0893
vn 0.0926 0.9919 -0.0864
vn 0.0889 0.9960 -0.0102
vn 0.1148 0.9856 -0.1239
vn 0.1118 0.9905 -0.0799
vn 0.0711 0.9944 -0.0787
vn 0.0712 0.9905 -0.1176
vn -0.0060 0.9976 -0.0686
vn -0.0063 0.9967 -0.0809
vn 0.0067 0.9967 -0.0812
vn 0.0072 0.9976 -0.0686
vn 0.0068 0.9910 -0.1337
vn 0.0073 0.9921 -0.1254
vn -0.0001 0.9921 -0.1254
vn -0.0007 0.9911 -0.1333
vn 0.0593 0.9911 -0.1192
vn 0.0588 0.9892 -0.1346
vn 0.0717 0.9882 -0.1355
vn 0.0727 0.9901 -0.1199
vn 0.0772 0.9880 -0.1335
vn 0.0773 0.9884 -0.1310
vn 0.0746 0.9885 -0.1313
vn 0.0747 0.9882 -0.1338
vn -0.0474 0.9945 -0.0932
vn -0.0372 0.9993 0.0054
vn -0.1433 0.9896 0.0124
vn -0.1584 0.9825 -0.0979
vn -0.2027 0.9746 -0.0950
vn -0.2064 0.9699 -0.1291
vn -0.1700 0.9777 -0.1231
vn -0.1683 0.9814 -0.0927
vn 0.0491 0.9884 -0.1435
vn 0.0445 0.9943 -0.0964
vn -0.0039 0.9952 -0.0973
vn 0.0006 0.9897 -0.1430
vn -0.0684 0.9940 -0.0850
vn -0.0741 0.9973 -0.0003
vn -0.1502 0.9886 -0.0036
vn -0.1493 0.9848 -0.0891
vn -0.1552 0.9869 0.0430
vn -0.1544 0.9862 0.0591
vn -0.1708 0.9836 0.0588
vn -0.1712 0.9843 0.0425
vn -0.1512 0.9546 0.2567
vn -0.1547 0.9655 0.2097
vn -0.1155 0.9722 0.2035
vn -0.1095 0.9624 0.2487
vn -0.1962 0.9551 0.2218
vn -0.1935 0.9440 0.2673
vn -0.2347 0.9329 0.2733
vn -0.2362 0.9454 0.2244
vn -0.2079 0.9781 -0.0105
vn -0.2022 0.9755 -0.0872
vn -0.1095 0.9905 -0.0838
vn -0.1169 0.9931 -0.0070
vn -0.1071 0.9814 -0.1595
vn -0.1118 0.9632 -0.2446
vn -0.0185 0.9689 -0.2466
vn -0.0237 0.9873 -0.1573
vn 0.0874 0.9919 -0.0923
vn 0.0939 0.9744 -0.2045
vn 0.2245 0.9581 -0.1779
vn 0.2306 0.9710 -0.0631
vn -0.0338 0.9972 0.0671
vn -0.0298 0.9995 -0.0138
vn 0.0387 0.9992 -0.0037
vn 0.0415 0.9967 0.0699
vn 0.1248 0.9643 -0.2335
vn 0.1065 0.9109 -0.3986
vn 0.2630 0.8789 -0.3980
vn 0.2849 0.9313 -0.2269
vn 0.2333 0.8483 -0.4753
vn 0.2336 0.8488 -0.4743
vn 0.2326 0.8490 -0.4745
vn 0.2323 0.8486 -0.4754
vn 0.2199 0.6646 -0.7141
vn 0.1340 0.5188 -0.8443
vn 0.3274 0.4199 -0.8465
vn 0.4347 0.5741 -0.6939
vn 0.4353 0.8223 -0.3665
vn 0.4052 0.7414 -0.5349
vn 0.5924 0.6435 -0.4848
vn 0.6110 0.7263 -0.3149
vn 0.4805 0.4579 -0.7480
vn 0.5421 0.5792 -0.6088
vn 0.3005 0.6306 -0.7156
vn 0.2327 0.5109 -0.8275
vn 0.5579 0.6620 -0.5006
vn 0.5813 0.7138 -0.3906
vn 0.4042 0.7716 -0.4912
vn 0.3886 0.7068 -0.5911
vn 0.2572 0.4871 -0.8346
vn 0.2567 0.4837 -0.8367
vn 0.2617 0.4864 -0.8336
vn 0.2597 0.4862 -0.8343
vn 0.1679 0.5460 -0.8208
vn 0.1539 0.5177 -0.8416
vn 0.2227 0.5098 -0.8310
vn 0.2318 0.5417 -0.8080
vn 0.2215 0.5796 0.7842
vn 0.2516 0.3871 0.8870
vn -0.0406 0.4430 0.8956
vn -0.0878 0.6196 0.7800
vn -0.5933 0.4621 0.6592
vn -0.6640 0.5717 0.4819
vn -0.4924 0.6617 0.5655
vn -0.3384 0.5010 0.7965
vn -0.3513 0.7130 0.6069
vn -0.3455 0.7068 0.6172
vn -0.3586 0.7035 0.6136
vn -0.3617 0.7096 0.6046
vn -0.2849 0.7642 0.5786
vn -0.2790 0.7468 0.6037
vn -0.3105 0.7373 0.6000
vn -0.3177 0.7529 0.5764
vn -0.3546 0.8212 0.4471
vn -0.3611 0.8346 0.4159
vn -0.3270 0.8442 0.4248
vn -0.3214 0.8288 0.4581
vn -0.3503 0.8728 0.3399
vn -0.3562 0.9109 0.2083
vn -0.2256 0.9498 0.2168
vn -0.2181 0.9073 0.3595
vn -0.0855 0.9738 0.2107
vn -0.0852 0.9935 0.0752
vn 0.0607 0.9958 0.0692
vn 0.0510 0.9768 0.2082
vn -0.2154 0.8419 0.4948
vn -0.2339 0.9090 0.3449
vn -0.0347 0.9337 0.3564
vn -0.0180 0.8565 0.5158
vn 0.0990 0.8255 0.5557
vn 0.0988 0.8299 0.5491
vn 0.1083 0.8291 0.5485
vn 0.1080 0.8250 0.5547
vn 0.1638 0.8620 0.4798
vn 0.1864 0.9223 0.3385
vn 0.3394 0.8816 0.3279
vn 0.3149 0.8271 0.4655
vn 0.3574 0.8842 0.3008
vn 0.3414 0.8532 0.3943
vn 0.2272 0.8848 0.4069
vn 0.2455 0.9168 0.3149
vn 0.2009 0.8674 0.4553
vn 0.2065 0.9194 0.3348
vn 0.3598 0.8785 0.3144
vn 0.3565 0.8283 0.4321
vn 0.3852 0.8259 0.4117
vn 0.3778 0.7761 0.5049
vn 0.2844 0.8049 0.5208
vn 0.2943 0.8554 0.4263
vn 0.1446 0.8108 0.5672
vn 0.1483 0.8244 0.5462
vn 0.1718 0.8206 0.5450
vn 0.1723 0.8065 0.5656
vn 0.0820 0.9193 0.3848
vn 0.0997 0.8383 0.5360
vn -0.1010 0.8179 0.5665
vn -0.1110 0.9127 0.3933
vn 0.1787 0.9816 0.0672
vn 0.1744 0.9580 0.2276
vn -0.0080 0.9731 0.2304
vn 0.0012 0.9977 0.0681
vn -0.0992 0.9886 0.1137
vn -0.1001 0.9866 0.1289
vn -0.1149 0.9849 0.1292
vn -0.1143 0.9869 0.1139
vn -0.1387 0.9876 0.0731
vn -0.1305 0.9902 -0.0503
vn -0.0148 0.9994 -0.0301
vn -0.0181 0.9968 0.0774
vn 0.0322 0.9994 0.0123
vn 0.0322 0.9994 0.0115
vn 0.0329 0.9994 0.0115
vn 0.0330 0.9994 0.0123
vn -0.0996 0.9925 0.0703
vn -0.0979 0.9948 0.0286
vn -0.0567 0.9979 0.0301
vn -0.0580 0.9957 0.0719
vn -0.0076 0.9994 0.0333
vn -0.0077 0.9998 -0.0194
vn 0.0465 0.9987 -0.0185
vn 0.0497 0.9982 0.0343
vn 0.0227 0.9991 -0.0347
vn 0.0233 0.9996 -0.0178
vn 0.0051 0.9998 -0.0181
vn 0.0045 0.9994 -0.0350
vn 0.0175 0.9943 0.1055
vn 0.0154 0.9973 0.0724
vn 0.0495 0.9962 0.0711
vn 0.0535 0.9930 0.1049
vn 0.0954 0.9848 0.1454
vn 0.0937 0.9871 0.1299
vn 0.1082 0.9856 0.1298
vn 0.1110 0.9831 0.1455
vn 0.0993 0.9890 0.1095
vn 0.1040 0.9855 0.1344
vn 0.0802 0.9876 0.1349
vn 0.0766 0.9909 0.1109
vn 0.0700 0.9849 0.1584
vn 0.0728 0.9806 0.1819
vn 0.0518 0.9821 0.1812
vn 0.0501 0.9861 0.1582
vn 0.0310 0.9993 0.0209
vn 0.0312 0.9992 0.0265
vn 0.0255 0.9993 0.0263
vn 0.0254 0.9995 0.0208
vn 0.0362 0.9992 -0.0180
vn 0.0385 0.9992 0.0053
vn 0.0119 0.9999 0.0052
vn 0.0112 0.9998 -0.0182
vn -0.0121 0.9992 -0.0388
vn -0.0115 0.9998 -0.0174
vn -0.0316 0.9993 -0.0182
vn -0.0335 0.9987 -0.0394
vn 0.0272 0.9996 -0.0105
vn 0.0274 0.9994 -0.0199
vn 0.0376 0.9991 -0.0203
vn 0.0371 0.9993 -0.0104
vn 0.0341 0.9990 -0.0277
vn 0.0333 0.9994 -0.0095
vn 0.0157 0.9998 -0.0092
vn 0.0160 0.9995 -0.0267
vn -0.0362 0.9992 -0.0153
vn -0.0374 0.9990 -0.0264
vn -0.0270 0.9993 -0.0270
vn -0.0259 0.9995 -0.0157
vn -0.0080 0.9997 0.0214
vn -0.0091 1.0000 0.0034
vn 0.0110 0.9999 0.0034
vn 0.0111 0.9997 0.0218
vn 0.0012 1.0000 -0.0004
vn 0.0012 0.9999 0.0122
vn -0.0113 0.9999 0.0124
vn -0.0112 0.9999 -0.0002
vn -0.0161 0.9999 -0.0030
vn -0.0161 0.9999 -0.0054
vn -0.0137 0.9999 -0.0054
vn -0.0137 0.9999 -0.0030
vn 0.0189 0.9998 -0.0101
vn 0.0188 0.9998 -0.0046
vn 0.0132 0.9999 -0.0045
vn 0.0131 0.9999 -0.0100
vn 0.0139 0.9995 0.0295
vn 0.0137 0.9996 0.0249
vn 0.0180 0.9995 0.0251
vn 0.0183 0.9994 0.0298
vn -0.0060 0.9999 0.0139
vn -0.0056 1.0000 -0.0008
vn 0.0085 1.0000 -0.0005
vn 0.0089 0.9999 0.0145
vn 0.0041 0.9999 -0.0113
vn 0.0049 0.9999 0.0107
vn -0.0162 0.9998 0.0111
vn -0.0163 0.9998 -0.0097
vn 0.0262 0.9997 -0.0018
vn 0.0252 0.9995 -0.0164
vn 0.0432 0.9989 -0.0177
vn 0.0440 0.9990 -0.0022
vn 0.0359 0.9992 -0.0201
vn 0.0371 0.9993 0.0088
vn 0.0080 0.9999 0.0075
vn 0.0071 0.9998 -0.0184
vn -0.0197 0.9997 0.0110
vn -0.0197 0.9998 -0.0027
vn -0.0063 1.0000 -0.0025
vn -0.0063 0.9999 0.0119
vn 0.0013 0.9996 -0.0278
vn 0.0013 0.9996 -0.0291
vn 0.0024 0.9996 -0.0292
vn 0.0024 0.9996 -0.0279
vn -0.0007 0.9999 -0.0113
vn -0.0007 0.9998 -0.0213
vn 0.0092 0.9997 -0.0220
vn 0.0086 0.9999 -0.0115
vn 0.0092 0.9998 -0.0165
vn 0.0086 0.9999 -0.0075
vn 0.0001 1.0000 -0.0072
vn 0.0003 0.9999 -0.0157
vn 0.0012 1.0000 -0.0018
vn 0.0012 1.0000 0.0009
vn -0.0015 1.0000 0.0008
vn -0.0015 1.0000 -0.0018
vn -0.0040 1.0000 0.0029
vn -0.0040 1.0000 0.0057
vn -0.0067 1.0000 0.0057
vn -0.0067 1.0000 0.0029
vn -0.0010 0.9999 0.0112
vn -0.0009 1.0000 0.0048
vn 0.0057 1.0000 0.0051
vn 0.0057 0.9999 0.0118
vn 0.0001 0.9998 -0.0178
vn 0.0004 1.0000 0.0002
vn -0.0153 0.9999 -0.0001
vn -0.0159 0.9997 -0.0167
vn -0.0025 1.0000 0.0028
vn -0.0027 1.0000 -0.0087
vn 0.0088 0.9999 -0.0085
vn 0.0093 1.0000 0.0033
vn 0.0137 0.9999 0.0098
vn 0.0139 0.9998 0.0140
vn 0.0096 0.9999 0.0140
vn 0.0096 0.9999 0.0097
vn -0.0203 0.9997 0.0123
vn -0.0204 0.9998 0.0089
vn -0.0171 0.9998 0.0090
vn -0.0171 0.9998 0.0127
vn -0.0104 0.9997 -0.0237
vn -0.0104 0.9994 -0.0341
vn 0.0003 0.9994 -0.0343
vn -0.0000 0.9997 -0.0237
vn 0.0002 0.9995 -0.0325
vn 0.0003 0.9998 -0.0183
vn -0.0137 0.9997 -0.0184
vn -0.0141 0.9994 -0.0322
vn -0.0213 0.9998 0.0043
vn -0.0211 0.9997 0.0075
vn -0.0241 0.9997 0.0072
vn -0.0243 0.9997 0.0041
vn -0.0322 0.9924 -0.1187
vn -0.0352 0.9987 -0.0376
vn -0.1142 0.9927 -0.0390
vn -0.1122 0.9867 -0.1180
vn -0.1341 0.9900 -0.0437
vn -0.1336 0.9877 -0.0811
vn -0.0961 0.9919 -0.0825
vn -0.0964 0.9944 -0.0435
vn -0.0296 0.9937 -0.1080
vn -0.0298 0.9930 -0.1139
vn -0.0239 0.9931 -0.1150
vn -0.0239 0.9938 -0.1085
vn -0.0176 0.9952 -0.0965
vn -0.0173 0.9945 -0.1036
vn -0.0103 0.9945 -0.1039
vn -0.0108 0.9953 -0.0967
vn -0.0860 0.9887 -0.1230
vn -0.0866 0.9910 -0.1023
vn -0.1075 0.9890 -0.1016
vn -0.1062 0.9868 -0.1221
vn -0.0756 0.9896 -0.1221
vn -0.0613 0.9758 -0.2101
vn 0.0434 0.9757 -0.2147
vn 0.0136 0.9926 -0.1209
vn -0.0314 0.9732 -0.2280
vn -0.0312 0.9851 -0.1688
vn -0.0837 0.9816 -0.1715
vn -0.0922 0.9698 -0.2257
vn -0.0907 0.9863 -0.1380
vn -0.0940 0.9836 -0.1538
vn -0.0757 0.9851 -0.1542
vn -0.0729 0.9878 -0.1375
vn 0.0623 0.9886 -0.1372
vn 0.0588 0.9902 -0.1269
vn 0.0465 0.9907 -0.1275
vn 0.0487 0.9893 -0.1376
vn 0.0455 0.9788 -0.1998
vn 0.0445 0.9809 -0.1891
vn 0.0335 0.9814 -0.1890
vn 0.0331 0.9794 -0.1994
vn -0.0814 0.9817 -0.1724
vn -0.0788 0.9860 -0.1466
vn -0.1056 0.9834 -0.1476
vn -0.1058 0.9794 -0.1723
vn -0.1455 0.9823 0.1184
vn -0.1467 0.9744 0.1703
vn -0.1980 0.9653 0.1704
vn -0.1939 0.9742 0.1155
vn 0.0043 0.9999 -0.0121
vn 0.0112 0.9977 0.0669
vn -0.0669 0.9958 0.0630
vn -0.0729 0.9973 -0.0124
vn -0.1094 0.9750 0.1936
vn -0.1052 0.9661 0.2359
vn -0.1351 0.9613 0.2400
vn -0.1392 0.9695 0.2016
vn -0.1634 0.9681 0.1898
vn -0.1603 0.9842 0.0750
vn -0.0567 0.9955 0.0766
vn -0.0435 0.9818 0.1848
vn -0.0252 0.9976 0.0638
vn -0.0206 0.9952 0.0953
vn -0.0540 0.9940 0.0950
vn -0.0556 0.9965 0.0618
vn -0.2130 0.9720 -0.0992
vn -0.2095 0.9777 -0.0125
vn -0.3057 0.9517 -0.0294
vn -0.3043 0.9439 -0.1281
vn -0.3187 0.9422 -0.1031
vn -0.3098 0.9303 -0.1963
vn -0.2311 0.9519 -0.2010
vn -0.2428 0.9630 -0.1172
vn -0.0908 0.9721 -0.2162
vn -0.0902 0.9808 -0.1727
vn -0.1339 0.9757 -0.1734
vn -0.1380 0.9662 -0.2179
vn -0.1503 0.9370 -0.3152
vn -0.1536 0.9250 -0.3476
vn -0.1132 0.9306 -0.3480
vn -0.1106 0.9413 -0.3189
vn -0.1971 0.9033 -0.3810
vn -0.2076 0.9250 -0.3182
vn -0.2770 0.9102 -0.3078
vn -0.2716 0.8869 -0.3738
vn -0.1932 0.7669 -0.6119
vn -0.1806 0.6640 -0.7255
vn 0.0002 0.6778 -0.7353
vn 0.0101 0.7834 -0.6214
vn -0.0588 0.5855 -0.8086
vn -0.0640 0.5077 -0.8592
vn 0.0660 0.5012 -0.8628
vn 0.0828 0.5837 -0.8077
vn 0.2433 0.6277 -0.7395
vn 0.2211 0.5783 -0.7853
vn 0.3253 0.5663 -0.7573
vn 0.3576 0.6078 -0.7090
vn 0.2610 0.8178 -0.5128
vn 0.2251 0.7146 -0.6624
vn 0.4433 0.6613 -0.6051
vn 0.4927 0.7417 -0.4551
vn 0.3286 0.8957 0.2994
vn 0.3337 0.9237 0.1884
vn 0.4693 0.8708 0.1468
vn 0.4722 0.8394 0.2689
vn 0.3775 0.8825 0.2806
vn 0.3264 0.7438 0.5833
vn 0.0054 0.7873 0.6165
vn 0.0440 0.9316 0.3607
vn -0.0808 0.7193 0.6900
vn -0.0697 0.7944 0.6034
vn 0.0839 0.7991 0.5953
vn 0.0653 0.7039 0.7073
vn 0.3890 0.7747 0.4986
vn 0.3599 0.6292 0.6889
vn 0.0846 0.7175 0.6914
vn 0.0877 0.8525 0.5153
vn -0.2003 0.9687 -0.1469
vn -0.1798 0.9705 0.1608
vn -0.3869 0.9106 0.1456
vn -0.4289 0.8962 -0.1131
vn 0.1129 0.9212 0.3723
vn 0.1030 0.8562 0.5063
vn -0.0869 0.8725 0.4807
vn -0.0848 0.9310 0.3549
vn -0.2375 0.8822 0.4066
vn -0.2319 0.8270 0.5122
vn -0.3404 0.8023 0.4903
vn -0.3510 0.8501 0.3927
vn -0.4025 0.8521 0.3347
vn -0.4028 0.8523 0.3336
vn -0.4018 0.8527 0.3337
vn -0.4015 0.8524 0.3349
vn -0.3992 0.7471 0.5315
vn -0.3672 0.6894 0.6244
vn -0.4749 0.6457 0.5979
vn -0.5032 0.7032 0.5022
vn -0.3153 0.6947 0.6465
vn -0.3312 0.7388 0.5870
vn -0.2575 0.7610 0.5954
vn -0.2391 0.7166 0.6552
vn -0.1866 0.7823 0.5943
vn -0.2009 0.8161 0.5419
vn -0.1245 0.8266 0.5489
vn -0.1118 0.7908 0.6017
vn -0.5142 0.6376 0.5736
vn -0.5221 0.6555 0.5457
vn -0.4836 0.6722 0.5606
vn -0.4763 0.6532 0.5886
vn -0.3584 0.7728 0.5237
vn -0.3815 0.8588 0.3421
vn -0.1159 0.9151 0.3863
vn -0.0898 0.8204 0.5647
vn -0.1570 0.9380 0.3091
vn -0.1537 0.9193 0.3623
vn -0.2260 0.9069 0.3556
vn -0.2176 0.9284 0.3013
vn -0.1275 0.9527 0.2757
vn -0.0863 0.9941 0.0659
vn 0.0973 0.9932 0.0638
vn 0.1032 0.9581 0.2673
vn -0.0249 0.9545 0.2971
vn -0.0211 0.9301 0.3668
vn -0.0929 0.9249 0.3687
vn -0.0846 0.9508 0.2981
vn -0.0486 0.9960 0.0751
vn -0.0418 0.9983 0.0394
vn -0.0056 0.9993 0.0378
vn -0.0105 0.9972 0.0736
vn 0.1567 0.9871 0.0331
vn 0.1618 0.9838 0.0768
vn 0.1153 0.9902 0.0784
vn 0.1137 0.9929 0.0350
vn 0.0779 0.9956 0.0511
vn 0.0775 0.9937 0.0812
vn 0.0490 0.9955 0.0810
vn 0.0500 0.9974 0.0518
vn 0.0203 0.9971 0.0737
vn 0.0224 0.9985 0.0500
vn 0.0455 0.9977 0.0492
vn 0.0442 0.9963 0.0732
vn 0.0813 0.9921 0.0954
vn 0.0822 0.9956 0.0444
vn 0.1347 0.9900 0.0431
vn 0.1362 0.9860 0.0962
vn 0.0284 0.9991 0.0325
vn 0.0274 0.9983 0.0524
vn 0.0095 0.9986 0.0523
vn 0.0108 0.9994 0.0329
vn -0.0138 0.9936 0.1120
vn -0.0162 0.9904 0.1373
vn -0.0382 0.9900 0.1361
vn -0.0346 0.9933 0.1100
vn 0.1359 0.9899 0.0400
vn 0.1378 0.9863 0.0901
vn 0.0873 0.9924 0.0864
vn 0.0868 0.9955 0.0389
vn 0.0267 0.9991 -0.0339
vn 0.0263 0.9987 0.0431
vn -0.0482 0.9979 0.0433
vn -0.0467 0.9984 -0.0329
vn -0.0481 0.9949 0.0886
vn -0.0502 0.9935 0.1017
vn -0.0628 0.9928 0.1022
vn -0.0606 0.9942 0.0888
vn -0.0450 0.9988 -0.0182
vn -0.0440 0.9987 -0.0258
vn -0.0358 0.9990 -0.0257
vn -0.0362 0.9992 -0.0182
vn -0.0786 0.9969 0.0006
vn -0.0785 0.9969 -0.0092
vn -0.0686 0.9976 -0.0091
vn -0.0686 0.9976 0.0008
vn -0.0445 0.9978 0.0498
vn -0.0447 0.9989 0.0135
vn -0.0090 0.9999 0.0133
vn -0.0093 0.9988 0.0485
vn -0.0208 0.9997 -0.0157
vn -0.0204 0.9990 -0.0387
vn 0.0020 0.9993 -0.0382
vn 0.0009 0.9999 -0.0154
vn 0.0105 0.9998 -0.0151
vn 0.0104 0.9999 -0.0127
vn 0.0080 0.9999 -0.0127
vn 0.0082 0.9999 -0.0151
vn -0.0007 0.9989 -0.0478
vn -0.0010 0.9996 -0.0269
vn -0.0213 0.9994 -0.0276
vn -0.0211 0.9986 -0.0492
vn -0.0348 0.9994 0.0074
vn -0.0348 0.9993 0.0123
vn -0.0399 0.9991 0.0124
vn -0.0399 0.9992 0.0075
vn -0.0004 0.9998 0.0180
vn -0.0008 0.9997 0.0261
vn -0.0092 0.9996 0.0260
vn -0.0092 0.9998 0.0181
vn -0.0107 0.9999 -0.0027
vn -0.0107 0.9999 -0.0091
vn -0.0045 0.9999 -0.0092
vn -0.0045 1.0000 -0.0027
vn -0.0318 0.9990 0.0314
vn -0.0319 0.9994 0.0106
vn -0.0117 0.9999 0.0104
vn -0.0114 0.9995 0.0305
vn -0.0017 0.9999 0.0161
vn -0.0017 0.9999 0.0157
vn -0.0013 0.9999 0.0157
vn -0.0013 0.9999 0.0161
vn -0.0047 0.9998 0.0190
vn -0.0048 0.9996 0.0264
vn -0.0117 0.9996 0.0260
vn -0.0112 0.9998 0.0189
vn -0.0127 0.9999 0.0062
vn -0.0126 0.9999 0.0054
vn -0.0119 0.9999 0.0054
vn -0.0119 0.9999 0.0062
vn -0.0098 0.9998 -0.0189
vn -0.0099 0.9999 -0.0020
vn -0.0293 0.9996 -0.0026
vn -0.0289 0.9994 -0.0209
vn -0.0319 0.9994 0.0142
vn -0.0315 0.9995 -0.0017
vn -0.0147 0.9999 -0.0022
vn -0.0148 0.9998 0.0132
vn -0.0064 0.9999 -0.0149
vn -0.0062 0.9997 -0.0250
vn 0.0037 0.9997 -0.0259
vn 0.0035 0.9999 -0.0153
vn 0.0088 0.9999 -0.0070
vn 0.0087 0.9999 -0.0069
vn 0.0086 0.9999 -0.0069
vn 0.0086 0.9999 -0.0070
vn 0.0011 0.9999 0.0145
vn 0.0012 1.0000 0.0002
vn 0.0159 0.9999 -0.0002
vn 0.0157 0.9998 0.0134
vn 0.0192 0.9998 -0.0031
vn 0.0191 0.9998 0.0041
vn 0.0121 0.9999 0.0039
vn 0.0121 0.9999 -0.0032
vn 0.0159 0.9999 0.0003
vn 0.0163 0.9998 -0.0145
vn 0.0335 0.9993 -0.0160
vn 0.0327 0.9995 0.0001
vn 0.0392 0.9991 0.0141
vn 0.0391 0.9991 0.0173
vn 0.0354 0.9992 0.0170
vn 0.0356 0.9993 0.0139
vn 0.0057 1.0000 0.0029
vn 0.0058 0.9999 0.0085
vn 0.0003 1.0000 0.0084
vn 0.0002 1.0000 0.0028
vn 0.0033 0.9998 -0.0203
vn 0.0033 0.9994 -0.0335
vn 0.0167 0.9993 -0.0342
vn 0.0160 0.9997 -0.0205
vn 0.0323 0.9987 -0.0396
vn 0.0322 0.9989 -0.0337
vn 0.0259 0.9991 -0.0330
vn 0.0260 0.9989 -0.0391
vn 0.0102 0.9999 -0.0121
vn 0.0099 0.9999 0.0080
vn -0.0122 0.9999 0.0055
vn -0.0117 0.9998 -0.0133
vn -0.0076 0.9917 -0.1286
vn -0.0091 0.9985 -0.0543
vn -0.0782 0.9954 -0.0561
vn -0.0844 0.9878 -0.1308
vn -0.1110 0.9895 -0.0924
vn -0.1122 0.9881 -0.1049
vn -0.0985 0.9896 -0.1053
vn -0.0983 0.9908 -0.0929
vn -0.0433 0.9951 -0.0886
vn -0.0443 0.9982 -0.0416
vn -0.0908 0.9950 -0.0417
vn -0.0910 0.9919 -0.0882
vn -0.1091 0.9841 -0.1402
vn -0.1091 0.9823 -0.1519
vn -0.0973 0.9835 -0.1522
vn -0.0973 0.9853 -0.1404
vn -0.1117 0.9729 -0.2027
vn -0.1134 0.9810 -0.1575
vn -0.1602 0.9745 -0.1570
vn -0.1579 0.9664 -0.2028
vn -0.1599 0.9871 -0.0000
vn -0.1610 0.9849 -0.0644
vn -0.1115 0.9916 -0.0659
vn -0.1054 0.9944 -0.0058
vn -0.1079 0.9913 -0.0749
vn -0.1077 0.9933 -0.0410
vn -0.1402 0.9893 -0.0417
vn -0.1404 0.9872 -0.0752
vn -0.1590 0.9777 -0.1371
vn -0.1591 0.9784 -0.1317
vn -0.1645 0.9776 -0.1314
vn -0.1643 0.9769 -0.1368
vn -0.1382 0.9632 -0.2306
vn -0.1334 0.9758 -0.1735
vn -0.1981 0.9650 -0.1719
vn -0.1979 0.9524 -0.2317
vn -0.3378 0.9032 -0.2650
vn -0.3212 0.9441 -0.0742
vn -0.4624 0.8827 -0.0840
vn -0.5083 0.8238 -0.2511
vn -0.1416 0.9899 -0.0097
vn -0.1375 0.9888 -0.0586
vn -0.0697 0.9961 -0.0548
vn -0.0820 0.9966 -0.0042
vn -0.0240 0.7705 -0.6370
vn -0.1002 0.9593 -0.2640
vn -0.3223 0.9156 -0.2403
vn -0.3417 0.7662 -0.5443
vn -0.4930 0.8503 -0.1844
vn -0.5257 0.7400 -0.4195
vn -0.2611 0.8037 -0.5347
vn -0.3320 0.9195 -0.2106
vn -0.2781 0.9586 -0.0607
vn -0.2777 0.9587 -0.0620
vn -0.2764 0.9590 -0.0620
vn -0.2767 0.9590 -0.0607
vn -0.3483 0.9332 -0.0883
vn -0.3603 0.9222 -0.1406
vn -0.3086 0.9402 -0.1443
vn -0.3012 0.9495 -0.0876
vn -0.2761 0.9595 -0.0567
vn -0.2755 0.9601 -0.0485
vn -0.2843 0.9575 -0.0484
vn -0.2846 0.9570 -0.0568
vn -0.2900 0.9452 -0.1498
vn -0.2974 0.9508 -0.0870
vn -0.3474 0.9336 -0.0878
vn -0.3473 0.9257 -0.1501
vn -0.4199 0.8935 -0.1594
vn -0.4178 0.9063 -0.0638
vn -0.5197 0.8538 -0.0304
vn -0.5157 0.8459 -0.1363
vn -0.3498 0.9365 0.0262
vn -0.3485 0.9222 0.1674
vn -0.4722 0.8569 0.2069
vn -0.4652 0.8827 0.0670
vn -0.4573 0.8591 -0.2299
vn -0.4572 0.8590 -0.2305
vn -0.4567 0.8593 -0.2303
vn -0.4568 0.8594 -0.2297
vn -0.5405 0.8179 -0.1973
vn -0.5353 0.8112 -0.2356
vn -0.5116 0.8274 -0.2317
vn -0.5150 0.8333 -0.2009
vn -0.5365 0.8395 -0.0857
vn -0.5367 0.8438 0.0009
vn -0.5847 0.8110 0.0199
vn -0.5872 0.8063 -0.0719
vn -0.4617 0.8870 0.0014
vn -0.4619 0.8868 -0.0149
vn -0.4506 0.8926 -0.0184
vn -0.4503 0.8929 -0.0030
vn -0.3901 0.8967 -0.2092
vn -0.3791 0.8609 -0.3391
vn -0.2532 0.9040 -0.3445
vn -0.2606 0.9454 -0.1955
vn -0.5791 0.8151 -0.0131
vn -0.5804 0.8056 -0.1189
vn -0.5086 0.8544 -0.1063
vn -0.5065 0.8622 0.0011
vn -0.4031 0.9143 0.0403
vn -0.4030 0.9037 -0.1444
vn -0.2370 0.9587 -0.1575
vn -0.2477 0.9677 0.0469
vn -0.0947 0.9298 -0.3558
vn -0.0923 0.8669 -0.4898
vn 0.0516 0.8694 -0.4915
vn 0.0610 0.9305 -0.3612
vn 0.2491 0.9489 -0.1937
vn 0.2365 0.9061 -0.3509
vn 0.4270 0.8471 -0.3163
vn 0.4365 0.8847 -0.1634
vn -0.0825 0.9965 0.0147
vn -0.0783 0.9920 -0.0995
vn 0.0493 0.9948 -0.0886
vn 0.0547 0.9982 0.0236
vn -0.1591 0.7786 0.6070
vn -0.1604 0.7426 0.6503
vn -0.2364 0.7275 0.6441
vn -0.2341 0.7659 0.5989
vn -0.1900 0.7723 0.6062
vn -0.2111 0.8658 0.4537
vn -0.0095 0.8880 0.4597
vn 0.0034 0.7950 0.6065
vn 0.0995 0.8887 0.4475
vn 0.0984 0.9014 0.4216
vn 0.1277 0.8983 0.4203
vn 0.1277 0.8860 0.4457
vn -0.2150 0.7937 0.5690
vn -0.2095 0.8435 0.4945
vn -0.1034 0.8605 0.4989
vn -0.1059 0.8141 0.5710
vn -0.0120 0.9980 0.0627
vn -0.0115 0.9999 0.0120
vn 0.0435 0.9989 0.0154
vn 0.0457 0.9968 0.0662
vn 0.2097 0.9746 -0.0783
vn 0.2068 0.9395 -0.2730
vn 0.3946 0.8770 -0.2741
vn 0.3753 0.9242 -0.0710
vn 0.3003 0.9394 0.1653
vn 0.2517 0.9053 0.3423
vn 0.0664 0.9383 0.3394
vn 0.0824 0.9832 0.1628
vn 0.1193 0.9789 0.1660
vn 0.1160 0.9893 0.0886
vn 0.1926 0.9773 0.0886
vn 0.1930 0.9674 0.1640
vn 0.1688 0.9230 0.3459
vn 0.1654 0.8871 0.4309
vn 0.0622 0.8982 0.4351
vn 0.0577 0.9363 0.3464
vn -0.0466 0.8701 0.4907
vn -0.0457 0.8516 0.5222
vn -0.0884 0.8494 0.5203
vn -0.0903 0.8675 0.4891
vn -0.1216 0.7554 0.6439
vn -0.1179 0.7327 0.6703
vn -0.1647 0.7282 0.6652
vn -0.1696 0.7506 0.6387
vn 0.0768 0.7125 0.6975
vn 0.0739 0.7494 0.6579
vn 0.1490 0.7434 0.6520
vn 0.1489 0.7096 0.6887
vn 0.0977 0.7441 0.6609
vn 0.0903 0.6398 0.7632
vn -0.1040 0.6309 0.7688
vn -0.0920 0.7440 0.6618
vn -0.0761 0.6266 0.7757
vn -0.1030 0.7197 0.6866
vn 0.0516 0.7243 0.6876
vn 0.0835 0.6333 0.7694
vn -0.0462 0.9691 0.2424
vn -0.0421 0.9648 0.2595
vn -0.0664 0.9636 0.2589
vn -0.0673 0.9683 0.2407
vn -0.0736 0.9269 0.3681
vn -0.0691 0.9602 0.2706
vn 0.0399 0.9596 0.2786
vn 0.0580 0.9273 0.3697
vn 0.0441 0.9914 0.1232
vn 0.0420 0.9924 0.1157
vn 0.0497 0.9920 0.1158
vn 0.0514 0.9910 0.1233
vn -0.0663 0.9920 0.1071
vn -0.0657 0.9929 0.0991
vn -0.0568 0.9935 0.0988
vn -0.0574 0.9926 0.1071
vn -0.0471 0.9937 0.1019
vn -0.0464 0.9947 0.0919
vn -0.0361 0.9951 0.0917
vn -0.0367 0.9941 0.1016
vn 0.0530 0.9929 0.1067
vn 0.0525 0.9932 0.1041
vn 0.0550 0.9931 0.1040
vn 0.0554 0.9927 0.1067
vn 0.0004 1.0000 0.0003
vn 0.0064 0.9957 0.0923
vn -0.0971 0.9909 0.0929
vn -0.0903 0.9959 -0.0027
vn -0.0259 0.9897 0.1410
vn -0.0252 0.9918 0.1251
vn -0.0104 0.9920 0.1256
vn -0.0108 0.9900 0.1408
vn -0.0085 0.9999 -0.0054
vn -0.0087 0.9999 0.0090
vn -0.0230 0.9997 0.0091
vn -0.0228 0.9997 -0.0052
vn -0.1003 0.9813 0.1642
vn -0.0887 0.9952 0.0424
vn 0.0207 0.9990 0.0397
vn 0.0184 0.9872 0.1584
vn 0.0335 0.9985 -0.0427
vn 0.0356 0.9988 0.0328
vn -0.0390 0.9988 0.0309
vn -0.0416 0.9982 -0.0441
vn 0.0041 0.9994 0.0346
vn 0.0053 0.9994 -0.0356
vn 0.0772 0.9964 -0.0360
vn 0.0753 0.9965 0.0357
vn 0.1046 0.9944 -0.0148
vn 0.1040 0.9946 0.0023
vn 0.0865 0.9962 0.0019
vn 0.0871 0.9961 -0.0150
vn -0.0392 0.9961 0.0795
vn -0.0406 0.9991 0.0118
vn 0.0302 0.9995 0.0117
vn 0.0290 0.9965 0.0787
vn 0.0483 0.9914 -0.1218
vn 0.0475 0.9959 -0.0770
vn 0.0054 0.9971 -0.0765
vn 0.0052 0.9925 -0.1222
vn 0.0489 0.9985 -0.0247
vn 0.0471 0.9983 0.0344
vn -0.0133 0.9992 0.0371
vn -0.0130 0.9997 -0.0229
vn -0.0468 0.9966 -0.0673
vn -0.0467 0.9969 -0.0638
vn -0.0501 0.9967 -0.0641
vn -0.0502 0.9965 -0.0675
vn 0.0057 1.0000 -0.0027
vn 0.0062 0.9990 -0.0443
vn 0.0472 0.9979 -0.0435
vn 0.0446 0.9990 -0.0035
vn 0.0358 0.9977 -0.0579
vn 0.0309 0.9995 0.0108
vn -0.0350 0.9993 0.0129
vn -0.0334 0.9977 -0.0591
vn -0.0390 0.9986 0.0362
vn -0.0393 0.9991 0.0155
vn -0.0187 0.9997 0.0152
vn -0.0186 0.9992 0.0354
vn -0.0085 0.9991 0.0415
vn -0.0085 0.9991 0.0408
vn -0.0079 0.9991 0.0408
vn -0.0079 0.9991 0.0415
vn -0.1052 0.9929 -0.0552
vn -0.1055 0.9943 0.0152
vn -0.1866 0.9823 0.0190
vn -0.1850 0.9810 -0.0585
vn -0.2463 0.9687 0.0304
vn -0.2468 0.9676 0.0530
vn -0.2733 0.9603 0.0558
vn -0.2724 0.9616 0.0333
vn -0.0028 0.9995 0.0320
vn -0.0029 0.9998 0.0214
vn 0.0058 0.9998 0.0213
vn 0.0062 0.9995 0.0313
vn -0.0001 0.9987 -0.0509
vn 0.0005 0.9994 -0.0341
vn -0.0140 0.9992 -0.0361
vn -0.0145 0.9985 -0.0528
vn -0.2710 0.9595 -0.0772
vn -0.2702 0.9588 -0.0872
vn -0.2599 0.9617 -0.0866
vn -0.2604 0.9624 -0.0776
vn -0.2716 0.9519 -0.1420
vn -0.2737 0.9565 -0.1012
vn -0.3099 0.9450 -0.1045
vn -0.3082 0.9403 -0.1445
vn -0.0362 0.9987 -0.0356
vn -0.0356 0.9994 0.0028
vn -0.0703 0.9975 0.0036
vn -0.0701 0.9968 -0.0381
vn -0.0831 0.9952 0.0521
vn -0.0831 0.9959 0.0369
vn -0.0701 0.9969 0.0351
vn -0.0699 0.9963 0.0491
vn -0.3472 0.9355 0.0655
vn -0.3458 0.9319 0.1091
vn -0.3887 0.9137 0.1184
vn -0.3905 0.9179 0.0708
vn -0.3982 0.9115 0.1034
vn -0.3990 0.9142 0.0710
vn -0.3670 0.9274 0.0724
vn -0.3666 0.9245 0.1047
vn -0.0492 0.9977 0.0466
vn -0.0501 0.9987 0.0095
vn -0.0211 0.9997 0.0102
vn -0.0194 0.9987 0.0472
vn -0.0353 0.9958 -0.0847
vn -0.0334 0.9990 -0.0297
vn -0.1010 0.9942 -0.0373
vn -0.0991 0.9896 -0.1046
vn -0.2836 0.9579 -0.0449
vn -0.2783 0.9483 -0.1523
vn -0.1715 0.9782 -0.1169
vn -0.1738 0.9846 -0.0208
vn -0.1709 0.9846 -0.0373
vn -0.1708 0.9829 0.0684
vn -0.2759 0.9571 0.0882
vn -0.2784 0.9599 -0.0337
vn -0.1165 0.9904 0.0743
vn -0.1145 0.9933 0.0147
vn -0.0536 0.9985 0.0105
vn -0.0537 0.9967 0.0616
vn -0.0300 0.9849 -0.1704
vn -0.0299 0.9847 -0.1719
vn -0.0285 0.9847 -0.1719
vn -0.0286 0.9850 -0.1704
vn -0.3044 0.9504 -0.0641
vn -0.3040 0.9426 -0.1378
vn -0.2332 0.9622 -0.1407
vn -0.2327 0.9698 -0.0724
vn -0.2158 0.9607 -0.1745
vn -0.2148 0.9654 -0.1479
vn -0.2425 0.9592 -0.1456
vn -0.2454 0.9539 -0.1726
vn -0.0487 0.9898 -0.1338
vn -0.0518 0.9932 -0.1039
vn -0.0842 0.9912 -0.1024
vn -0.0814 0.9879 -0.1318
vn -0.1025 0.9523 -0.2876
vn -0.1061 0.9638 -0.2447
vn -0.1449 0.9587 -0.2447
vn -0.1433 0.9473 -0.2867
vn -0.2905 0.8975 -0.3318
vn -0.2895 0.9051 -0.3113
vn -0.3129 0.8981 -0.3091
vn -0.3118 0.8911 -0.3297
vn -0.3359 0.8698 -0.3614
vn -0.3399 0.8806 -0.3303
vn -0.3727 0.8684 -0.3272
vn -0.3683 0.8585 -0.3570
vn -0.2333 0.9402 -0.2482
vn -0.2442 0.9676 -0.0645
vn -0.4122 0.9100 -0.0441
vn -0.3784 0.8945 -0.2383
vn -0.4455 0.8493 -0.2831
vn -0.4503 0.8528 -0.2644
vn -0.4684 0.8433 -0.2636
vn -0.4651 0.8390 -0.2825
vn -0.4030 0.8399 -0.3637
vn -0.4105 0.8548 -0.3176
vn -0.4521 0.8338 -0.3167
vn -0.4444 0.8194 -0.3622
vn -0.4695 0.8725 -0.1353
vn -0.4641 0.8640 -0.1954
vn -0.4157 0.8859 -0.2057
vn -0.4229 0.8944 -0.1457
vn -0.4482 0.8541 -0.2639
vn -0.4343 0.8331 -0.3425
vn -0.3679 0.8597 -0.3544
vn -0.3869 0.8799 -0.2758
vn -0.3726 0.9271 -0.0402
vn -0.3619 0.9273 -0.0958
vn -0.2921 0.9512 -0.1000
vn -0.3063 0.9509 -0.0444
vn -0.4222 0.9055 -0.0433
vn -0.4218 0.9065 -0.0201
vn -0.4423 0.8967 -0.0187
vn -0.4467 0.8937 -0.0415
vn -0.4281 0.9037 -0.0020
vn -0.4423 0.8951 -0.0567
vn -0.4028 0.9135 -0.0565
vn -0.3913 0.9203 -0.0041
vn -0.2691 0.9603 -0.0736
vn -0.2715 0.9603 -0.0643
vn -0.2796 0.9580 -0.0642
vn -0.2777 0.9578 -0.0739
vn -0.2693 0.9153 -0.2995
vn -0.2874 0.9301 -0.2289
vn -0.3487 0.9094 -0.2266
vn -0.3273 0.8979 -0.2943
vn -0.3990 0.8807 -0.2554
vn -0.4018 0.8679 -0.2921
vn -0.3662 0.8821 -0.2962
vn -0.3654 0.8946 -0.2571
vn -0.3813 0.5365 -0.7528
vn -0.4332 0.6314 -0.6431
vn -0.6460 0.5322 -0.5473
vn -0.5667 0.4684 -0.6778
vn -0.3704 0.7749 -0.5122
vn -0.4622 0.8333 -0.3033
vn -0.6519 0.7173 -0.2459
vn -0.5744 0.6866 -0.4457
vn -0.7389 0.6403 -0.2101
vn -0.7556 0.6414 -0.1333
vn -0.7848 0.6085 -0.1176
vn -0.7720 0.6070 -0.1886
vn -0.8232 0.5164 -0.2360
vn -0.8321 0.5212 -0.1895
vn -0.8469 0.5020 -0.1755
vn -0.8395 0.4968 -0.2201
vn -0.8481 0.5101 0.1430
vn -0.8521 0.5117 0.1101
vn -0.8423 0.5267 0.1146
vn -0.8386 0.5244 0.1472
vn -0.7940 0.6037 0.0712
vn -0.7918 0.6104 -0.0217
vn -0.7546 0.6556 -0.0276
vn -0.7564 0.6494 0.0784
vn -0.7190 0.6909 0.0760
vn -0.7195 0.6939 0.0292
vn -0.6930 0.7201 0.0356
vn -0.6919 0.7173 0.0820
vn -0.7764 0.5508 0.3063
vn -0.8017 0.5750 0.1633
vn -0.7158 0.6709 0.1937
vn -0.6947 0.6303 0.3466
vn -0.6864 0.7266 0.0307
vn -0.6835 0.7191 0.1252
vn -0.7188 0.6866 0.1096
vn -0.7294 0.6836 0.0264
vn -0.6610 0.7353 0.1497
vn -0.6632 0.7405 0.1088
vn -0.6281 0.7692 0.1181
vn -0.6278 0.7609 0.1638
vn -0.5781 0.8066 0.1231
vn -0.5779 0.8137 0.0624
vn -0.5356 0.8420 0.0645
vn -0.5302 0.8395 0.1190
vn -0.6323 0.6840 0.3638
vn -0.6726 0.6975 0.2472
vn -0.6072 0.7546 0.2489
vn -0.5651 0.7311 0.3823
vn 0.4651 0.7485 0.4727
vn 0.4657 0.7153 0.5210
vn 0.4240 0.7316 0.5339
vn 0.4226 0.7651 0.4857
vn 0.0541 0.7916 0.6087
vn 0.0583 0.7996 0.5976
vn 0.0743 0.7988 0.5971
vn 0.0712 0.7907 0.6080
vn 0.1064 0.7248 0.6807
vn 0.1218 0.7779 0.6165
vn 0.2046 0.7744 0.5987
vn 0.1919 0.7264 0.6599
vn 0.3573 0.7956 0.4893
vn 0.3569 0.7317 0.5808
vn 0.2399 0.7468 0.6202
vn 0.2503 0.8201 0.5147
vn 0.2059 0.9544 0.2164
vn 0.2055 0.9522 0.2258
vn 0.1944 0.9546 0.2255
vn 0.1949 0.9569 0.2152
vn 0.3063 0.9307 0.2000
vn 0.3088 0.9410 0.1383
vn 0.3627 0.9215 0.1389
vn 0.3582 0.9122 0.1989
vn 0.3908 0.8921 0.2269
vn 0.3941 0.8973 0.1990
vn 0.4170 0.8874 0.1967
vn 0.4132 0.8825 0.2246
vn 0.2438 0.8761 0.4161
vn 0.2549 0.9160 0.3097
vn 0.3664 0.8829 0.2935
vn 0.3523 0.8517 0.3878
vn 0.3996 0.9004 0.1722
vn 0.3935 0.8894 0.2329
vn 0.3416 0.9110 0.2310
vn 0.3477 0.9227 0.1664
vn 0.4120 0.8707 0.2687
vn 0.4098 0.8677 0.2815
vn 0.3990 0.8725 0.2822
vn 0.4012 0.8756 0.2691
vn 0.2661 0.7533 0.6014
vn 0.2441 0.7086 0.6620
vn 0.1429 0.7178 0.6815
vn 0.1609 0.7670 0.6212
vn 0.2482 0.7958 0.5524
vn 0.2452 0.7860 0.5675
vn 0.2261 0.7890 0.5713
vn 0.2275 0.7988 0.5569
vn 0.1982 0.8527 0.4834
vn 0.1990 0.8310 0.5195
vn 0.1579 0.8372 0.5236
vn 0.1534 0.8596 0.4874
vn 0.0948 0.8220 0.5615
vn 0.0890 0.8002 0.5931
vn 0.0420 0.8031 0.5944
vn 0.0451 0.8249 0.5634
vn -0.0093 0.9506 0.3104
vn -0.0150 0.9205 0.3905
vn -0.1081 0.9144 0.3901
vn -0.0987 0.9459 0.3091
vn 0.0686 0.9706 0.2306
vn 0.0731 0.9635 0.2576
vn 0.0420 0.9653 0.2578
vn 0.0388 0.9723 0.2306
vn -0.0420 0.9991 0.0065
vn -0.0392 0.9953 0.0883
vn -0.1628 0.9838 0.0754
vn -0.1521 0.9882 -0.0160
vn -0.1130 0.9851 0.1296
vn -0.1122 0.9859 0.1238
vn -0.1056 0.9866 0.1241
vn -0.1063 0.9858 0.1299
vn -0.1012 0.9893 0.1052
vn -0.1014 0.9891 0.1070
vn -0.1034 0.9889 0.1069
vn -0.1032 0.9891 0.1051
vn -0.1566 0.9004 0.4060
vn -0.1501 0.9711 0.1857
vn -0.0020 0.9855 0.1698
vn 0.0185 0.9444 0.3283
vn 0.0015 0.9992 0.0392
vn 0.0103 0.9952 0.0976
vn -0.0522 0.9941 0.0950
vn -0.0555 0.9980 0.0291
vn -0.0509 0.9953 0.0829
vn -0.0459 0.9989 -0.0034
vn 0.0389 0.9992 -0.0008
vn 0.0438 0.9957 0.0817
vn 0.0724 0.9873 0.1416
vn 0.0765 0.9784 0.1919
vn 0.0307 0.9802 0.1956
vn 0.0291 0.9890 0.1449
vn -0.0833 0.9850 0.1512
vn -0.0833 0.9872 0.1359
vn -0.0694 0.9885 0.1347
vn -0.0692 0.9864 0.1491
vn -0.0577 0.9933 -0.1003
vn -0.0576 0.9917 -0.1147
vn -0.0438 0.9926 -0.1132
vn -0.0441 0.9941 -0.0989
vn -0.0034 0.9942 -0.1072
vn -0.0033 0.9959 -0.0899
vn -0.0214 0.9957 -0.0907
vn -0.0215 0.9938 -0.1089
vn -0.0420 0.9958 0.0809
vn -0.0416 0.9940 0.1013
vn -0.0632 0.9928 0.1021
vn -0.0639 0.9945 0.0829
vn -0.0964 0.9898 -0.1045
vn -0.0972 0.9951 0.0193
vn -0.2318 0.9724 0.0270
vn -0.2376 0.9648 -0.1130
vn -0.2663 0.9639 0.0100
vn -0.2706 0.9599 -0.0729
vn -0.1832 0.9805 -0.0716
vn -0.1821 0.9833 0.0060
vn -0.0720 0.9907 -0.1158
vn -0.0725 0.9880 -0.1361
vn -0.0530 0.9893 -0.1357
vn -0.0528 0.9920 -0.1148
vn -0.0371 0.9988 0.0316
vn -0.0372 0.9991 0.0226
vn -0.0274 0.9994 0.0222
vn -0.0274 0.9991 0.0311
vn -0.1290 0.9885 0.0792
vn -0.1296 0.9901 0.0538
vn -0.1023 0.9934 0.0522
vn -0.1010 0.9919 0.0775
vn -0.0855 0.9921 -0.0915
vn -0.0865 0.9896 -0.1149
vn -0.0636 0.9914 -0.1140
vn -0.0631 0.9939 -0.0909
vn -0.0284 0.9927 -0.1175
vn -0.0285 0.9941 -0.1043
vn -0.0409 0.9936 -0.1048
vn -0.0409 0.9922 -0.1181
vn -0.0467 0.9955 -0.0826
vn -0.0467 0.9954 -0.0836
vn -0.0457 0.9955 -0.0836
vn -0.0457 0.9955 -0.0825
vn -0.0598 0.9928 -0.1042
vn -0.0596 0.9942 -0.0895
vn -0.0746 0.9932 -0.0895
vn -0.0747 0.9918 -0.1042
vn -0.0585 0.9904 -0.1254
vn -0.0581 0.9835 -0.1714
vn -0.0128 0.9851 -0.1712
vn -0.0134 0.9919 -0.1266
vn -0.0904 0.9851 -0.1463
vn -0.0910 0.9947 -0.0477
vn -0.1896 0.9811 -0.0392
vn -0.1887 0.9715 -0.1434
vn -0.2395 0.9686 -0.0671
vn -0.2394 0.9682 -0.0722
vn -0.2340 0.9695 -0.0726
vn -0.2342 0.9699 -0.0675
vn -0.0315 0.9794 -0.1996
vn -0.0325 0.9925 -0.1176
vn -0.1169 0.9866 -0.1141
vn -0.1169 0.9731 -0.1985
vn -0.1595 0.9703 -0.1818
vn -0.1595 0.9698 -0.1847
vn -0.1566 0.9702 -0.1847
vn -0.1566 0.9708 -0.1819
vn -0.2332 0.9560 -0.1780
vn -0.2339 0.9579 -0.1663
vn -0.2449 0.9551 -0.1667
vn -0.2440 0.9533 -0.1778
vn -0.2665 0.9637 0.0163
vn -0.2668 0.9633 0.0306
vn -0.2797 0.9596 0.0314
vn -0.2796 0.9600 0.0168
vn -0.1665 0.9857 -0.0271
vn -0.1664 0.9860 -0.0050
vn -0.1880 0.9822 -0.0046
vn -0.1879 0.9818 -0.0270
vn -0.2255 0.9679 -0.1107
vn -0.2270 0.9725 -0.0516
vn -0.2819 0.9581 -0.0509
vn -0.2801 0.9538 -0.1088
vn -0.3188 0.9477 0.0148
vn -0.3175 0.9443 0.0868
vn -0.3793 0.9213 0.0852
vn -0.3811 0.9244 0.0144
vn -0.4112 0.9115 -0.0115
vn -0.4112 0.9115 -0.0112
vn -0.4115 0.9114 -0.0112
vn -0.4115 0.9113 -0.0115
vn -0.3385 0.9359 -0.0976
vn -0.3397 0.9398 -0.0359
vn -0.3959 0.9175 -0.0387
vn -0.3957 0.9133 -0.0969
vn -0.4150 0.9026 0.1141
vn -0.4148 0.9024 0.1168
vn -0.4169 0.9014 0.1168
vn -0.4170 0.9017 0.1142
vn -0.3697 0.9270 0.0629
vn -0.3704 0.9277 -0.0457
vn -0.2895 0.9562 -0.0442
vn -0.2884 0.9555 0.0617
vn -0.2414 0.9704 -0.0034
vn -0.2411 0.9702 -0.0246
vn -0.2223 0.9746 -0.0269
vn -0.2238 0.9746 -0.0048
vn -0.4125 0.9098 0.0451
vn -0.4130 0.9104 0.0256
vn -0.3964 0.9178 0.0247
vn -0.3956 0.9173 0.0445
vn -0.3701 0.9129 -0.1724
vn -0.3679 0.9046 -0.2154
vn -0.3301 0.9190 -0.2153
vn -0.3326 0.9274 -0.1711
vn -0.1991 0.9539 -0.2245
vn -0.2022 0.9584 -0.2013
vn -0.2236 0.9538 -0.2006
vn -0.2204 0.9492 -0.2246
vn -0.2055 0.9282 -0.3102
vn -0.2020 0.9200 -0.3358
vn -0.1753 0.9249 -0.3372
vn -0.1776 0.9334 -0.3118
vn -0.2882 0.9312 -0.2233
vn -0.2848 0.9202 -0.2686
vn -0.2401 0.9319 -0.2718
vn -0.2433 0.9433 -0.2257
vn -0.2001 0.9258 -0.3208
vn -0.1981 0.9176 -0.3445
vn -0.1714 0.9219 -0.3474
vn -0.1732 0.9302 -0.3237
vn -0.1497 0.9169 -0.3700
vn -0.1484 0.9098 -0.3877
vn -0.1286 0.9122 -0.3890
vn -0.1297 0.9193 -0.3716
vn -0.1336 0.8939 -0.4280
vn -0.1361 0.9082 -0.3959
vn -0.1685 0.9020 -0.3975
vn -0.1654 0.8885 -0.4281
vn -0.1540 0.8764 -0.4564
vn -0.1548 0.8809 -0.4473
vn -0.1658 0.8789 -0.4472
vn -0.1653 0.8741 -0.4567
vn -0.1791 0.9611 -0.2101
vn -0.1791 0.9622 -0.2049
vn -0.1850 0.9612 -0.2047
vn -0.1850 0.9601 -0.2099
vn -0.2089 0.9592 -0.1906
vn -0.2102 0.9629 -0.1694
vn -0.2298 0.9589 -0.1666
vn -0.2280 0.9551 -0.1889
vn -0.2296 0.9733 -0.0013
vn -0.2271 0.9727 -0.0475
vn -0.1830 0.9819 -0.0493
vn -0.1861 0.9825 -0.0021
vn -0.1717 0.9837 0.0527
vn -0.1724 0.9845 0.0316
vn -0.1505 0.9881 0.0309
vn -0.1501 0.9873 0.0510
vn -0.1754 0.9839 -0.0340
vn -0.1745 0.9840 0.0369
vn -0.2474 0.9683 0.0333
vn -0.2489 0.9677 -0.0410
vn -0.1503 0.9871 0.0550
vn -0.1475 0.9889 0.0185
vn -0.1097 0.9938 0.0163
vn -0.1140 0.9920 0.0548
vn -0.0576 0.9678 -0.2452
vn -0.0586 0.9698 -0.2366
vn -0.0678 0.9691 -0.2370
vn -0.0676 0.9671 -0.2451
vn -0.1944 0.9808 0.0134
vn -0.1884 0.9699 -0.1543
vn -0.0064 0.9858 -0.1680
vn -0.0235 0.9997 -0.0118
vn 0.0858 0.3624 -0.9281
vn 0.0922 0.4265 -0.8998
vn -0.0396 0.4263 -0.9037
vn -0.0645 0.3550 -0.9326
vn -0.1169 0.4775 -0.8708
vn -0.1175 0.5241 -0.8435
vn -0.2174 0.5108 -0.8318
vn -0.2196 0.4677 -0.8562
vn -0.3427 0.5394 -0.7692
vn -0.3616 0.6727 -0.6455
vn -0.5933 0.5898 -0.5478
vn -0.5098 0.4895 -0.7075
vn -0.0654 0.5296 -0.8457
vn -0.0632 0.5349 -0.8425
vn -0.0769 0.5341 -0.8419
vn -0.0779 0.5292 -0.8449
vn -0.1999 0.7245 -0.6597
vn -0.2083 0.8942 -0.3963
vn -0.5278 0.7762 -0.3448
vn -0.3600 0.7694 -0.5277
vn -0.8145 0.5793 -0.0326
vn -0.8112 0.5749 0.1067
vn -0.8494 0.5187 0.0971
vn -0.8519 0.5229 -0.0285
vn -0.8309 0.4654 0.3051
vn -0.8280 0.4635 0.3155
vn -0.8314 0.4590 0.3132
vn -0.8341 0.4605 0.3038
vn -0.5091 0.8164 0.2726
vn -0.6223 0.7046 0.3411
vn -0.5900 0.7302 0.3445
vn -0.5641 0.7347 0.3768
vn -0.4179 0.6662 0.6177
vn -0.4453 0.6961 0.5632
vn -0.3705 0.7156 0.5922
vn -0.3535 0.6834 0.6388
vn -0.8493 0.4886 0.1997
vn -0.8634 0.4993 0.0720
vn -0.8317 0.5494 0.0809
vn -0.8171 0.5284 0.2304
vn -0.6650 0.4911 0.5628
vn -0.7128 0.5491 0.4363
vn -0.5798 0.6394 0.5049
vn -0.5355 0.5556 0.6361
vn -0.2112 0.5232 0.8256
vn -0.2233 0.5641 0.7950
vn -0.1402 0.5755 0.8057
vn -0.1355 0.5371 0.8326
vn -0.2571 0.9265 -0.2746
vn -0.2362 0.8745 -0.4235
vn -0.0956 0.9014 -0.4223
vn -0.0978 0.9513 -0.2922
vn -0.2466 0.9203 -0.3037
vn 0.0549 0.9078 0.4157
vn -0.6268 0.7709 0.1137
vn -0.6323 0.7017 -0.3284
vn -0.7228 0.5349 0.4376
vn -0.6425 0.4769 0.5999
vn -0.7231 0.3946 0.5669
vn -0.7955 0.4358 0.4210
vn -0.2608 0.7104 -0.6536
vn -0.3133 0.9448 -0.0958
vn -0.7669 0.6415 0.0193
vn -0.6561 0.5298 -0.5374
vn -0.8374 0.5134 -0.1877
vn -0.7995 0.4885 -0.3497
vn -0.7221 0.5749 -0.3847
vn -0.7651 0.6055 -0.2189
vn -0.8507 0.3937 -0.3483
vn -0.8725 0.4041 -0.2748
vn -0.8924 0.3679 -0.2614
vn -0.8730 0.3573 -0.3320
vn -0.8926 0.4456 0.0689
vn -0.8711 0.4310 -0.2356
vn -0.7559 0.5810 -0.3016
vn -0.8049 0.5928 0.0264
vn -0.7896 0.5740 -0.2170
vn -0.7990 0.5982 0.0616
vn -0.8749 0.4740 0.0990
vn -0.8912 0.4304 -0.1431
vn -0.8576 0.4832 0.1761
vn -0.8965 0.4385 -0.0630
vn -0.8123 0.5819 -0.0397
vn -0.7605 0.6104 0.2216
vn -0.7253 0.6671 -0.1700
vn -0.7269 0.6675 -0.1616
vn -0.7297 0.6643 -0.1618
vn -0.7282 0.6638 -0.1703
vn -0.7590 0.6459 -0.0821
vn -0.7640 0.6450 0.0136
vn -0.7979 0.6027 0.0101
vn -0.7952 0.5985 -0.0966
vn -0.4938 0.7084 0.5042
vn -0.6038 0.7769 0.1786
vn -0.2434 0.9114 0.3319
vn -0.2132 0.7721 0.5987
vn 0.0232 0.7795 0.6260
vn 0.0438 0.8784 0.4759
vn 0.2724 0.8470 0.4565
vn 0.2384 0.7485 0.6188
vn -0.7615 0.6038 0.2355
vn -0.7825 0.6104 0.1231
vn -0.7109 0.6938 0.1149
vn -0.6810 0.6873 0.2528
vn -0.4176 0.9041 0.0902
vn -0.4359 0.7816 -0.4461
vn 0.1226 0.9153 -0.3837
vn 0.1628 0.9796 0.1180
vn 0.3704 0.9110 0.1811
vn 0.3631 0.8927 0.2668
vn 0.2786 0.9170 0.2855
vn 0.2874 0.9347 0.2091
vn 0.2514 0.9374 0.2410
vn 0.2520 0.9386 0.2356
vn 0.2570 0.9373 0.2355
vn 0.2564 0.9360 0.2411
vn 0.2469 0.9034 0.3506
vn 0.1968 0.7789 0.5955
vn -0.1043 0.7695 0.6301
vn -0.0319 0.9282 0.3707
vn -0.0230 0.8685 0.4951
vn 0.0110 0.9735 0.2284
vn 0.2730 0.9320 0.2382
vn 0.3152 0.8256 0.4681
vn 0.1605 0.9048 0.3945
vn 0.1231 0.8115 0.5712
vn -0.0791 0.8113 0.5793
vn -0.0252 0.9183 0.3951
vn -0.0674 0.9202 0.3857
vn -0.0450 0.9517 0.3036
vn 0.0560 0.9502 0.3066
vn 0.0430 0.9207 0.3878
vn 0.3600 0.8838 0.2988
vn 0.3794 0.8451 0.3766
vn 0.2913 0.8723 0.3927
vn 0.2797 0.9100 0.3059
vn 0.1446 0.9751 0.1679
vn 0.1506 0.9266 0.3446
vn -0.0216 0.9379 0.3463
vn -0.0075 0.9851 0.1717
vn 0.1155 0.9908 0.0704
vn 0.1146 0.9896 0.0865
vn 0.0977 0.9914 0.0871
vn 0.0983 0.9926 0.0707
vn 0.2017 0.9736 -0.1071
vn 0.1920 0.9239 -0.3308
vn 0.3727 0.8782 -0.2999
vn 0.3947 0.9147 -0.0868
vn 0.1104 0.8546 -0.5074
vn 0.1184 0.7792 -0.6155
vn 0.2644 0.7534 -0.6020
vn 0.2841 0.8272 -0.4848
vn 0.2165 0.6284 -0.7471
vn 0.2407 0.6937 -0.6789
vn 0.0986 0.7136 -0.6936
vn 0.0878 0.6471 -0.7573
vn 0.4237 0.6649 -0.6152
vn 0.3771 0.5967 -0.7084
vn 0.5177 0.5449 -0.6596
vn 0.5683 0.6047 -0.5580
vn 0.4426 0.5399 -0.7160
vn 0.5275 0.6575 -0.5379
vn 0.2154 0.7425 -0.6343
vn 0.1678 0.5984 -0.7834
vn 0.0675 0.8164 -0.5735
vn 0.0658 0.7877 -0.6125
vn 0.1334 0.7829 -0.6077
vn 0.1341 0.8136 -0.5658
vn -0.0519 0.8252 -0.5624
vn -0.0927 0.9744 -0.2047
vn -0.4853 0.8540 -0.1876
vn -0.4251 0.7537 -0.5012
vn -0.0165 0.6347 -0.7726
vn -0.0113 0.6961 -0.7178
vn -0.1207 0.6949 -0.7089
vn -0.1182 0.6347 -0.7637
vn -0.2463 0.7256 -0.6426
vn -0.2630 0.7978 -0.5425
vn -0.4155 0.7497 -0.5150
vn -0.3790 0.6872 -0.6197
vn -0.6930 0.6809 -0.2369
vn -0.7073 0.7046 0.0573
vn -0.8338 0.5455 0.0853
vn -0.8295 0.5314 -0.1719
vn -0.8305 0.5465 -0.1080
vn -0.7679 0.4972 -0.4039
vn -0.6561 0.6434 -0.3943
vn -0.7146 0.6925 -0.0987
vn -0.4961 0.8089 0.3156
vn -0.5118 0.8463 0.1477
vn -0.3690 0.9167 0.1533
vn -0.3577 0.8755 0.3249
vn -0.2510 0.8499 0.4634
vn -0.2555 0.8669 0.4280
vn -0.2145 0.8754 0.4332
vn -0.2091 0.8571 0.4709
vn -0.6053 0.7420 0.2881
vn -0.6196 0.7659 0.1716
vn -0.5383 0.8270 0.1622
vn -0.5226 0.7975 0.3014
vn -0.3804 0.7511 0.5396
vn -0.3981 0.7874 0.4707
vn -0.3020 0.8225 0.4820
vn -0.2845 0.7775 0.5608
vn -0.1363 0.7474 0.6502
vn -0.1398 0.7631 0.6310
vn -0.1084 0.7654 0.6344
vn -0.1067 0.7503 0.6524
vn -0.0630 0.6843 0.7265
vn -0.0628 0.7142 0.6971
vn 0.0136 0.7252 0.6884
vn 0.0056 0.6877 0.7260
vn -0.1597 0.7228 0.6723
vn -0.1693 0.7547 0.6338
vn -0.1156 0.7580 0.6419
vn -0.1087 0.7330 0.6715
vn -0.1001 0.9425 0.3190
vn -0.1098 0.9799 0.1666
vn 0.0663 0.9876 0.1425
vn 0.0502 0.9399 0.3376
vn 0.1093 0.9362 0.3341
vn 0.1000 0.9143 0.3925
vn 0.0272 0.9235 0.3827
vn 0.0307 0.9428 0.3320
vn -0.0006 0.7669 -0.6417
vn -0.0033 0.7966 -0.6045
vn -0.0639 0.7961 -0.6017
vn -0.0574 0.7661 -0.6402
vn 0.1180 0.8601 -0.4963
vn 0.1135 0.9446 -0.3078
vn -0.1143 0.9371 -0.3299
vn -0.1143 0.8599 -0.4976
vn -0.1440 0.9715 -0.1882
vn -0.1499 0.9419 -0.3005
vn -0.0110 0.9490 -0.3151
vn -0.0024 0.9822 -0.1877
vn -0.1609 0.9802 -0.1156
vn -0.1602 0.9789 -0.1264
vn -0.1499 0.9806 -0.1261
vn -0.1498 0.9819 -0.1156
vn 0.0273 0.7106 0.7031
vn 0.0142 0.8039 0.5946
vn 0.1920 0.7858 0.5879
vn 0.1912 0.6928 0.6953
vn 0.1289 0.8492 0.5121
vn 0.1300 0.8670 0.4810
vn 0.1690 0.8588 0.4836
vn 0.1665 0.8431 0.5114
vn 0.2412 0.7510 0.6146
vn 0.2611 0.8190 0.5110
vn 0.4035 0.7658 0.5008
vn 0.3757 0.7055 0.6010
vn 0.2628 0.7252 0.6364
vn 0.2612 0.7146 0.6489
vn 0.2413 0.7195 0.6512
vn 0.2438 0.7287 0.6400
vn 0.4081 0.9128 -0.0143
vn 0.3975 0.8719 -0.2860
vn 0.6114 0.7412 -0.2773
vn 0.6164 0.7873 0.0115
vn 0.4399 0.8125 -0.3826
vn 0.4552 0.8350 -0.3093
vn 0.3903 0.8691 -0.3040
vn 0.3766 0.8452 -0.3791
vn 0.4012 0.9156 -0.0288
vn 0.3991 0.9142 -0.0707
vn 0.4369 0.8975 -0.0598
vn 0.4386 0.8985 -0.0187
vn 0.5133 0.6750 -0.5300
vn 0.5883 0.7972 -0.1359
vn 0.3343 0.9256 -0.1773
vn 0.2558 0.8211 -0.5102
vn 0.3414 0.8336 0.4342
vn 0.3438 0.8884 0.3040
vn 0.4403 0.8457 0.3016
vn 0.4211 0.7970 0.4330
vn 0.6689 0.7247 -0.1653
vn 0.4910 0.5414 -0.6825
vn 0.7177 0.2039 -0.6659
vn 0.9387 0.2772 -0.2048
vn 0.9473 0.3147 -0.0597
vn 0.8115 0.2869 0.5090
vn 0.6721 0.5542 0.4910
vn 0.7816 0.6218 0.0503
vn 0.5498 0.7541 0.3593
vn 0.5880 0.8032 0.0956
vn 0.7669 0.6415 -0.0181
vn 0.7286 0.6143 0.3030
vn 0.8165 0.5697 -0.0932
vn 0.8166 0.5752 0.0480
vn 0.7314 0.6810 0.0368
vn 0.7343 0.6698 -0.1107
vn 0.7118 0.6981 0.0777
vn 0.7145 0.6995 0.0143
vn 0.7444 0.6677 -0.0099
vn 0.7453 0.6631 0.0698
vn 0.6539 0.6776 0.3365
vn 0.5699 0.5547 0.6062
vn 0.3204 0.7036 0.6342
vn 0.3840 0.8585 0.3400
vn 0.5558 0.7666 -0.3216
vn 0.5657 0.8246 0.0043
vn 0.2885 0.9574 -0.0161
vn 0.2851 0.8964 -0.3395
vn 0.1088 0.9858 0.1276
vn 0.1051 0.9754 0.1937
vn 0.0373 0.9801 0.1949
vn 0.0416 0.9910 0.1269
vn 0.1795 0.9475 0.2645
vn 0.1711 0.9218 0.3477
vn 0.0903 0.9338 0.3461
vn 0.0990 0.9587 0.2666
vn 0.1132 0.9703 -0.2139
vn 0.1136 0.9657 -0.2336
vn 0.1297 0.9635 -0.2342
vn 0.1307 0.9675 -0.2164
vn 0.0647 0.9966 -0.0513
vn 0.0706 0.9866 -0.1472
vn 0.1777 0.9702 -0.1649
vn 0.1719 0.9833 -0.0598
vn 0.2421 0.9319 -0.2703
vn 0.2421 0.9311 -0.2729
vn 0.2449 0.9304 -0.2725
vn 0.2449 0.9312 -0.2701
vn 0.1251 0.9527 -0.2770
vn 0.1273 0.9579 -0.2575
vn 0.1124 0.9594 -0.2587
vn 0.1094 0.9542 -0.2784
vn 0.0488 0.9685 -0.2441
vn 0.0628 0.9951 -0.0760
vn -0.0857 0.9937 -0.0717
vn -0.0740 0.9668 -0.2445
vn 0.3202 0.9419 -0.1019
vn 0.3186 0.9193 -0.2310
vn 0.4821 0.8530 -0.2001
vn 0.4991 0.8650 -0.0520
vn 0.2673 0.9482 -0.1717
vn 0.2290 0.8713 0.4340
vn -0.3187 0.8709 0.3742
vn -0.2434 0.9674 -0.0702
vn -0.1387 0.8130 0.5655
vn -0.1417 0.8963 0.4201
vn 0.0167 0.9069 0.4210
vn 0.0383 0.8043 0.5931
vn -0.0774 0.9965 -0.0325
vn -0.0534 0.9892 0.1363
vn -0.2385 0.9613 0.1380
vn -0.2437 0.9698 -0.0104
vn -0.3803 0.9158 0.1295
vn -0.3569 0.9341 0.0006
vn -0.2348 0.9719 -0.0176
vn -0.2476 0.9603 0.1284
vn -0.0420 0.9688 0.2444
vn -0.0247 0.9986 -0.0463
vn 0.2982 0.9531 -0.0517
vn 0.2473 0.9311 0.2681
vn -0.1935 0.9277 -0.3193
vn -0.1895 0.8553 -0.4822
vn -0.0635 0.8777 -0.4750
vn -0.0305 0.9453 -0.3248
vn 0.3257 0.9319 -0.1596
vn 0.1077 0.6789 -0.7263
vn 0.6239 0.4846 -0.6131
vn 0.7968 0.6009 0.0628
vn 0.3601 0.9289 -0.0864
vn 0.3476 0.9342 0.0804
vn 0.2186 0.9750 0.0392
vn 0.2145 0.9724 -0.0914
vn -0.0468 0.9036 -0.4258
vn -0.0237 0.9944 -0.1031
vn -0.3259 0.9418 -0.0824
vn -0.3337 0.8540 -0.3991
vn 0.2185 0.9599 0.1757
vn 0.1845 0.8920 0.4126
vn -0.0634 0.8997 0.4319
vn -0.0388 0.9797 0.1968
vn -0.1858 0.8537 0.4865
vn -0.1858 0.8544 0.4853
vn -0.1843 0.8546 0.4854
vn -0.1843 0.8540 0.4865
vn -0.3996 0.8302 0.3887
vn -0.3825 0.8094 0.4456
vn -0.4461 0.7818 0.4357
vn -0.4607 0.8034 0.3773
vn -0.3062 0.7439 0.5940
vn -0.3611 0.8547 0.3729
vn -0.0952 0.8909 0.4441
vn -0.0619 0.7758 0.6280
vn -0.1482 0.9477 0.2826
vn -0.1478 0.9694 0.1958
vn -0.0403 0.9747 0.2197
vn -0.0458 0.9499 0.3091
vn 0.0562 0.7535 0.6551
vn 0.0697 0.8288 0.5551
vn 0.2198 0.8266 0.5181
vn 0.2047 0.7620 0.6144
vn -0.0168 0.8005 0.5991
vn -0.0047 0.7378 0.6750
vn -0.1305 0.7149 0.6870
vn -0.1488 0.7880 0.5974
vn -0.2886 0.9523 0.0990
vn -0.2885 0.9512 0.1093
vn -0.2991 0.9480 0.1083
vn -0.2989 0.9492 0.0986
vn 0.3135 0.9374 0.1514
vn 0.3136 0.9398 0.1359
vn 0.3261 0.9353 0.1374
vn 0.3258 0.9331 0.1522
vn 0.2400 0.9295 0.2799
vn 0.2244 0.8525 0.4722
vn 0.0262 0.8670 0.4976
vn 0.0292 0.9572 0.2880
vn -0.2504 0.9130 0.3222
vn -0.2522 0.9453 0.2068
vn -0.1380 0.9665 0.2163
vn -0.1343 0.9331 0.3335
vn -0.0848 0.9236 0.3739
vn -0.0835 0.9153 0.3941
vn -0.1062 0.9132 0.3934
vn -0.1080 0.9212 0.3738
vn -0.1087 0.9018 0.4182
vn -0.1086 0.8858 0.4512
vn -0.1479 0.8813 0.4488
vn -0.1463 0.8975 0.4160
vn -0.1447 0.9653 0.2172
vn -0.1444 0.9660 0.2144
vn -0.1411 0.9665 0.2146
vn -0.1413 0.9658 0.2174
vn -0.1731 0.9773 0.1224
vn -0.1701 0.9680 0.1846
vn -0.2474 0.9530 0.1750
vn -0.2483 0.9625 0.1092
vn -0.3222 0.9355 0.1451
vn -0.3213 0.9229 0.2119
vn -0.3896 0.8922 0.2286
vn -0.3919 0.9061 0.1592
vn -0.0666 0.9923 0.1044
vn -0.0677 0.9977 0.0041
vn 0.0065 0.9999 0.0144
vn 0.0181 0.9956 0.0924
vn -0.0306 0.9994 0.0184
vn 0.0079 0.9615 0.2746
vn -0.2267 0.9062 0.3569
vn -0.2324 0.9726 -0.0065
vn -0.3771 0.9243 -0.0580
vn -0.3722 0.9179 -0.1373
vn -0.3018 0.9454 -0.1233
vn -0.3032 0.9513 -0.0553
vn -0.2410 0.9628 0.1219
vn -0.2469 0.9672 0.0592
vn -0.2066 0.9764 0.0632
vn -0.1971 0.9733 0.1178
vn -0.3631 0.9317 -0.0099
vn -0.3573 0.9327 -0.0499
vn -0.3087 0.9504 -0.0390
vn -0.3124 0.9499 0.0002
vn -0.3301 0.9401 0.0852
vn -0.3329 0.9291 0.1608
vn -0.4141 0.8943 0.1696
vn -0.4105 0.9074 0.0900
vn -0.2615 0.9562 -0.1312
vn -0.2444 0.9695 -0.0176
vn -0.3249 0.9456 -0.0169
vn -0.3373 0.9318 -0.1344
vn -0.4364 0.8741 -0.2134
vn -0.4331 0.9006 -0.0380
vn -0.5744 0.8185 -0.0103
vn -0.5617 0.8010 -0.2073
vn -0.3950 0.9186 0.0096
vn -0.3870 0.9186 -0.0797
vn -0.3111 0.9470 -0.0804
vn -0.3134 0.9496 -0.0052
vn -0.2670 0.9520 -0.1494
vn -0.2657 0.9478 -0.1760
vn -0.2432 0.9542 -0.1740
vn -0.2449 0.9581 -0.1483
vn -0.6177 0.7864 0.0036
vn -0.6128 0.7847 -0.0929
vn -0.5518 0.8284 -0.0957
vn -0.5536 0.8328 -0.0023
vn -0.5378 0.8391 0.0820
vn -0.5336 0.8344 0.1381
vn -0.5751 0.8069 0.1348
vn -0.5786 0.8120 0.0771
vn -0.2185 0.9658 0.1397
vn -0.2180 0.9729 0.0768
vn -0.1625 0.9840 0.0733
vn -0.1626 0.9770 0.1378
vn -0.1229 0.9843 0.1266
vn -0.1230 0.9870 0.1036
vn -0.1004 0.9896 0.1027
vn -0.1003 0.9869 0.1267
vn -0.4697 0.7736 0.4254
vn -0.5022 0.8342 0.2276
vn -0.2960 0.9224 0.2481
vn -0.2766 0.8488 0.4506
vn -0.1653 0.9857 0.0317
vn -0.1648 0.9863 -0.0091
vn -0.1264 0.9919 -0.0071
vn -0.1265 0.9914 0.0348
vn -0.0752 0.9964 -0.0392
vn -0.0749 0.9950 -0.0663
vn -0.0486 0.9967 -0.0657
vn -0.0490 0.9981 -0.0383
vn -0.0317 0.9942 -0.1027
vn -0.0316 0.9936 -0.1087
vn -0.0256 0.9937 -0.1087
vn -0.0257 0.9944 -0.1028
vn -0.0910 0.9944 -0.0536
vn -0.0910 0.9923 -0.0840
vn -0.0600 0.9946 -0.0843
vn -0.0598 0.9968 -0.0536
vn -0.0463 0.9944 -0.0951
vn -0.0463 0.9947 -0.0917
vn -0.0500 0.9946 -0.0910
vn -0.0500 0.9943 -0.0944
vn -0.0203 0.9951 -0.0966
vn -0.0202 0.9946 -0.1016
vn -0.0154 0.9947 -0.1019
vn -0.0156 0.9951 -0.0972
vn -0.0091 0.9678 -0.2516
vn -0.0095 0.9697 -0.2441
vn -0.0164 0.9696 -0.2442
vn -0.0160 0.9677 -0.2517
vn -0.0551 0.9586 -0.2793
vn -0.0554 0.9630 -0.2636
vn -0.0717 0.9619 -0.2640
vn -0.0717 0.9573 -0.2800
vn -0.0601 0.9820 -0.1790
vn -0.0609 0.9747 -0.2151
vn -0.0260 0.9770 -0.2117
vn -0.0251 0.9839 -0.1769
vn -0.0318 0.9756 -0.2173
vn -0.0325 0.9805 -0.1937
vn -0.0554 0.9794 -0.1943
vn -0.0551 0.9741 -0.2193
vn -0.0860 0.9917 -0.0954
vn -0.0861 0.9946 -0.0573
vn -0.1241 0.9906 -0.0576
vn -0.1231 0.9878 -0.0958
vn -0.0019 0.9951 -0.0989
vn -0.0021 0.9942 -0.1079
vn 0.0071 0.9942 -0.1075
vn 0.0073 0.9951 -0.0984
vn 0.0192 0.9759 -0.2172
vn 0.0185 0.9720 -0.2341
vn 0.0371 0.9714 -0.2344
vn 0.0386 0.9753 -0.2173
vn -0.1584 0.9640 -0.2137
vn -0.1626 0.9724 -0.1676
vn -0.2097 0.9637 -0.1655
vn -0.2026 0.9563 -0.2110
vn -0.2498 0.9450 -0.2110
vn -0.2582 0.9533 -0.1566
vn -0.3073 0.9389 -0.1551
vn -0.3022 0.9299 -0.2098
vn 0.0485 0.9722 -0.2292
vn 0.0483 0.9715 -0.2320
vn 0.0511 0.9714 -0.2319
vn 0.0512 0.9720 -0.2292
vn 0.0244 0.9750 -0.2209
vn 0.0249 0.9864 -0.1624
vn -0.0318 0.9858 -0.1647
vn -0.0302 0.9747 -0.2216
vn -0.3895 0.9175 -0.0799
vn -0.3901 0.9195 0.0490
vn -0.4959 0.8669 0.0501
vn -0.4958 0.8649 -0.0788
vn -0.5010 0.8457 0.1837
vn -0.5070 0.8560 0.1012
vn -0.4378 0.8938 0.0969
vn -0.4346 0.8835 0.1751
vn -0.1195 0.9927 -0.0131
vn -0.1194 0.9878 0.1002
vn -0.2436 0.9625 0.1193
vn -0.2528 0.9675 -0.0089
vn -0.2931 0.9552 0.0415
vn -0.2973 0.9546 -0.0202
vn -0.2360 0.9717 -0.0130
vn -0.2348 0.9711 0.0419
vn -0.3846 0.9187 -0.0902
vn -0.3819 0.9148 -0.1315
vn -0.3484 0.9285 -0.1288
vn -0.3505 0.9327 -0.0852
vn -0.3074 0.9435 -0.1238
vn -0.3045 0.9364 -0.1742
vn -0.2589 0.9496 -0.1769
vn -0.2622 0.9566 -0.1272
vn -0.2033 0.9749 -0.0907
vn -0.2030 0.9739 -0.1018
vn -0.1917 0.9761 -0.1025
vn -0.1921 0.9771 -0.0913
vn -0.1538 0.9260 -0.3448
vn -0.1496 0.9136 -0.3780
vn -0.1226 0.9203 -0.3716
vn -0.1277 0.9306 -0.3430
vn -0.2434 0.8881 -0.3900
vn -0.2483 0.9110 -0.3293
vn -0.3208 0.8895 -0.3253
vn -0.3240 0.8563 -0.4022
vn -0.2921 0.9044 -0.3109
vn -0.3002 0.8610 -0.4106
vn -0.1668 0.8939 -0.4161
vn -0.1672 0.9292 -0.3295
vn -0.1246 0.9498 -0.2869
vn -0.1235 0.9480 -0.2935
vn -0.1174 0.9485 -0.2943
vn -0.1182 0.9505 -0.2874
vn -0.1254 0.9738 -0.1898
vn -0.1257 0.9745 -0.1859
vn -0.1294 0.9740 -0.1858
vn -0.1292 0.9733 -0.1899
vn -0.1115 0.9750 -0.1920
vn -0.1112 0.9721 -0.2067
vn -0.0954 0.9737 -0.2070
vn -0.0958 0.9766 -0.1925
vn -0.1025 0.9943 0.0283
vn -0.1026 0.9936 0.0469
vn -0.1210 0.9914 0.0490
vn -0.1210 0.9922 0.0308
vn -0.1522 0.9878 -0.0317
vn -0.1522 0.9883 0.0070
vn -0.1915 0.9814 0.0117
vn -0.1918 0.9810 -0.0291
vn -0.2750 0.9005 -0.3368
vn -0.2822 0.9373 -0.2048
vn -0.4176 0.8864 -0.1997
vn -0.4086 0.8510 -0.3298
vn -0.1455 0.9821 -0.1199
vn -0.1463 0.9856 -0.0844
vn -0.1775 0.9802 -0.0872
vn -0.1764 0.9769 -0.1208
vn -0.2972 0.9228 -0.2450
vn -0.3053 0.9522 -0.0074
vn -0.5014 0.8647 0.0308
vn -0.5014 0.8433 -0.1934
vn -0.4095 0.9036 -0.1257
vn -0.3993 0.8787 -0.2615
vn -0.2706 0.9134 -0.3040
vn -0.2881 0.9391 -0.1871
vn -0.0468 0.6265 -0.7780
vn -0.0303 0.5699 -0.8212
vn 0.0467 0.5828 -0.8112
vn 0.0377 0.6467 -0.7618
vn -0.2924 0.4293 -0.8545
vn -0.2344 0.3402 -0.9107
vn -0.0573 0.3669 -0.9285
vn -0.1188 0.4700 -0.8746
vn 0.0021 0.6188 -0.7856
vn 0.0253 0.5521 -0.8334
vn 0.1755 0.5396 -0.8234
vn 0.1850 0.6005 -0.7779
vn 0.1756 0.7957 -0.5796
vn 0.1690 0.6895 -0.7043
vn 0.3332 0.6526 -0.6805
vn 0.3696 0.7472 -0.5523
vn 0.5102 0.7581 -0.4063
vn 0.4970 0.7357 -0.4601
vn 0.5420 0.7124 -0.4457
vn 0.5569 0.7331 -0.3904
vn 0.4017 0.7234 -0.5615
vn 0.3688 0.6603 -0.6542
vn 0.3997 0.7277 -0.5573
vn 0.5222 0.6737 -0.5228
vn 0.6048 0.7858 0.1294
vn 0.4456 0.8755 0.1872
vn 0.4010 0.8537 0.3323
vn 0.4461 0.8852 0.1323
vn 0.6198 0.7848 -0.0005
vn 0.6196 0.7846 0.0220
vn 0.6063 0.7949 0.0205
vn 0.6065 0.7950 -0.0017
vn 0.4912 0.6771 0.5479
vn 0.4836 0.6668 0.5670
vn 0.4613 0.6746 0.5763
vn 0.4690 0.6859 0.5564
vn 0.2314 0.7089 0.6663
vn 0.2264 0.6941 0.6833
vn 0.1969 0.6986 0.6879
vn 0.2008 0.7125 0.6723
vn 0.1009 0.6310 0.7692
vn 0.0901 0.5738 0.8140
vn -0.0398 0.5622 0.8260
vn -0.0368 0.6213 0.7827
vn 0.3975 0.7262 0.5609
vn 0.3669 0.6701 0.6453
vn 0.1839 0.6967 0.6934
vn 0.2067 0.7733 0.5994
vn 0.2028 0.9788 0.0284
vn 0.2010 0.9769 0.0721
vn 0.1519 0.9856 0.0747
vn 0.1539 0.9876 0.0301
vn -0.4514 0.8810 0.1417
vn -0.4432 0.8744 0.1976
vn -0.4946 0.8468 0.1957
vn -0.5022 0.8533 0.1406
vn -0.4927 0.7485 0.4439
vn -0.4720 0.7206 0.5079
vn -0.5392 0.6895 0.4835
vn -0.5578 0.7167 0.4185
vn 0.0815 0.8642 0.4965
vn 0.0797 0.8540 0.5142
vn 0.0576 0.8560 0.5138
vn 0.0588 0.8658 0.4969
vn -0.0163 0.5612 0.8275
vn -0.0182 0.5103 0.8598
vn -0.1005 0.5032 0.8583
vn -0.1030 0.5574 0.8238
vn -0.3560 0.4643 0.8110
vn -0.3993 0.5286 0.7491
vn -0.2803 0.5538 0.7840
vn -0.2443 0.4884 0.8377
vn -0.3284 0.7399 0.5872
vn -0.3224 0.7285 0.6044
vn -0.3485 0.7220 0.5978
vn -0.3543 0.7332 0.5805
vn -0.2271 0.8352 0.5009
vn -0.2210 0.7897 0.5723
vn -0.3189 0.7692 0.5538
vn -0.3329 0.8089 0.4846
vn -0.3346 0.7361 0.5884
vn -0.3426 0.7510 0.5645
vn -0.3122 0.7596 0.5705
vn -0.3019 0.7449 0.5949
vn -0.3482 0.7752 0.5272
vn -0.3630 0.8052 0.4688
vn -0.2822 0.8311 0.4792
vn -0.2677 0.7979 0.5401
vn -0.3468 0.9376 -0.0257
vn -0.3432 0.9362 0.0757
vn -0.4292 0.8994 0.0835
vn -0.4300 0.9028 -0.0103
vn -0.4309 0.9022 0.0169
vn -0.4359 0.8995 -0.0286
vn -0.3852 0.9221 -0.0367
vn -0.3816 0.9242 0.0158
vn -0.3120 0.8498 0.4248
vn -0.3072 0.8398 0.4476
vn -0.3327 0.8341 0.4400
vn -0.3366 0.8428 0.4199
vn -0.3807 0.8488 0.3669
vn -0.3974 0.8921 0.2149
vn -0.2522 0.9320 0.2603
vn -0.2372 0.8785 0.4148
vn -0.1732 0.9753 -0.1370
vn -0.1728 0.9721 -0.1586
vn -0.1533 0.9750 -0.1611
vn -0.1539 0.9781 -0.1401
vn -0.2826 0.9337 0.2200
vn -0.2915 0.9566 0.0043
vn -0.0552 0.9982 -0.0234
vn -0.0506 0.9741 0.2202
vn 0.0304 0.9909 0.1313
vn 0.0306 0.9731 0.2283
vn -0.0694 0.9729 0.2204
vn -0.0698 0.9890 0.1308
vn -0.1222 0.9654 0.2305
vn -0.1235 0.9763 0.1777
vn -0.0688 0.9815 0.1790
vn -0.0664 0.9695 0.2359
vn -0.1376 0.9526 -0.2715
vn -0.1359 0.9846 -0.1103
vn -0.2858 0.9524 -0.1062
vn -0.2819 0.9248 -0.2556
vn -0.1693 0.8029 -0.5716
vn -0.1826 0.8894 -0.4191
vn -0.3614 0.8464 -0.3912
vn -0.3467 0.7603 -0.5493
vn -0.4452 0.8063 -0.3894
vn -0.4449 0.8049 -0.3926
vn -0.4408 0.8061 -0.3948
vn -0.4412 0.8074 -0.3916
vn -0.3689 0.8403 -0.3971
vn -0.3815 0.8692 -0.3145
vn -0.4536 0.8423 -0.2912
vn -0.4384 0.8201 -0.3677
vn -0.4325 0.6956 -0.5736
vn -0.4696 0.7451 -0.4736
vn -0.5535 0.7167 -0.4242
vn -0.5165 0.6723 -0.5304
vn -0.3772 0.6980 -0.6087
vn -0.3713 0.6843 -0.6276
vn -0.3404 0.6912 -0.6374
vn -0.3464 0.7093 -0.6139
vn -0.3791 0.5353 -0.7548
vn -0.4136 0.6125 -0.6737
vn -0.5248 0.5673 -0.6346
vn -0.4946 0.5181 -0.6979
vn -0.5299 0.6089 -0.5903
vn -0.5400 0.6211 -0.5680
vn -0.5605 0.6094 -0.5608
vn -0.5507 0.5964 -0.5840
vn -0.6807 0.7316 -0.0380
vn -0.6757 0.7339 0.0697
vn -0.7223 0.6863 0.0855
vn -0.7262 0.6871 -0.0252
vn -0.6668 0.7139 -0.2139
vn -0.6711 0.7290 -0.1346
vn -0.7066 0.6961 -0.1275
vn -0.6996 0.6829 -0.2102
vn -0.6307 0.6868 0.3613
vn -0.6672 0.7169 0.2022
vn -0.5677 0.7775 0.2705
vn -0.5300 0.7370 0.4195
vn -0.7291 0.6833 0.0391
vn -0.7309 0.6819 -0.0265
vn -0.6933 0.7206 0.0051
vn -0.6865 0.7233 0.0751
vn -0.4107 0.6382 0.6512
vn -0.4543 0.6844 0.5703
vn -0.3539 0.7051 0.6144
vn -0.3299 0.6595 0.6755
vn -0.3965 0.6341 0.6639
vn -0.3894 0.6252 0.6763
vn -0.4069 0.6199 0.6709
vn -0.4158 0.6290 0.6569
vn -0.4417 0.6806 0.5846
vn -0.4715 0.7095 0.5237
vn -0.3984 0.7308 0.5542
vn -0.3741 0.6989 0.6096
vn -0.3862 0.7078 0.5915
vn -0.3469 0.6394 0.6861
vn -0.4921 0.5613 0.6654
vn -0.5826 0.6240 0.5207
vn -0.7855 0.6177 0.0381
vn -0.7862 0.5795 -0.2147
vn -0.6071 0.7820 -0.1407
vn -0.6079 0.7853 0.1170
vn -0.3924 0.8362 0.3831
vn -0.4074 0.8576 0.3139
vn -0.3404 0.8798 0.3319
vn -0.3263 0.8548 0.4035
vn -0.3446 0.9292 0.1332
vn -0.3404 0.9244 0.1724
vn -0.3709 0.9125 0.1724
vn -0.3764 0.9171 0.1314
vn -0.4367 0.8911 0.1232
vn -0.4360 0.8999 -0.0110
vn -0.3134 0.9496 -0.0024
vn -0.3096 0.9427 0.1243
vn -0.3220 0.9311 -0.1714
vn -0.3235 0.9457 -0.0315
vn -0.4645 0.8855 -0.0029
vn -0.4596 0.8749 -0.1525
vn -0.4913 0.6358 -0.5953
vn -0.5506 0.7495 -0.3675
vn -0.7908 0.5300 -0.3063
vn -0.6990 0.4618 -0.5461
vn -0.8516 0.3909 -0.3492
vn -0.8564 0.3933 -0.3344
vn -0.8637 0.3823 -0.3283
vn -0.8595 0.3799 -0.3421
vn -0.5090 0.7317 -0.4534
vn -0.5263 0.7542 -0.3926
vn -0.5917 0.7109 -0.3800
vn -0.5729 0.6923 -0.4388
vn -0.7031 0.6928 -0.1602
vn -0.7147 0.6973 -0.0538
vn -0.7823 0.6220 -0.0337
vn -0.7717 0.6200 -0.1418
vn -0.9038 0.4155 -0.1027
vn -0.9014 0.4131 -0.1295
vn -0.8926 0.4305 -0.1340
vn -0.8949 0.4331 -0.1074
vn -0.7747 0.4323 0.4615
vn -0.7894 0.4390 0.4292
vn -0.7695 0.4714 0.4310
vn -0.7544 0.4619 0.4664
vn -0.7277 0.5985 0.3351
vn -0.7553 0.6312 0.1761
vn -0.6503 0.7386 0.1780
vn -0.6293 0.7054 0.3261
vn -0.5678 0.8212 0.0560
vn -0.5657 0.8234 -0.0452
vn -0.4932 0.8692 -0.0357
vn -0.4937 0.8673 0.0640
vn -0.7974 0.5719 0.1923
vn -0.8065 0.5805 0.1122
vn -0.7623 0.6364 0.1182
vn -0.7534 0.6284 0.1938
vn -0.7218 0.6920 0.0100
vn -0.7197 0.6902 -0.0755
vn -0.6707 0.7377 -0.0771
vn -0.6731 0.7395 0.0051
vn -0.4608 0.8814 -0.1041
vn -0.4615 0.8830 -0.0860
vn -0.4762 0.8753 -0.0846
vn -0.4757 0.8734 -0.1040
vn -0.4578 0.8776 -0.1420
vn -0.4545 0.8673 -0.2032
vn -0.4074 0.8899 -0.2050
vn -0.4110 0.8996 -0.1476
vn -0.6267 0.7786 0.0318
vn -0.6259 0.7787 -0.0431
vn -0.5716 0.8190 -0.0501
vn -0.5729 0.8190 0.0331
vn -0.5172 0.8021 -0.2985
vn -0.5197 0.8052 -0.2857
vn -0.5298 0.7990 -0.2844
vn -0.5274 0.7965 -0.2959
vn -0.3835 0.8806 -0.2782
vn -0.3845 0.8835 -0.2675
vn -0.3932 0.8796 -0.2677
vn -0.3925 0.8767 -0.2782
vn -0.4329 0.8844 -0.1743
vn -0.4347 0.8970 -0.0806
vn -0.4992 0.8644 -0.0600
vn -0.4935 0.8564 -0.1516
vn -0.5607 0.7000 -0.4423
vn -0.6145 0.7530 -0.2354
vn -0.7530 0.6381 -0.1608
vn -0.7099 0.5966 -0.3742
vn -0.7593 0.5346 -0.3710
vn -0.7530 0.5286 -0.3919
vn -0.7409 0.5416 -0.3972
vn -0.7467 0.5480 -0.3770
vn -0.4915 0.7529 -0.4377
vn -0.5091 0.7786 -0.3669
vn -0.5686 0.7446 -0.3496
vn -0.5529 0.7168 -0.4248
vn -0.6190 0.6676 -0.4138
vn -0.6340 0.7026 -0.3232
vn -0.7045 0.6459 -0.2941
vn -0.6932 0.6056 -0.3909
vn -0.7346 0.6416 -0.2207
vn -0.7049 0.6065 -0.3678
vn -0.6114 0.6873 -0.3922
vn -0.6473 0.7216 -0.2454
vn -0.6795 0.7200 -0.1411
vn -0.6954 0.7157 0.0651
vn -0.8299 0.5494 0.0973
vn -0.8112 0.5659 -0.1473
vn -0.6368 0.7696 0.0469
vn -0.6588 0.7265 -0.1954
vn -0.4983 0.8407 -0.2121
vn -0.4973 0.8675 0.0080
vn -0.4231 0.9037 0.0659
vn -0.4245 0.9045 0.0412
vn -0.4059 0.9130 0.0417
vn -0.4027 0.9127 0.0697
vn -0.7620 0.4914 0.4217
vn -0.8166 0.5665 0.1104
vn -0.5964 0.7806 0.1870
vn -0.5450 0.6881 0.4790
vn -0.3829 0.8616 0.3332
vn -0.3928 0.9022 0.1782
vn -0.2105 0.9581 0.1944
vn -0.2137 0.9131 0.3474
vn -0.3327 0.9425 0.0310
vn -0.3447 0.9316 -0.1155
vn -0.1968 0.9744 -0.1087
vn -0.1932 0.9803 0.0415
vn -0.0452 0.9945 0.0940
vn -0.0461 0.9978 -0.0474
vn 0.1056 0.9938 -0.0341
vn 0.1090 0.9880 0.1097
vn -0.0690 0.9398 0.3347
vn -0.0628 0.9735 0.2199
vn 0.0421 0.9726 0.2286
vn 0.0387 0.9406 0.3372
vn 0.1020 0.9486 -0.2996
vn 0.0999 0.9338 -0.3434
vn 0.1369 0.9250 -0.3545
vn 0.1405 0.9415 -0.3063
vn 0.1490 0.9147 -0.3756
vn 0.1505 0.9192 -0.3639
vn 0.1405 0.9216 -0.3618
vn 0.1390 0.9175 -0.3726
vn 0.1737 0.9844 -0.0262
vn 0.1740 0.9845 -0.0226
vn 0.1701 0.9852 -0.0233
vn 0.1700 0.9851 -0.0269
vn 0.1512 0.9840 -0.0937
vn 0.1517 0.9870 -0.0538
vn 0.0999 0.9929 -0.0639
vn 0.1015 0.9896 -0.1021
vn 0.0226 0.9454 -0.3252
vn 0.0174 0.9821 -0.1874
vn -0.1110 0.9749 -0.1932
vn -0.1109 0.9380 -0.3284
vn 0.1346 0.9878 -0.0780
vn 0.1334 0.9910 -0.0047
vn 0.0571 0.9984 -0.0031
vn 0.0605 0.9949 -0.0812
vn -0.0023 0.9521 0.3056
vn -0.0021 0.9531 0.3027
vn 0.0004 0.9532 0.3025
vn 0.0001 0.9523 0.3051
vn -0.2446 0.9662 0.0813
vn -0.2344 0.9343 0.2686
vn -0.4252 0.8530 0.3026
vn -0.4248 0.8991 0.1055
vn -0.4690 0.8625 0.1904
vn -0.4701 0.8765 0.1033
vn -0.4014 0.9069 0.1285
vn -0.3909 0.8973 0.2050
vn -0.0383 0.9620 0.2703
vn -0.0489 0.9375 0.3447
vn -0.1607 0.9307 0.3286
vn -0.1453 0.9594 0.2417
vn -0.2250 0.7812 0.5823
vn -0.2217 0.8208 0.5264
vn -0.1510 0.8342 0.5303
vn -0.1482 0.8022 0.5784
vn -0.3561 0.8265 0.4361
vn -0.3122 0.7667 0.5610
vn -0.4190 0.7160 0.5584
vn -0.4654 0.7745 0.4285
vn 0.1378 0.9294 -0.3425
vn 0.1106 0.9581 -0.2643
vn 0.0450 0.9614 -0.2716
vn 0.0510 0.9430 -0.3290
vn 0.4004 0.9115 -0.0942
vn 0.3942 0.9187 0.0260
vn 0.2736 0.9618 0.0071
vn 0.2774 0.9525 -0.1253
vn 0.1040 0.9526 0.2861
vn 0.0895 0.9028 0.4205
vn -0.0853 0.9031 0.4208
vn -0.0709 0.9567 0.2824
vn -0.0525 0.9986 0.0040
vn -0.0534 0.9877 0.1470
vn -0.1711 0.9749 0.1427
vn -0.1765 0.9843 0.0072
vn -0.1506 0.9031 0.4021
vn -0.1643 0.9445 0.2845
vn -0.0657 0.9629 0.2616
vn -0.0547 0.9210 0.3856
vn -0.0560 0.9926 0.1079
vn -0.0463 0.9984 -0.0330
vn 0.0730 0.9966 -0.0370
vn 0.0793 0.9935 0.0816
vn 0.1795 0.9837 0.0086
vn 0.1590 0.9813 -0.1086
vn 0.2427 0.9646 -0.1027
vn 0.2738 0.9618 0.0066
vn -0.0632 0.9977 -0.0261
vn -0.0645 0.9967 0.0495
vn -0.1563 0.9866 0.0465
vn -0.1377 0.9897 -0.0378
vn -0.0617 0.9809 -0.1847
vn -0.0373 0.9636 -0.2646
vn 0.0736 0.9663 -0.2468
vn 0.0632 0.9838 -0.1680
vn 0.1666 0.9688 -0.1833
vn 0.2295 0.9718 0.0532
vn -0.0465 0.9970 0.0613
vn -0.0592 0.9752 -0.2130
vn -0.2425 0.9697 0.0296
vn -0.2440 0.9672 0.0712
vn -0.2840 0.9564 0.0681
vn -0.2853 0.9581 0.0259
vn 0.1117 0.9924 0.0510
vn 0.1124 0.9928 0.0410
vn 0.1204 0.9919 0.0411
vn 0.1199 0.9915 0.0501
vn 0.0710 0.9638 -0.2570
vn 0.0687 0.9938 -0.0875
vn -0.0599 0.9908 -0.1212
vn -0.0578 0.9529 -0.2977
vn -0.3399 0.9386 -0.0586
vn -0.3342 0.9425 0.0038
vn -0.3951 0.9186 0.0013
vn -0.4097 0.9096 -0.0694
vn -0.6131 0.7846 -0.0927
vn -0.5457 0.8226 0.1599
vn -0.8208 0.5362 0.1969
vn -0.8682 0.4928 -0.0571
vn -0.1296 0.9677 -0.2163
vn -0.1298 0.9684 -0.2130
vn -0.1327 0.9680 -0.2129
vn -0.1325 0.9675 -0.2156
vn -0.1963 0.9757 0.0972
vn -0.1994 0.9592 0.2006
vn -0.2827 0.9327 0.2242
vn -0.2872 0.9522 0.1042
vn -0.7681 0.5845 0.2615
vn -0.8200 0.5570 -0.1317
vn -0.5671 0.8230 -0.0337
vn -0.5427 0.8031 0.2461
vn -0.4186 0.8529 0.3120
vn -0.4275 0.8775 0.2174
vn -0.3493 0.9130 0.2107
vn -0.3477 0.8841 0.3122
vn -0.3662 0.8945 0.2566
vn -0.3561 0.8765 0.3239
vn -0.4269 0.8463 0.3186
vn -0.4413 0.8631 0.2456
vn -0.3945 0.9056 0.1560
vn -0.4095 0.9082 -0.0863
vn -0.1591 0.9844 -0.0754
vn -0.1614 0.9721 0.1700
vn -0.2694 0.9415 -0.2022
vn -0.2729 0.9451 -0.1798
vn -0.2918 0.9400 -0.1771
vn -0.2885 0.9360 -0.2017
vn -0.2725 0.9588 -0.0806
vn -0.2661 0.9511 -0.1569
vn -0.1729 0.9708 -0.1660
vn -0.1779 0.9807 -0.0814
vn 0.0135 0.9944 0.1052
vn 0.0163 0.9998 0.0145
vn 0.1172 0.9929 0.0198
vn 0.1179 0.9868 0.1114
vn 0.2404 0.9706 -0.0072
vn 0.2383 0.9620 -0.1334
vn 0.3704 0.9166 -0.1502
vn 0.3673 0.9295 -0.0335
vn 0.0163 0.9619 -0.2729
vn 0.0265 0.8893 -0.4566
vn 0.2606 0.8463 -0.4647
vn 0.2594 0.9197 -0.2946
vn 0.4624 0.8739 -0.1501
vn 0.4726 0.7926 -0.3854
vn 0.6414 0.6907 -0.3339
vn 0.6260 0.7693 -0.1275
vn 0.4432 0.8911 0.0979
vn 0.4522 0.8919 0.0049
vn 0.5168 0.8561 0.0072
vn 0.5097 0.8549 0.0972
vn 0.4949 0.8516 0.1728
vn 0.4801 0.8367 0.2634
vn 0.3985 0.8811 0.2546
vn 0.4133 0.8968 0.1576
vn 0.5321 0.7820 0.3246
vn 0.5194 0.7793 0.3506
vn 0.4939 0.7955 0.3512
vn 0.5055 0.7996 0.3242
vn 0.3862 0.8416 0.3776
vn 0.3234 0.7909 0.5195
vn 0.1477 0.8314 0.5357
vn 0.1906 0.8958 0.4014
vn 0.3053 0.9469 0.1007
vn 0.2890 0.9254 0.2451
vn 0.1549 0.9535 0.2586
vn 0.1639 0.9796 0.1162
vn 0.1223 0.9321 0.3409
vn 0.1234 0.9551 0.2693
vn 0.2136 0.9402 0.2654
vn 0.2191 0.9108 0.3501
vn 0.0333 0.9500 0.3103
vn 0.0151 0.9051 0.4249
vn -0.1069 0.9042 0.4134
vn -0.1005 0.9451 0.3109
vn -0.1818 0.9548 0.2350
vn -0.1834 0.9362 0.2997
vn -0.2463 0.9219 0.2992
vn -0.2462 0.9420 0.2279
vn 0.2048 0.9694 0.1350
vn 0.2114 0.9555 0.2058
vn 0.1296 0.9700 0.2054
vn 0.1296 0.9810 0.1446
vn 0.1484 0.9871 -0.0601
vn 0.1474 0.9780 -0.1479
vn 0.2292 0.9635 -0.1382
vn 0.2330 0.9711 -0.0525
vn -0.2111 0.9433 -0.2562
vn -0.2043 0.9247 -0.3213
vn -0.1387 0.9405 -0.3101
vn -0.1403 0.9582 -0.2494
vn -0.1227 0.7978 -0.5902
vn -0.1259 0.8179 -0.5614
vn -0.1626 0.8092 -0.5646
vn -0.1559 0.7911 -0.5915
vn 0.2149 0.8069 -0.5503
vn 0.2135 0.8033 -0.5560
vn 0.2207 0.8024 -0.5545
vn 0.2221 0.8056 -0.5493
vn 0.2595 0.9587 -0.1165
vn 0.2684 0.9631 0.0177
vn 0.1650 0.9860 0.0233
vn 0.1617 0.9801 -0.1148
vn -0.1340 0.9869 -0.0898
vn -0.0935 0.9021 -0.4212
vn 0.1399 0.9059 -0.3996
vn 0.1383 0.9864 -0.0890
vn 0.2120 0.9383 -0.2732
vn 0.2147 0.9621 -0.1681
vn 0.1219 0.9783 -0.1677
vn 0.1223 0.9506 -0.2852
vn 0.1035 0.9322 -0.3469
vn 0.1036 0.9333 -0.3437
vn 0.1006 0.9335 -0.3442
vn 0.1004 0.9323 -0.3475
vn 0.0360 0.9408 0.3370
vn 0.0309 0.8853 0.4639
vn -0.1087 0.8667 0.4869
vn -0.1058 0.9296 0.3530
vn 0.0315 0.8516 0.5232
vn 0.0313 0.8499 0.5261
vn 0.0279 0.8495 0.5269
vn 0.0280 0.8513 0.5240
vn 0.0060 0.9442 0.3293
vn 0.0069 0.9306 0.3660
vn -0.0350 0.9266 0.3743
vn -0.0376 0.9415 0.3349
vn -0.1833 0.9296 0.3197
vn -0.1833 0.9289 0.3217
vn -0.1849 0.9286 0.3219
vn -0.1851 0.9292 0.3200
vn -0.2491 0.9327 -0.2609
vn -0.2512 0.9490 -0.1905
vn -0.3088 0.9325 -0.1873
vn -0.3028 0.9183 -0.2551
vn -0.1988 0.9791 -0.0428
vn -0.1857 0.9652 0.1840
vn -0.3886 0.9052 0.1722
vn -0.3978 0.9165 -0.0428
vn -0.4813 0.8745 -0.0596
vn -0.4813 0.8744 -0.0614
vn -0.4799 0.8752 -0.0616
vn -0.4799 0.8753 -0.0599
vn -0.3732 0.8845 -0.2801
vn -0.3874 0.9096 -0.1499
vn -0.4915 0.8622 -0.1228
vn -0.4791 0.8382 -0.2605
vn -0.5282 0.8084 -0.2597
vn -0.5270 0.8058 -0.2701
vn -0.5182 0.8111 -0.2713
vn -0.5192 0.8141 -0.2600
vn -0.4094 0.8414 -0.3528
vn -0.3910 0.7966 -0.4611
vn -0.2890 0.8283 -0.4799
vn -0.3028 0.8793 -0.3676
vn -0.1861 0.8360 -0.5163
vn -0.1763 0.7836 -0.5957
vn -0.0798 0.7950 -0.6013
vn -0.0867 0.8524 -0.5157
vn -0.3518 0.9350 0.0455
vn -0.3512 0.8836 -0.3098
vn -0.0174 0.9502 -0.3110
vn -0.0245 0.9995 0.0214
vn 0.1277 0.9836 -0.1271
vn 0.1277 0.9830 -0.1322
vn 0.1326 0.9824 -0.1318
vn 0.1328 0.9831 -0.1263
vn 0.0845 0.9641 -0.2518
vn 0.0975 0.8701 -0.4831
vn 0.3535 0.8139 -0.4610
vn 0.3362 0.9122 -0.2341
vn 0.3809 0.9194 -0.0985
vn 0.3666 0.9303 -0.0101
vn 0.2801 0.9597 -0.0242
vn 0.2850 0.9519 -0.1128
vn 0.1758 0.9825 -0.0608
vn 0.1720 0.9752 -0.1392
vn 0.2431 0.9610 -0.1321
vn 0.2467 0.9675 -0.0558
vn 0.3200 0.9384 0.1302
vn 0.3217 0.9460 0.0398
vn 0.3991 0.9159 0.0425
vn 0.3947 0.9092 0.1327
vn 0.1965 0.9800 0.0327
vn 0.1931 0.9736 0.1215
vn 0.1154 0.9864 0.1171
vn 0.1188 0.9925 0.0297
vn 0.0729 0.9971 0.0216
vn 0.0730 0.9967 0.0354
vn 0.0582 0.9976 0.0372
vn 0.0568 0.9981 0.0236
vn 0.4204 0.9028 -0.0903
vn 0.4221 0.9052 -0.0497
vn 0.3882 0.9205 -0.0452
vn 0.3838 0.9194 -0.0855
vn 0.3043 0.8829 0.3576
vn 0.2969 0.7922 0.5333
vn 0.1111 0.8223 0.5582
vn 0.1091 0.9175 0.3824
vn 0.0123 0.6894 0.7243
vn 0.0221 0.4798 0.8771
vn -0.2569 0.4313 0.8648
vn -0.2618 0.6559 0.7080
vn -0.3058 0.8743 0.3770
vn -0.2978 0.9003 0.3176
vn -0.2231 0.9163 0.3325
vn -0.2205 0.8934 0.3913
vn -0.0792 0.9710 0.2257
vn -0.0710 0.9250 0.3734
vn -0.2331 0.9046 0.3568
vn -0.2455 0.9472 0.2061
vn -0.3529 0.9237 0.1490
vn -0.3495 0.9150 0.2018
vn -0.4001 0.8953 0.1959
vn -0.4044 0.9038 0.1403
vn -0.2531 0.9202 0.2987
vn -0.2325 0.8863 0.4006
vn -0.3447 0.8483 0.4019
vn -0.3842 0.8756 0.2927
vn -0.5031 0.7442 -0.4394
vn -0.4934 0.6326 -0.5970
vn -0.3406 0.6997 -0.6280
vn -0.3288 0.8204 -0.4677
vn -0.3029 0.9441 0.1302
vn -0.2879 0.9373 -0.1965
vn 0.0093 0.9774 -0.2114
vn -0.0317 0.9940 0.1051
vn 0.2181 0.9667 0.1341
vn 0.2523 0.9645 -0.0781
vn 0.4960 0.8658 -0.0669
vn 0.4674 0.8724 0.1434
vn -0.0741 0.9607 -0.2674
vn -0.1059 0.8892 -0.4451
vn 0.1398 0.8854 -0.4432
vn 0.1648 0.9492 -0.2680
vn 0.2851 0.8269 -0.4847
vn 0.2710 0.7865 -0.5549
vn 0.3456 0.7642 -0.5446
vn 0.3601 0.8016 -0.4772
vn 0.6354 0.7254 -0.2646
vn 0.6223 0.6961 -0.3582
vn 0.6755 0.6509 -0.3464
vn 0.6916 0.6727 -0.2629
vn 0.7269 0.6757 0.1225
vn 0.7273 0.6760 0.1187
vn 0.7291 0.6740 0.1190
vn 0.7287 0.6737 0.1226
vn 0.4140 0.9069 0.0780
vn 0.4120 0.9048 0.1080
vn 0.3843 0.9171 0.1062
vn 0.3861 0.9194 0.0743
vn 0.3289 0.9302 -0.1629
vn 0.3322 0.9399 -0.0789
vn 0.2680 0.9609 -0.0697
vn 0.2642 0.9542 -0.1404
vn 0.7362 0.6333 -0.2386
vn 0.7156 0.6165 -0.3284
vn 0.7545 0.5600 -0.3421
vn 0.7788 0.5755 -0.2496
vn 0.6310 0.7560 0.1738
vn 0.6121 0.7362 0.2887
vn 0.5288 0.7903 0.3094
vn 0.5440 0.8202 0.1772
vn 0.2811 0.9016 0.3289
vn 0.2922 0.9489 0.1190
vn 0.5109 0.8537 0.1008
vn 0.4922 0.8199 0.2923
vn 0.5458 0.7046 0.4535
vn 0.5549 0.7183 0.4197
vn 0.5829 0.7014 0.4102
vn 0.5753 0.6871 0.4438
vn 0.4395 0.7783 0.4484
vn 0.4321 0.7612 0.4836
vn 0.4005 0.7739 0.4905
vn 0.4081 0.7911 0.4557
vn 0.3699 0.9290 0.0075
vn 0.3726 0.9163 0.1465
vn 0.2259 0.9604 0.1633
vn 0.2080 0.9781 0.0078
vn 0.4602 0.8191 0.3424
vn 0.3755 0.6612 0.6495
vn -0.0461 0.7098 0.7029
vn 0.0494 0.9102 0.4113
vn -0.1922 0.9363 0.2938
vn -0.2211 0.8842 0.4115
vn -0.3383 0.8535 0.3963
vn -0.3259 0.9038 0.2772
vn -0.0106 0.9964 -0.0846
vn 0.0144 0.9927 0.1198
vn -0.2149 0.9714 0.1013
vn -0.2140 0.9720 -0.0973
vn -0.3775 0.8568 0.3513
vn -0.3635 0.8009 0.4758
vn -0.4625 0.7560 0.4631
vn -0.4814 0.8052 0.3463
vn -0.4086 0.7360 0.5399
vn -0.4041 0.7146 0.5710
vn -0.4346 0.7029 0.5631
vn -0.4418 0.7217 0.5329
vn -0.4732 0.8653 0.1655
vn -0.4761 0.8760 0.0775
vn -0.4046 0.9109 0.0803
vn -0.3982 0.9018 0.1679
vn -0.5713 0.8149 0.0980
vn -0.5692 0.8041 0.1716
vn -0.6249 0.7627 0.1664
vn -0.6283 0.7725 0.0915
vn -0.6948 0.7137 0.0888
vn -0.6855 0.7020 0.1930
vn -0.7511 0.6325 0.1894
vn -0.7645 0.6387 0.0869
vn -0.3824 0.8813 0.2777
vn -0.3689 0.8557 0.3630
vn -0.4344 0.8279 0.3547
vn -0.4447 0.8518 0.2770
vn -0.5464 0.8342 -0.0745
vn -0.5459 0.8200 0.1721
vn -0.6846 0.7175 0.1283
vn -0.6835 0.7171 -0.1364
vn -0.6981 0.6914 0.1860
vn -0.7113 0.6926 -0.1196
vn -0.5523 0.8308 -0.0687
vn -0.5495 0.8152 0.1830
vn -0.5356 0.8413 -0.0735
vn -0.5399 0.8320 0.1274
vn -0.6448 0.7598 0.0837
vn -0.6354 0.7613 -0.1288
vn -0.7410 0.6594 0.1274
vn -0.7441 0.6612 0.0960
vn -0.7252 0.6813 0.0990
vn -0.7210 0.6797 0.1347
vn -0.6273 0.7478 -0.2174
vn -0.5726 0.6800 -0.4581
vn -0.3654 0.7673 -0.5271
vn -0.4314 0.8457 -0.3142
vn -0.6601 0.7424 0.1144
vn -0.6624 0.7488 -0.0236
vn -0.5680 0.8198 -0.0727
vn -0.5635 0.8213 0.0897
vn -0.4591 0.8705 -0.1774
vn -0.4544 0.8485 -0.2712
vn -0.3622 0.8831 -0.2983
vn -0.3650 0.9089 -0.2015
vn -0.2944 0.8699 -0.3958
vn -0.2794 0.8457 -0.4547
vn -0.2025 0.8506 -0.4852
vn -0.2074 0.8825 -0.4221
vn -0.1274 0.8285 -0.5454
vn -0.1262 0.8049 -0.5798
vn -0.0855 0.8097 -0.5805
vn -0.0892 0.8279 -0.5538
vn -0.2084 0.9352 -0.2864
vn -0.2068 0.8748 -0.4382
vn 0.0681 0.8583 -0.5086
vn 0.0866 0.9385 -0.3342
vn 0.3440 0.7300 -0.5905
vn 0.3104 0.6396 -0.7032
vn 0.5093 0.5658 -0.6485
vn 0.5357 0.6426 -0.5477
vn 0.0367 0.5741 -0.8179
vn 0.0413 0.4907 -0.8703
vn 0.1429 0.4699 -0.8711
vn 0.1655 0.5543 -0.8157
vn 0.2833 0.8382 -0.4660
vn 0.3089 0.9099 -0.2769
vn 0.0801 0.9402 -0.3309
vn 0.0731 0.8447 -0.5302
vn 0.5943 0.6814 -0.4272
vn 0.6017 0.7025 -0.3802
vn 0.5626 0.7208 -0.4048
vn 0.5497 0.7047 -0.4486
vn 0.5715 0.7258 0.3829
vn 0.5586 0.7067 0.4341
vn 0.5102 0.7391 0.4397
vn 0.5260 0.7575 0.3866
vn -0.1336 0.8688 0.4768
vn -0.1266 0.8144 0.5664
vn -0.2597 0.8034 0.5359
vn -0.2746 0.8541 0.4417
vn -0.2284 0.6270 0.7447
vn -0.2366 0.6524 0.7200
vn -0.1783 0.6582 0.7314
vn -0.1733 0.6343 0.7534
vn 0.3471 0.7071 0.6161
vn 0.3042 0.6445 0.7015
vn 0.1313 0.6697 0.7309
vn 0.1611 0.7490 0.6427
vn -0.0187 0.8537 0.5205
vn -0.0263 0.7956 0.6052
vn -0.2336 0.7692 0.5948
vn -0.2442 0.8357 0.4919
vn -0.1838 0.7372 0.6502
vn -0.1804 0.7207 0.6693
vn -0.2107 0.7170 0.6645
vn -0.2149 0.7315 0.6471
vn -0.3121 0.8839 0.3483
vn -0.3025 0.8590 0.4131
vn -0.3693 0.8439 0.3893
vn -0.3817 0.8683 0.3167
vn -0.3779 0.8690 0.3193
vn -0.3813 0.8770 0.2925
vn -0.3532 0.8848 0.3038
vn -0.3497 0.8792 0.3236
vn -0.4269 0.8388 -0.3379
vn -0.4406 0.8705 -0.2193
vn -0.5407 0.8087 -0.2317
vn -0.5123 0.7858 -0.3464
vn -0.4896 0.8677 -0.0862
vn -0.4880 0.8720 0.0381
vn -0.5700 0.8212 0.0278
vn -0.5710 0.8152 -0.0971
vn -0.4728 0.6648 -0.5783
vn -0.4473 0.6201 -0.6445
vn -0.3654 0.6678 -0.6484
vn -0.3828 0.7161 -0.5836
vn -0.4682 0.6924 -0.5490
vn -0.4713 0.6952 -0.5428
vn -0.4776 0.6913 -0.5422
vn -0.4748 0.6884 -0.5484
vn -0.3287 0.7031 -0.6305
vn -0.2633 0.5904 -0.7629
vn -0.0585 0.6481 -0.7593
vn -0.0806 0.7705 -0.6323
vn -0.3729 0.5396 -0.7549
vn -0.4220 0.6414 -0.6407
vn -0.6120 0.5381 -0.5796
vn -0.5344 0.4574 -0.7108
vn -0.6962 0.6473 0.3103
vn -0.7336 0.6795 0.0134
vn -0.4932 0.8697 -0.0185
vn -0.4838 0.8161 0.3161
vn -0.0997 0.9936 0.0537
vn -0.1016 0.9463 0.3069
vn -0.3230 0.8855 0.3341
vn -0.3399 0.9368 0.0833
vn -0.3131 0.8026 0.5078
vn -0.3416 0.8766 0.3388
vn -0.1422 0.9460 0.2915
vn -0.1331 0.8654 0.4830
vn -0.4138 0.8488 0.3292
vn -0.3989 0.7970 0.4535
vn -0.5021 0.7302 0.4633
vn -0.5278 0.7734 0.3511
vn -0.5255 0.7548 0.3925
vn -0.5471 0.7886 0.2805
vn -0.4544 0.8485 0.2712
vn -0.4385 0.8119 0.3853
vn -0.0199 0.9240 0.3818
vn -0.0195 0.9305 0.3657
vn -0.0001 0.9327 0.3606
vn -0.0009 0.9261 0.3772
vn 0.0261 0.9583 0.2847
vn 0.0272 0.9652 0.2603
vn 0.0515 0.9643 0.2599
vn 0.0509 0.9574 0.2843
vn -0.3675 0.9131 0.1769
vn -0.3702 0.9267 0.0642
vn -0.2700 0.9612 0.0575
vn -0.2656 0.9471 0.1800
vn -0.2454 0.9694 -0.0031
vn -0.2445 0.9676 0.0631
vn -0.3116 0.9484 0.0589
vn -0.3110 0.9504 -0.0088
vn 0.0490 0.9974 -0.0525
vn 0.0486 0.9986 -0.0220
vn 0.0177 0.9995 -0.0244
vn 0.0189 0.9984 -0.0534
vn -0.0127 0.8540 -0.5202
vn -0.0166 0.8919 -0.4520
vn -0.1032 0.8878 -0.4486
vn -0.0990 0.8503 -0.5169
vn -0.3186 0.8675 -0.3821
vn -0.3220 0.8742 -0.3634
vn -0.3468 0.8667 -0.3585
vn -0.3428 0.8600 -0.3779
vn -0.3111 0.6349 -0.7072
vn -0.3447 0.7051 -0.6197
vn -0.4461 0.6710 -0.5922
vn -0.4234 0.6120 -0.6680
vn -0.0661 0.7270 -0.6835
vn -0.0545 0.6421 -0.7647
vn 0.0788 0.6320 -0.7710
vn 0.0665 0.7239 -0.6867
vn 0.0289 0.8521 -0.5225
vn 0.0162 0.9172 -0.3980
vn -0.1224 0.9077 -0.4013
vn -0.1227 0.8474 -0.5167
vn -0.4900 0.7934 -0.3612
vn -0.4836 0.7673 -0.4212
vn -0.4234 0.7970 -0.4308
vn -0.4335 0.8225 -0.3683
vn -0.4308 0.8649 -0.2577
vn -0.4333 0.8707 -0.2327
vn -0.4564 0.8597 -0.2294
vn -0.4545 0.8534 -0.2553
vn -0.1016 0.9899 -0.0989
vn -0.1093 0.9705 -0.2150
vn 0.0257 0.9785 -0.2048
vn 0.0243 0.9963 -0.0823
vn 0.1619 0.9835 0.0812
vn 0.1642 0.9844 -0.0630
vn 0.3062 0.9504 -0.0544
vn 0.3179 0.9439 0.0897
vn -0.4572 0.8775 -0.1447
vn -0.4561 0.8726 -0.1747
vn -0.4315 0.8858 -0.1707
vn -0.4333 0.8897 -0.1440
vn -0.3356 0.7069 0.6226
vn -0.3404 0.7181 0.6071
vn -0.3226 0.7259 0.6075
vn -0.3178 0.7130 0.6250
vn 0.2236 0.9611 0.1619
vn 0.2076 0.8524 0.4799
vn -0.2023 0.8372 0.5081
vn -0.1541 0.9667 0.2042
vn -0.2457 0.4422 0.8626
vn -0.2686 0.6505 0.7104
vn -0.0165 0.6933 0.7205
vn 0.0307 0.4925 0.8698
vn -0.2390 0.7765 0.5831
vn -0.2607 0.8440 0.4687
vn -0.0905 0.8755 0.4746
vn -0.0672 0.8049 0.5896
vn -0.0423 0.9361 0.3492
vn -0.0389 0.9256 0.3765
vn -0.0739 0.9236 0.3761
vn -0.0739 0.9343 0.3488
vn -0.0134 0.9400 0.3410
vn -0.0139 0.9408 0.3388
vn -0.0105 0.9408 0.3389
vn -0.0103 0.9399 0.3413
vn 0.0770 0.9345 0.3477
vn 0.0993 0.9810 0.1664
vn 0.2926 0.9458 0.1412
vn 0.2283 0.9205 0.3171
vn -0.0015 0.9984 -0.0565
vn 0.0083 0.9795 -0.2014
vn 0.1241 0.9690 -0.2138
vn 0.1223 0.9903 -0.0651
vn 0.1307 0.9659 -0.2234
vn 0.1347 0.9795 -0.1497
vn 0.0406 0.9860 -0.1616
vn 0.0333 0.9724 -0.2309
vn 0.4439 0.7539 -0.4842
vn 0.4253 0.8499 -0.3112
vn 0.2396 0.9074 -0.3453
vn 0.2418 0.8012 -0.5473
vn 0.0586 0.8702 -0.4892
vn 0.0650 0.9106 -0.4082
vn -0.0537 0.9118 -0.4070
vn -0.0660 0.8698 -0.4890
vn -0.0215 0.9273 -0.3736
vn -0.0216 0.9218 -0.3872
vn -0.0045 0.9221 -0.3870
vn -0.0075 0.9275 -0.3738
vn -0.1193 0.9574 -0.2629
vn -0.1672 0.9821 -0.0873
vn -0.3105 0.9481 -0.0684
vn -0.2787 0.9310 -0.2356
vn -0.2076 0.8229 -0.5288
vn -0.1909 0.8917 -0.4104
vn -0.3363 0.8619 -0.3796
vn -0.3433 0.7948 -0.5003
vn -0.2836 0.9589 0.0052
vn -0.3065 0.9391 -0.1555
vn -0.1677 0.9798 -0.1088
vn -0.1546 0.9876 0.0277
vn -0.4618 0.8715 -0.1651
vn -0.4915 0.8643 0.1073
vn -0.7018 0.7095 0.0637
vn -0.6601 0.7157 -0.2282
vn -0.6906 0.5417 0.4791
vn -0.7257 0.5841 0.3636
vn -0.6428 0.6642 0.3817
vn -0.6084 0.6263 0.4874
vn -0.1966 0.9750 0.1033
vn -0.1764 0.9201 0.3497
vn -0.4029 0.8257 0.3949
vn -0.4188 0.8991 0.1273
vn -0.7598 0.6471 0.0630
vn -0.7452 0.6157 -0.2562
vn -0.5412 0.7802 -0.3137
vn -0.5847 0.8088 0.0628
vn -0.3394 0.7789 -0.5274
vn -0.3401 0.7800 -0.5254
vn -0.3421 0.7793 -0.5250
vn -0.3414 0.7782 -0.5270
vn -0.4344 0.8288 0.3527
vn -0.4341 0.8280 0.3551
vn -0.4364 0.8269 0.3546
vn -0.4367 0.8277 0.3523
vn -0.3898 0.7645 0.5135
vn -0.4043 0.8177 0.4097
vn -0.2927 0.8554 0.4274
vn -0.2773 0.7977 0.5355
vn -0.1593 0.6063 0.7791
vn -0.1602 0.6094 0.7765
vn -0.1550 0.6099 0.7772
vn -0.1538 0.6068 0.7799
vn -0.2842 0.6132 0.7370
vn -0.3031 0.6516 0.6954
vn -0.2256 0.6681 0.7091
vn -0.2087 0.6264 0.7511
vn -0.2042 0.7884 0.5803
vn -0.2101 0.8054 0.5542
vn -0.1695 0.8114 0.5594
vn -0.1646 0.7940 0.5852
vn -0.1983 0.7533 0.6270
vn -0.2056 0.7700 0.6040
vn -0.1664 0.7755 0.6090
vn -0.1605 0.7580 0.6322
vn -0.1525 0.8873 0.4352
vn -0.1571 0.9061 0.3928
vn -0.1017 0.9133 0.3944
vn -0.1007 0.8943 0.4359
vn -0.1065 0.9457 0.3070
vn -0.1156 0.9790 0.1679
vn 0.0445 0.9851 0.1664
vn 0.0493 0.9507 0.3063
vn 0.1018 0.9402 0.3251
vn 0.1017 0.9217 0.3743
vn 0.0485 0.9262 0.3738
vn 0.0492 0.9451 0.3231
vn -0.1089 0.9816 0.1570
vn -0.1119 0.9638 0.2421
vn -0.1834 0.9540 0.2370
vn -0.1799 0.9708 0.1586
vn -0.1887 0.9677 0.1669
vn -0.1859 0.9760 0.1133
vn -0.1300 0.9849 0.1142
vn -0.1321 0.9754 0.1764
vn -0.0571 0.9870 0.1505
vn -0.0601 0.9541 0.2935
vn -0.2168 0.9306 0.2949
vn -0.2128 0.9644 0.1572
vn -0.2585 0.9559 0.1392
vn -0.2579 0.9615 0.0949
vn -0.2195 0.9704 0.1009
vn -0.2165 0.9660 0.1411
vn -0.1775 0.9803 -0.0865
vn -0.1828 0.9798 0.0815
vn -0.3424 0.9354 0.0887
vn -0.3391 0.9382 -0.0690
vn -0.3775 0.9189 0.1142
vn -0.3779 0.9249 0.0416
vn -0.3105 0.9495 0.0451
vn -0.3110 0.9432 0.1164
vn -0.2244 0.9740 0.0318
vn -0.2213 0.9726 0.0710
vn -0.2560 0.9637 0.0752
vn -0.2578 0.9657 0.0318
vn -0.2878 0.9561 -0.0553
vn -0.2881 0.9571 -0.0319
vn -0.3104 0.9501 -0.0311
vn -0.3098 0.9492 -0.0548
vn -0.2650 0.9636 -0.0369
vn -0.2641 0.9628 -0.0572
vn -0.2460 0.9676 -0.0572
vn -0.2464 0.9685 -0.0368
vn -0.2737 0.9288 -0.2498
vn -0.2806 0.9472 -0.1555
vn -0.3631 0.9203 -0.1457
vn -0.3529 0.9056 -0.2354
vn -0.3794 0.9247 -0.0315
vn -0.3832 0.9170 0.1112
vn -0.5064 0.8524 0.1308
vn -0.4971 0.8675 -0.0174
vn -0.5261 0.8222 -0.2171
vn -0.5292 0.8243 -0.2011
vn -0.5407 0.8170 -0.2004
vn -0.5390 0.8146 -0.2141
vn -0.3930 0.8149 -0.4259
vn -0.4192 0.8517 -0.3146
vn -0.4970 0.8193 -0.2861
vn -0.4728 0.7914 -0.3875
vn -0.4852 0.6892 -0.5381
vn -0.5216 0.7314 -0.4393
vn -0.5973 0.6874 -0.4130
vn -0.5618 0.6494 -0.5125
vn -0.5434 0.7577 -0.3615
vn -0.5526 0.7732 -0.3112
vn -0.5878 0.7483 -0.3073
vn -0.5795 0.7350 -0.3519
vn -0.6508 0.7459 -0.1417
vn -0.6562 0.7545 -0.0133
vn -0.7199 0.6940 -0.0070
vn -0.7094 0.6911 -0.1382
vn -0.6552 0.7553 0.0165
vn -0.6544 0.7434 -0.1386
vn -0.5980 0.7886 -0.1432
vn -0.5883 0.8087 0.0005
vn -0.5678 0.8123 0.1333
vn -0.5256 0.7970 0.2976
vn -0.6237 0.7406 0.2500
vn -0.6550 0.7517 0.0769
vn -0.7107 0.6667 0.2245
vn -0.7215 0.6865 0.0908
vn -0.6446 0.7564 0.1114
vn -0.6278 0.7333 0.2610
vn -0.5257 0.7006 0.4825
vn -0.5240 0.6986 0.4872
vn -0.5287 0.6960 0.4858
vn -0.5308 0.6980 0.4806
vn -0.6202 0.6612 0.4220
vn -0.6157 0.6577 0.4340
vn -0.6254 0.6523 0.4283
vn -0.6304 0.6563 0.4145
vn -0.4413 0.5861 0.6795
vn -0.4916 0.6483 0.5814
vn -0.3396 0.7281 0.5955
vn -0.3143 0.6564 0.6858
vn -0.4466 0.7800 0.4383
vn -0.5023 0.8453 0.1820
vn -0.2216 0.9527 0.2079
vn -0.2096 0.8677 0.4508
vn -0.0722 0.9963 -0.0472
vn -0.0725 0.9965 -0.0411
vn -0.0782 0.9961 -0.0413
vn -0.0780 0.9958 -0.0478
vn -0.2778 0.9501 -0.1419
vn -0.2820 0.9543 -0.0990
vn -0.3134 0.9438 -0.1049
vn -0.3100 0.9384 -0.1525
vn -0.3141 0.9458 -0.0829
vn -0.3121 0.9419 -0.1244
vn -0.2700 0.9546 -0.1255
vn -0.2723 0.9588 -0.0805
vn -0.0992 0.9855 -0.1378
vn -0.0990 0.9898 -0.1026
vn -0.1415 0.9853 -0.0953
vn -0.1435 0.9805 -0.1341
vn -0.1472 0.9636 -0.2231
vn -0.1490 0.9517 -0.2685
vn -0.0950 0.9589 -0.2674
vn -0.0944 0.9700 -0.2241
vn -0.1943 0.9800 -0.0428
vn -0.1901 0.9704 -0.1489
vn -0.0927 0.9832 -0.1574
vn -0.0941 0.9937 -0.0607
vn -0.0929 0.9382 -0.3335
vn -0.0955 0.9657 -0.2413
vn -0.1923 0.9514 -0.2408
vn -0.1863 0.9234 -0.3357
vn -0.0783 0.9796 -0.1848
vn -0.0785 0.9824 -0.1695
vn -0.0953 0.9808 -0.1699
vn -0.0948 0.9782 -0.1849
vn -0.0950 0.9932 -0.0669
vn -0.0944 0.9915 -0.0896
vn -0.0708 0.9936 -0.0884
vn -0.0711 0.9953 -0.0663
vn -0.2600 0.9612 -0.0916
vn -0.2603 0.9631 -0.0678
vn -0.2794 0.9578 -0.0670
vn -0.2796 0.9560 -0.0889
vn -0.2352 0.9707 0.0489
vn -0.2408 0.9680 -0.0702
vn -0.1457 0.9869 -0.0694
vn -0.1380 0.9892 0.0486
vn -0.0367 0.9889 -0.1443
vn -0.0362 0.9817 -0.1868
vn 0.0101 0.9824 -0.1866
vn 0.0093 0.9897 -0.1431
vn 0.0715 0.9901 -0.1208
vn 0.0724 0.9785 -0.1930
vn 0.1409 0.9707 -0.1948
vn 0.1411 0.9817 -0.1277
vn -0.0889 0.9954 -0.0342
vn -0.0900 0.9946 -0.0514
vn -0.0724 0.9960 -0.0527
vn -0.0716 0.9969 -0.0329
vn 0.0058 0.9827 -0.1853
vn 0.0097 0.9475 -0.3197
vn 0.1287 0.9454 -0.2994
vn 0.1180 0.9758 -0.1842
vn 0.1411 0.9341 -0.3278
vn 0.1452 0.9516 -0.2710
vn 0.0855 0.9573 -0.2761
vn 0.0751 0.9369 -0.3413
vn 0.0924 0.9937 -0.0632
vn 0.0922 0.9937 -0.0642
vn 0.0934 0.9936 -0.0642
vn 0.0935 0.9936 -0.0632
vn 0.1313 0.9784 -0.1596
vn 0.1243 0.9877 -0.0950
vn 0.0612 0.9939 -0.0917
vn 0.0641 0.9844 -0.1637
vn -0.0358 0.9826 -0.1825
vn -0.0402 0.9971 -0.0649
vn -0.1877 0.9801 -0.0643
vn -0.1721 0.9661 -0.1925
vn 0.0794 0.9968 0.0091
vn 0.0792 0.9962 0.0364
vn 0.0526 0.9979 0.0380
vn 0.0521 0.9986 0.0105
vn 0.0261 0.9929 -0.1163
vn 0.0265 0.9945 -0.1011
vn 0.0093 0.9948 -0.1010
vn 0.0092 0.9931 -0.1168
vn -0.2486 0.9643 -0.0910
vn -0.2456 0.9620 -0.1191
vn -0.2195 0.9682 -0.1203
vn -0.2200 0.9708 -0.0959
vn -0.1520 0.8820 -0.4460
vn -0.1351 0.8291 -0.5425
vn -0.0178 0.8352 -0.5496
vn -0.0530 0.8890 -0.4549
vn -0.0798 0.8416 -0.5342
vn -0.0752 0.9156 -0.3951
vn -0.2189 0.8941 -0.3908
vn -0.2322 0.8205 -0.5223
vn -0.2707 0.9199 -0.2837
vn -0.2699 0.9220 -0.2778
vn -0.2770 0.9200 -0.2772
vn -0.2772 0.9181 -0.2832
vn -0.0720 0.9194 -0.3867
vn -0.0971 0.9413 -0.3233
vn -0.1608 0.9336 -0.3201
vn -0.1402 0.9141 -0.3804
vn -0.2307 0.9336 -0.2741
vn -0.2477 0.9473 -0.2033
vn -0.3017 0.9316 -0.2027
vn -0.2898 0.9158 -0.2782
vn -0.2743 0.9451 -0.1778
vn -0.2742 0.9425 -0.1908
vn -0.2616 0.9461 -0.1908
vn -0.2621 0.9485 -0.1781
vn -0.2613 0.9639 -0.0514
vn -0.2613 0.9640 -0.0483
vn -0.2641 0.9633 -0.0482
vn -0.2640 0.9632 -0.0512
vn -0.3280 0.9446 0.0071
vn -0.3269 0.9446 -0.0297
vn -0.2943 0.9552 -0.0320
vn -0.2953 0.9554 0.0054
vn -0.2340 0.9449 -0.2289
vn -0.2272 0.9260 -0.3014
vn -0.1606 0.9401 -0.3008
vn -0.1669 0.9595 -0.2268
vn -0.2250 0.9081 -0.3531
vn -0.2212 0.8962 -0.3846
vn -0.1913 0.9030 -0.3847
vn -0.1942 0.9151 -0.3533
vn -0.2540 0.9059 -0.3388
vn -0.2540 0.9440 -0.2108
vn -0.4470 0.8868 -0.1175
vn -0.4799 0.8319 -0.2787
vn -0.0548 0.9794 -0.1942
vn -0.0420 0.9368 -0.3473
vn 0.1251 0.9324 -0.3392
vn 0.1122 0.9767 -0.1828
vn 0.1943 0.9169 -0.3485
vn 0.1941 0.9274 -0.3197
vn 0.1685 0.9327 -0.3189
vn 0.1660 0.9237 -0.3453
vn -0.3934 0.8209 -0.4139
vn -0.4336 0.6023 -0.6703
vn 0.0401 0.7660 -0.6416
vn 0.0834 0.9026 -0.4224
vn 0.2997 0.8943 -0.3323
vn 0.2840 0.8548 -0.4343
vn 0.3953 0.8185 -0.4170
vn 0.4144 0.8533 -0.3164
vn 0.2463 0.9662 -0.0766
vn 0.2331 0.9484 -0.2148
vn 0.3610 0.9109 -0.2000
vn 0.3704 0.9270 -0.0592
vn 0.4200 0.9070 0.0311
vn 0.4194 0.9057 0.0616
vn 0.3962 0.9160 0.0633
vn 0.3967 0.9174 0.0327
vn 0.5835 0.8101 -0.0563
vn 0.5572 0.7833 -0.2755
vn 0.6830 0.6914 -0.2356
vn 0.7072 0.7053 -0.0504
vn 0.7567 0.6529 0.0336
vn 0.7566 0.6538 0.0122
vn 0.7658 0.6430 0.0129
vn 0.7658 0.6422 0.0340
vn 0.4256 0.8815 0.2044
vn 0.4265 0.9004 0.0859
vn 0.5018 0.8608 0.0852
vn 0.5092 0.8381 0.1957
vn 0.5734 0.7574 0.3123
vn 0.5745 0.7785 0.2529
vn 0.6305 0.7408 0.2316
vn 0.6258 0.7211 0.2972
vn 0.7119 0.6622 0.2340
vn 0.6737 0.6246 0.3951
vn 0.5634 0.6931 0.4498
vn 0.6065 0.7413 0.2873
vn 0.4960 0.7465 0.4436
vn 0.4858 0.7308 0.4795
vn 0.4493 0.7488 0.4872
vn 0.4565 0.7691 0.4473
vn 0.6323 0.6597 0.4063
vn 0.6313 0.6581 0.4104
vn 0.6282 0.6606 0.4110
vn 0.6293 0.6619 0.4073
vt 0.660714 0.738095
vt 0.663691 0.738095
vt 0.663691 0.741071
vt 0.660714 0.741071
vt 0.666667 0.738095
vt 0.666667 0.741071
vt 0.666667 0.744048
vt 0.663691 0.744048
vt 0.660714 0.744048
vt 0.669643 0.738095
vt 0.669643 0.741071
vt 0.672619 0.738095
vt 0.672619 0.741071
vt 0.672619 0.744048
vt 0.669643 0.744048
vt 0.669643 0.747024
vt 0.666667 0.747024
vt 0.672619 0.747024
vt 0.672619 0.750000
vt 0.669643 0.750000
vt 0.666667 0.750000
vt 0.663691 0.747024
vt 0.660714 0.747024
vt 0.663691 0.750000
vt 0.660714 0.750000
vt 0.636905 0.738095
vt 0.639881 0.738095
vt 0.639881 0.741071
vt 0.636905 0.741071
vt 0.642857 0.738095
vt 0.642857 0.741071
vt 0.642857 0.744048
vt 0.639881 0.744048
vt 0.636905 0.744048
vt 0.645833 0.738095
vt 0.645833 0.741071
vt 0.648810 0.738095
vt 0.648810 0.741071
vt 0.648810 0.744048
vt 0.645833 0.744048
vt 0.645833 0.747024
vt 0.642857 0.747024
vt 0.648810 0.747024
vt 0.648810 0.750000
vt 0.645833 0.750000
vt 0.642857 0.750000
vt 0.639881 0.747024
vt 0.636905 0.747024
vt 0.639881 0.750000
vt 0.636905 0.750000
vt 0.625000 0.738095
vt 0.627976 0.738095
vt 0.627976 0.741071
vt 0.625000 0.741072
vt 0.630952 0.738095
vt 0.630952 0.741071
vt 0.630952 0.744048
vt 0.627976 0.744048
vt 0.625000 0.744048
vt 0.633929 0.738095
vt 0.633929 0.741071
vt 0.633929 0.744048
vt 0.633929 0.747024
vt 0.630952 0.747024
vt 0.633929 0.750000
vt 0.630952 0.750000
vt 0.627976 0.747024
vt 0.625000 0.747024
vt 0.627976 0.750000
vt 0.625000 0.750000
vt 0.651786 0.738095
vt 0.651786 0.741071
vt 0.654762 0.738095
vt 0.654762 0.741071
vt 0.654762 0.744048
vt 0.651786 0.744048
vt 0.657738 0.738095
vt 0.657738 0.741071
vt 0.657738 0.744048
vt 0.657738 0.747024
vt 0.654762 0.747024
vt 0.657738 0.750000
vt 0.654762 0.750000
vt 0.651786 0.747024
vt 0.651786 0.750000
vt 0.675595 0.738095
vt 0.675595 0.741071
vt 0.678571 0.738095
vt 0.678571 0.741071
vt 0.678571 0.744048
vt 0.675595 0.744048
vt 0.681548 0.738095
vt 0.681548 0.741071
vt 0.684524 0.738095
vt 0.684524 0.741071
vt 0.684524 0.744048
vt 0.681548 0.744048
vt 0.681548 0.747024
vt 0.678571 0.747024
vt 0.684524 0.747024
vt 0.684524 0.750000
vt 0.681548 0.750000
vt 0.678571 0.750000
vt 0.675595 0.747024
vt 0.675595 0.750000
vt 0.863095 0.738095
vt 0.866072 0.738095
vt 0.866072 0.741071
vt 0.863095 0.741071
vt 0.869048 0.738095
vt 0.869048 0.741071
vt 0.869048 0.744048
vt 0.866072 0.744048
vt 0.863095 0.744048
vt 0.872024 0.738095
vt 0.872024 0.741071
vt 0.875000 0.738095
vt 0.875000 0.741072
vt 0.875000 0.744048
vt 0.872024 0.744048
vt 0.872024 0.747024
vt 0.869048 0.747024
vt 0.875000 0.747024
vt 0.875000 0.750000
vt 0.872024 0.750000
vt 0.869048 0.750000
vt 0.866072 0.747024
vt 0.863095 0.747024
vt 0.866072 0.750000
vt 0.863095 0.750000
vt 0.687500 0.738095
vt 0.687500 0.741071
vt 0.690476 0.738095
vt 0.690476 0.741071
vt 0.690476 0.744048
vt 0.687500 0.744048
vt 0.693452 0.738095
vt 0.693452 0.741071
vt 0.696429 0.738095
vt 0.696429 0.741071
vt 0.696429 0.744048
vt 0.693452 0.744048
vt 0.693452 0.747024
vt 0.690476 0.747024
vt 0.696429 0.747024
vt 0.696429 0.750000
vt 0.693452 0.750000
vt 0.690476 0.750000
vt 0.687500 0.747024
vt 0.687500 0.750000
vt 0.699405 0.738095
vt 0.699405 0.741071
vt 0.702381 0.738095
vt 0.702381 0.741071
vt 0.702381 0.744048
vt 0.699405 0.744048
vt 0.705357 0.738095
vt 0.705357 0.741071
vt 0.708333 0.738095
vt 0.708333 0.741071
vt 0.708333 0.744048
vt 0.705357 0.744048
vt 0.705357 0.747024
vt 0.702381 0.747024
vt 0.708333 0.747024
vt 0.708333 0.750000
vt 0.705357 0.750000
vt 0.702381 0.750000
vt 0.699405 0.747024
vt 0.699405 0.750000
vt 0.711309 0.738095
vt 0.711310 0.741071
vt 0.714286 0.738095
vt 0.714286 0.741071
vt 0.714286 0.744048
vt 0.711310 0.744048
vt 0.717262 0.738095
vt 0.717262 0.741071
vt 0.720238 0.738095
vt 0.720238 0.741071
vt 0.720238 0.744048
vt 0.717262 0.744048
vt 0.717262 0.747024
vt 0.714286 0.747024
vt 0.720238 0.747024
vt 0.720238 0.750000
vt 0.717262 0.750000
vt 0.714286 0.750000
vt 0.711310 0.747024
vt 0.711310 0.750000
vt 0.723214 0.738095
vt 0.723214 0.741071
vt 0.726190 0.738095
vt 0.726190 0.741071
vt 0.726191 0.744048
vt 0.723214 0.744048
vt 0.729167 0.738095
vt 0.729167 0.741071
vt 0.732143 0.738095
vt 0.732143 0.741071
vt 0.732143 0.744048
vt 0.729167 0.744048
vt 0.729167 0.747024
vt 0.726191 0.747024
vt 0.732143 0.747024
vt 0.732143 0.750000
vt 0.729167 0.750000
vt 0.726191 0.750000
vt 0.723214 0.747024
vt 0.723214 0.750000
vt 0.735119 0.738095
vt 0.735119 0.741071
vt 0.738095 0.738095
vt 0.738095 0.741071
vt 0.738095 0.744048
vt 0.735119 0.744048
vt 0.741071 0.738095
vt 0.741071 0.741071
vt 0.744048 0.738095
vt 0.744048 0.741071
vt 0.744048 0.744048
vt 0.741071 0.744048
vt 0.741071 0.747024
vt 0.738095 0.747024
vt 0.744048 0.747024
vt 0.744048 0.750000
vt 0.741071 0.750000
vt 0.738095 0.750000
vt 0.735119 0.747024
vt 0.735119 0.750000
vt 0.747024 0.738095
vt 0.747024 0.741071
vt 0.750000 0.738095
vt 0.750000 0.741071
vt 0.750000 0.744048
vt 0.747024 0.744048
vt 0.752976 0.738095
vt 0.752976 0.741071
vt 0.755952 0.738095
vt 0.755952 0.741071
vt 0.755952 0.744048
vt 0.752976 0.744048
vt 0.752976 0.747024
vt 0.750000 0.747024
vt 0.755952 0.747024
vt 0.755952 0.750000
vt 0.752976 0.750000
vt 0.750000 0.750000
vt 0.747024 0.747024
vt 0.747024 0.750000
vt 0.758929 0.738095
vt 0.758929 0.741071
vt 0.761905 0.738095
vt 0.761905 0.741071
vt 0.761905 0.744048
vt 0.758929 0.744048
vt 0.764881 0.738095
vt 0.764881 0.741071
vt 0.767857 0.738095
vt 0.767857 0.741071
vt 0.767857 0.744048
vt 0.764881 0.744048
vt 0.764881 0.747024
vt 0.761905 0.747024
vt 0.767857 0.747024
vt 0.767857 0.750000
vt 0.764881 0.750000
vt 0.761905 0.750000
vt 0.758929 0.747024
vt 0.758929 0.750000
vt 0.770833 0.738095
vt 0.770833 0.741071
vt 0.773809 0.738095
vt 0.773810 0.741071
vt 0.773810 0.744048
vt 0.770833 0.744048
vt 0.776786 0.738095
vt 0.776786 0.741071
vt 0.779762 0.738095
vt 0.779762 0.741071
vt 0.779762 0.744048
vt 0.776786 0.744048
vt 0.776786 0.747024
vt 0.773810 0.747024
vt 0.779762 0.747024
vt 0.779762 0.750000
vt 0.776786 0.750000
vt 0.773810 0.750000
vt 0.770833 0.747024
vt 0.770833 0.750000
vt 0.782738 0.738095
vt 0.782738 0.741071
vt 0.785714 0.738095
vt 0.785714 0.741071
vt 0.785714 0.744048
vt 0.782738 0.744048
vt 0.788691 0.738095
vt 0.788691 0.741071
vt 0.791667 0.738095
vt 0.791667 0.741071
vt 0.791667 0.744048
vt 0.788691 0.744048
vt 0.788691 0.747024
vt 0.785714 0.747024
vt 0.791667 0.747024
vt 0.791667 0.750000
vt 0.788691 0.750000
vt 0.785714 0.750000
vt 0.782738 0.747024
vt 0.782738 0.750000
vt 0.794643 0.738095
vt 0.794643 0.741071
vt 0.797619 0.738095
vt 0.797619 0.741071
vt 0.797619 0.744048
vt 0.794643 0.744048
vt 0.800595 0.738095
vt 0.800595 0.741071
vt 0.803571 0.738095
vt 0.803571 0.741071
vt 0.803572 0.744048
vt 0.800595 0.744048
vt 0.800595 0.747024
vt 0.797619 0.747024
vt 0.803571 0.747024
vt 0.803571 0.750000
vt 0.800595 0.750000
vt 0.797619 0.750000
vt 0.794643 0.747024
vt 0.794643 0.750000
vt 0.806548 0.738095
vt 0.806548 0.741071
vt 0.809524 0.738095
vt 0.809524 0.741071
vt 0.809524 0.744048
vt 0.806548 0.744048
vt 0.812500 0.738095
vt 0.812500 0.741071
vt 0.815476 0.738095
vt 0.815476 0.741071
vt 0.815476 0.744048
vt 0.812500 0.744048
vt 0.812500 0.747024
vt 0.809524 0.747024
vt 0.815476 0.747024
vt 0.815476 0.750000
vt 0.812500 0.750000
vt 0.809524 0.750000
vt 0.806548 0.747024
vt 0.806548 0.750000
vt 0.818452 0.738095
vt 0.818452 0.741071
vt 0.821429 0.738095
vt 0.821429 0.741071
vt 0.821429 0.744048
vt 0.818452 0.744048
vt 0.824405 0.738095
vt 0.824405 0.741071
vt 0.827381 0.738095
vt 0.827381 0.741071
vt 0.827381 0.744048
vt 0.824405 0.744048
vt 0.824405 0.747024
vt 0.821429 0.747024
vt 0.827381 0.747024
vt 0.827381 0.750000
vt 0.824405 0.750000
vt 0.821429 0.750000
vt 0.818452 0.747024
vt 0.818452 0.750000
vt 0.830357 0.738095
vt 0.830357 0.741071
vt 0.833334 0.738095
vt 0.833333 0.741071
vt 0.833333 0.744048
vt 0.830357 0.744048
vt 0.836310 0.738095
vt 0.836310 0.741071
vt 0.839286 0.738095
vt 0.839286 0.741071
vt 0.839286 0.744048
vt 0.836310 0.744048
vt 0.836310 0.747024
vt 0.833333 0.747024
vt 0.839286 0.747024
vt 0.839286 0.750000
vt 0.836310 0.750000
vt 0.833333 0.750000
vt 0.830357 0.747024
vt 0.830357 0.750000
vt 0.842262 0.738095
vt 0.842262 0.741071
vt 0.845238 0.738095
vt 0.845238 0.741071
vt 0.845238 0.744048
vt 0.842262 0.744048
vt 0.848215 0.738095
vt 0.848214 0.741071
vt 0.851191 0.738095
vt 0.851191 0.741071
vt 0.851191 0.744048
vt 0.848214 0.744048
vt 0.848214 0.747024
vt 0.845238 0.747024
vt 0.851191 0.747024
vt 0.851191 0.750000
vt 0.848214 0.750000
vt 0.845238 0.750000
vt 0.842262 0.747024
vt 0.842262 0.750000
vt 0.854167 0.738095
vt 0.854167 0.741071
vt 0.857143 0.738095
vt 0.857143 0.741071
vt 0.857143 0.744048
vt 0.854167 0.744048
vt 0.860119 0.738095
vt 0.860119 0.741071
vt 0.860119 0.744048
vt 0.860119 0.747024
vt 0.857143 0.747024
vt 0.860119 0.750000
vt 0.857143 0.750000
vt 0.854167 0.747024
vt 0.854167 0.750000
vt 0.851191 0.500000
vt 0.854167 0.500000
vt 0.854167 0.502976
vt 0.851191 0.502976
vt 0.857143 0.500000
vt 0.857143 0.502976
vt 0.857143 0.505952
vt 0.854167 0.505952
vt 0.851191 0.505952
vt 0.860119 0.500000
vt 0.860119 0.502976
vt 0.863095 0.500000
vt 0.863095 0.502976
vt 0.863095 0.505952
vt 0.860119 0.505952
vt 0.860119 0.508929
vt 0.857143 0.508929
vt 0.863095 0.508929
vt 0.863095 0.511905
vt 0.860119 0.511905
vt 0.857143 0.511905
vt 0.854167 0.508929
vt 0.851191 0.508929
vt 0.854167 0.511905
vt 0.851191 0.511905
vt 0.854167 0.514881
vt 0.851191 0.514881
vt 0.857143 0.514881
vt 0.857143 0.517857
vt 0.854167 0.517857
vt 0.851191 0.517857
vt 0.860119 0.514881
vt 0.863095 0.514881
vt 0.863095 0.517857
vt 0.860119 0.517857
vt 0.860119 0.520833
vt 0.857143 0.520833
vt 0.863095 0.520833
vt 0.863095 0.523810
vt 0.860119 0.523810
vt 0.857143 0.523810
vt 0.854167 0.520833
vt 0.851191 0.520833
vt 0.854167 0.523810
vt 0.851191 0.523810
vt 0.854167 0.526786
vt 0.851191 0.526786
vt 0.857143 0.526786
vt 0.857143 0.529762
vt 0.854167 0.529762
vt 0.851191 0.529762
vt 0.860119 0.526786
vt 0.863095 0.526786
vt 0.863095 0.529762
vt 0.860119 0.529762
vt 0.860119 0.532738
vt 0.857143 0.532738
vt 0.863095 0.532738
vt 0.863095 0.535714
vt 0.860119 0.535714
vt 0.857143 0.535714
vt 0.854167 0.532738
vt 0.851191 0.532738
vt 0.854167 0.535714
vt 0.851191 0.535714
vt 0.854167 0.538691
vt 0.851191 0.538691
vt 0.857143 0.538691
vt 0.857143 0.541667
vt 0.854167 0.541667
vt 0.851191 0.541667
vt 0.860119 0.538691
vt 0.863095 0.538691
vt 0.863095 0.541667
vt 0.860119 0.541667
vt 0.860119 0.544643
vt 0.857143 0.544643
vt 0.863095 0.544643
vt 0.863095 0.547619
vt 0.860119 0.547619
vt 0.857143 0.547619
vt 0.854167 0.544643
vt 0.851191 0.544643
vt 0.854167 0.547619
vt 0.851191 0.547619
vt 0.854167 0.550595
vt 0.851191 0.550595
vt 0.857143 0.550595
vt 0.857143 0.553572
vt 0.854167 0.553572
vt 0.851191 0.553572
vt 0.860119 0.550595
vt 0.863095 0.550595
vt 0.863095 0.553572
vt 0.860119 0.553572
vt 0.860119 0.556548
vt 0.857143 0.556548
vt 0.863095 0.556548
vt 0.863095 0.559524
vt 0.860119 0.559524
vt 0.857143 0.559524
vt 0.854167 0.556548
vt 0.851191 0.556548
vt 0.854167 0.559524
vt 0.851191 0.559524
vt 0.854167 0.562500
vt 0.851191 0.562500
vt 0.857143 0.562500
vt 0.857143 0.565476
vt 0.854167 0.565476
vt 0.851191 0.565476
vt 0.860119 0.562500
vt 0.863095 0.562500
vt 0.863095 0.565476
vt 0.860119 0.565476
vt 0.860119 0.568453
vt 0.857143 0.568453
vt 0.863095 0.568453
vt 0.863095 0.571429
vt 0.860119 0.571429
vt 0.857143 0.571429
vt 0.854167 0.568453
vt 0.851191 0.568453
vt 0.854167 0.571429
vt 0.851191 0.571429
vt 0.854167 0.574405
vt 0.851191 0.574405
vt 0.857143 0.574405
vt 0.857143 0.577381
vt 0.854167 0.577381
vt 0.851191 0.577381
vt 0.860119 0.574405
vt 0.863095 0.574405
vt 0.863095 0.577381
vt 0.860119 0.577381
vt 0.860119 0.580357
vt 0.857143 0.580357
vt 0.863095 0.580357
vt 0.863095 0.583333
vt 0.860119 0.583333
vt 0.857143 0.583333
vt 0.854167 0.580357
vt 0.851191 0.580357
vt 0.854167 0.583333
vt 0.851191 0.583333
vt 0.854167 0.586310
vt 0.851191 0.586310
vt 0.857143 0.586310
vt 0.857143 0.589286
vt 0.854167 0.589286
vt 0.851191 0.589286
vt 0.860119 0.586310
vt 0.863095 0.586310
vt 0.863095 0.589286
vt 0.860119 0.589286
vt 0.860119 0.592262
vt 0.857143 0.592262
vt 0.863095 0.592262
vt 0.863095 0.595238
vt 0.860119 0.595238
vt 0.857143 0.595238
vt 0.854167 0.592262
vt 0.851191 0.592262
vt 0.854167 0.595238
vt 0.851191 0.595238
vt 0.854167 0.598214
vt 0.851191 0.598214
vt 0.857143 0.598214
vt 0.857143 0.601191
vt 0.854167 0.601191
vt 0.851191 0.601191
vt 0.860119 0.598214
vt 0.863095 0.598214
vt 0.863095 0.601191
vt 0.860119 0.601191
vt 0.860119 0.604167
vt 0.857143 0.604167
vt 0.863095 0.604167
vt 0.863095 0.607143
vt 0.860119 0.607143
vt 0.857143 0.607143
vt 0.854167 0.604167
vt 0.851191 0.604167
vt 0.854167 0.607143
vt 0.851191 0.607143
vt 0.854167 0.610119
vt 0.851191 0.610119
vt 0.857143 0.610119
vt 0.857143 0.613095
vt 0.854167 0.613095
vt 0.851191 0.613095
vt 0.860119 0.610119
vt 0.863095 0.610119
vt 0.863095 0.613095
vt 0.860119 0.613095
vt 0.860119 0.616072
vt 0.857143 0.616072
vt 0.863095 0.616072
vt 0.863095 0.619048
vt 0.860119 0.619048
vt 0.857143 0.619048
vt 0.854167 0.616072
vt 0.851191 0.616072
vt 0.854167 0.619048
vt 0.851191 0.619048
vt 0.854167 0.622024
vt 0.851191 0.622024
vt 0.857143 0.622024
vt 0.857143 0.625000
vt 0.854167 0.625000
vt 0.851191 0.625000
vt 0.860119 0.622024
vt 0.863095 0.622024
vt 0.863095 0.625000
vt 0.860119 0.625000
vt 0.860119 0.627976
vt 0.857143 0.627976
vt 0.863095 0.627976
vt 0.863095 0.630952
vt 0.860119 0.630952
vt 0.857143 0.630952
vt 0.854167 0.627976
vt 0.851191 0.627976
vt 0.854167 0.630952
vt 0.851191 0.630952
vt 0.854167 0.633929
vt 0.851191 0.633929
vt 0.857143 0.633929
vt 0.857143 0.636905
vt 0.854167 0.636905
vt 0.851191 0.636905
vt 0.860119 0.633929
vt 0.863095 0.633929
vt 0.863095 0.636905
vt 0.860119 0.636905
vt 0.860119 0.639881
vt 0.857143 0.639881
vt 0.863095 0.639881
vt 0.863095 0.642857
vt 0.860119 0.642857
vt 0.857143 0.642857
vt 0.854167 0.639881
vt 0.851191 0.639881
vt 0.854167 0.642857
vt 0.851191 0.642857
vt 0.854167 0.645833
vt 0.851191 0.645833
vt 0.857143 0.645833
vt 0.857143 0.648810
vt 0.854167 0.648810
vt 0.851191 0.648810
vt 0.860119 0.645833
vt 0.863095 0.645833
vt 0.863095 0.648810
vt 0.860119 0.648810
vt 0.860119 0.651786
vt 0.857143 0.651786
vt 0.863095 0.651786
vt 0.863095 0.654762
vt 0.860119 0.654762
vt 0.857143 0.654762
vt 0.854167 0.651786
vt 0.851191 0.651786
vt 0.854167 0.654762
vt 0.851191 0.654762
vt 0.854167 0.657738
vt 0.851191 0.657738
vt 0.857143 0.657738
vt 0.857143 0.660714
vt 0.854167 0.660714
vt 0.851191 0.660714
vt 0.860119 0.657738
vt 0.863095 0.657738
vt 0.863095 0.660714
vt 0.860119 0.660714
vt 0.860119 0.663691
vt 0.857143 0.663691
vt 0.863095 0.663691
vt 0.863095 0.666667
vt 0.860119 0.666667
vt 0.857143 0.666667
vt 0.854167 0.663691
vt 0.851191 0.663691
vt 0.854167 0.666667
vt 0.851191 0.666667
vt 0.854167 0.669643
vt 0.851191 0.669643
vt 0.857143 0.669643
vt 0.857143 0.672619
vt 0.854167 0.672619
vt 0.851191 0.672619
vt 0.860119 0.669643
vt 0.863095 0.669643
vt 0.863095 0.672619
vt 0.860119 0.672619
vt 0.860119 0.675595
vt 0.857143 0.675595
vt 0.863095 0.675595
vt 0.863095 0.678572
vt 0.860119 0.678572
vt 0.857143 0.678572
vt 0.854167 0.675595
vt 0.851191 0.675595
vt 0.854167 0.678572
vt 0.851191 0.678571
vt 0.854167 0.681548
vt 0.851191 0.681548
vt 0.857143 0.681548
vt 0.857143 0.684524
vt 0.854167 0.684524
vt 0.851191 0.684524
vt 0.860119 0.681548
vt 0.863095 0.681548
vt 0.863095 0.684524
vt 0.860119 0.684524
vt 0.860119 0.687500
vt 0.857143 0.687500
vt 0.863095 0.687500
vt 0.863095 0.690476
vt 0.860119 0.690476
vt 0.857143 0.690476
vt 0.854167 0.687500
vt 0.851191 0.687500
vt 0.854167 0.690476
vt 0.851191 0.690476
vt 0.854167 0.693452
vt 0.851191 0.693452
vt 0.857143 0.693452
vt 0.857143 0.696429
vt 0.854167 0.696429
vt 0.851191 0.696429
vt 0.860119 0.693452
vt 0.863095 0.693452
vt 0.863095 0.696429
vt 0.860119 0.696429
vt 0.860119 0.699405
vt 0.857143 0.699405
vt 0.863095 0.699405
vt 0.863095 0.702381
vt 0.860119 0.702381
vt 0.857143 0.702381
vt 0.854167 0.699405
vt 0.851191 0.699405
vt 0.854167 0.702381
vt 0.851191 0.702381
vt 0.854167 0.705357
vt 0.851191 0.705357
vt 0.857143 0.705357
vt 0.857143 0.708333
vt 0.854167 0.708333
vt 0.851191 0.708334
vt 0.860119 0.705357
vt 0.863095 0.705357
vt 0.863095 0.708334
vt 0.860119 0.708333
vt 0.860119 0.711310
vt 0.857143 0.711310
vt 0.863095 0.711310
vt 0.863095 0.714286
vt 0.860119 0.714286
vt 0.857143 0.714286
vt 0.854167 0.711310
vt 0.851191 0.711310
vt 0.854167 0.714286
vt 0.851191 0.714286
vt 0.854167 0.717262
vt 0.851191 0.717262
vt 0.857143 0.717262
vt 0.857143 0.720238
vt 0.854167 0.720238
vt 0.851191 0.720238
vt 0.860119 0.717262
vt 0.863095 0.717262
vt 0.863095 0.720238
vt 0.860119 0.720238
vt 0.860119 0.723214
vt 0.857143 0.723214
vt 0.863095 0.723214
vt 0.863095 0.726191
vt 0.860119 0.726191
vt 0.857143 0.726191
vt 0.854167 0.723214
vt 0.851191 0.723214
vt 0.854167 0.726191
vt 0.851191 0.726191
vt 0.854167 0.729167
vt 0.851191 0.729167
vt 0.857143 0.729167
vt 0.857143 0.732143
vt 0.854167 0.732143
vt 0.851191 0.732143
vt 0.860119 0.729167
vt 0.863095 0.729167
vt 0.863095 0.732143
vt 0.860119 0.732143
vt 0.860119 0.735119
vt 0.857143 0.735119
vt 0.863095 0.735119
vt 0.854167 0.735119
vt 0.851191 0.735119
vt 0.839286 0.500000
vt 0.842262 0.500000
vt 0.842262 0.502976
vt 0.839286 0.502976
vt 0.845238 0.500000
vt 0.845238 0.502976
vt 0.845238 0.505952
vt 0.842262 0.505952
vt 0.839286 0.505952
vt 0.848214 0.500000
vt 0.848214 0.502976
vt 0.848215 0.505952
vt 0.848215 0.508929
vt 0.845238 0.508929
vt 0.848215 0.511905
vt 0.845238 0.511905
vt 0.842262 0.508929
vt 0.839286 0.508929
vt 0.842262 0.511905
vt 0.839286 0.511905
vt 0.842262 0.514881
vt 0.839286 0.514881
vt 0.845238 0.514881
vt 0.845238 0.517857
vt 0.842262 0.517857
vt 0.839286 0.517857
vt 0.848214 0.514881
vt 0.848214 0.517857
vt 0.848214 0.520833
vt 0.845238 0.520833
vt 0.848215 0.523810
vt 0.845238 0.523810
vt 0.842262 0.520833
vt 0.839286 0.520833
vt 0.842262 0.523810
vt 0.839286 0.523810
vt 0.842262 0.526786
vt 0.839286 0.526786
vt 0.845238 0.526786
vt 0.845238 0.529762
vt 0.842262 0.529762
vt 0.839286 0.529762
vt 0.848214 0.526786
vt 0.848214 0.529762
vt 0.848214 0.532738
vt 0.845238 0.532738
vt 0.848215 0.535714
vt 0.845238 0.535714
vt 0.842262 0.532738
vt 0.839286 0.532738
vt 0.842262 0.535714
vt 0.839286 0.535714
vt 0.842262 0.538691
vt 0.839286 0.538691
vt 0.845238 0.538691
vt 0.845238 0.541667
vt 0.842262 0.541667
vt 0.839286 0.541667
vt 0.848214 0.538691
vt 0.848214 0.541667
vt 0.848214 0.544643
vt 0.845238 0.544643
vt 0.848215 0.547619
vt 0.845238 0.547619
vt 0.842262 0.544643
vt 0.839286 0.544643
vt 0.842262 0.547619
vt 0.839286 0.547619
vt 0.842262 0.550595
vt 0.839286 0.550595
vt 0.845238 0.550595
vt 0.845238 0.553572
vt 0.842262 0.553572
vt 0.839286 0.553572
vt 0.848214 0.550595
vt 0.848214 0.553572
vt 0.848214 0.556548
vt 0.845238 0.556548
vt 0.848215 0.559524
vt 0.845238 0.559524
vt 0.842262 0.556548
vt 0.839286 0.556548
vt 0.842262 0.559524
vt 0.839286 0.559524
vt 0.842262 0.562500
vt 0.839286 0.562500
vt 0.845238 0.562500
vt 0.845238 0.565476
vt 0.842262 0.565476
vt 0.839286 0.565476
vt 0.848214 0.562500
vt 0.848214 0.565476
vt 0.848214 0.568453
vt 0.845238 0.568453
vt 0.848215 0.571429
vt 0.845238 0.571429
vt 0.842262 0.568453
vt 0.839286 0.568453
vt 0.842262 0.571429
vt 0.839286 0.571429
vt 0.842262 0.574405
vt 0.839286 0.574405
vt 0.845238 0.574405
vt 0.845238 0.577381
vt 0.842262 0.577381
vt 0.839286 0.577381
vt 0.848214 0.574405
vt 0.848214 0.577381
vt 0.848214 0.580357
vt 0.845238 0.580357
vt 0.848215 0.583333
vt 0.845238 0.583333
vt 0.842262 0.580357
vt 0.839286 0.580357
vt 0.842262 0.583333
vt 0.839286 0.583333
vt 0.842262 0.586310
vt 0.839286 0.586310
vt 0.845238 0.586310
vt 0.845238 0.589286
vt 0.842262 0.589286
vt 0.839286 0.589286
vt 0.848214 0.586310
vt 0.848214 0.589286
vt 0.848214 0.592262
vt 0.845238 0.592262
vt 0.848215 0.595238
vt 0.845238 0.595238
vt 0.842262 0.592262
vt 0.839286 0.592262
vt 0.842262 0.595238
vt 0.839286 0.595238
vt 0.842262 0.598214
vt 0.839286 0.598214
vt 0.845238 0.598214
vt 0.845238 0.601191
vt 0.842262 0.601191
vt 0.839286 0.601191
vt 0.848214 0.598214
vt 0.848214 0.601191
vt 0.848214 0.604167
vt 0.845238 0.604167
vt 0.848214 0.607143
vt 0.845238 0.607143
vt 0.842262 0.604167
vt 0.839286 0.604167
vt 0.842262 0.607143
vt 0.839286 0.607143
vt 0.842262 0.610119
vt 0.839286 0.610119
vt 0.845238 0.610119
vt 0.845238 0.613095
vt 0.842262 0.613095
vt 0.839286 0.613095
vt 0.848214 0.610119
vt 0.848214 0.613095
vt 0.848214 0.616072
vt 0.845238 0.616072
vt 0.848215 0.619048
vt 0.845238 0.619048
vt 0.842262 0.616072
vt 0.839286 0.616072
vt 0.842262 0.619048
vt 0.839286 0.619048
vt 0.842262 0.622024
vt 0.839286 0.622024
vt 0.845238 0.622024
vt 0.845238 0.625000
vt 0.842262 0.625000
vt 0.839286 0.625000
vt 0.848214 0.622024
vt 0.848214 0.625000
vt 0.848214 0.627976
vt 0.845238 0.627976
vt 0.848215 0.630952
vt 0.845238 0.630952
vt 0.842262 0.627976
vt 0.839286 0.627976
vt 0.842262 0.630952
vt 0.839286 0.630952
vt 0.842262 0.633929
vt 0.839286 0.633929
vt 0.845238 0.633929
vt 0.845238 0.636905
vt 0.842262 0.636905
vt 0.839286 0.636905
vt 0.848214 0.633929
vt 0.848214 0.636905
vt 0.848214 0.639881
vt 0.845238 0.639881
vt 0.848215 0.642857
vt 0.845238 0.642857
vt 0.842262 0.639881
vt 0.839286 0.639881
vt 0.842262 0.642857
vt 0.839286 0.642857
vt 0.842262 0.645833
vt 0.839286 0.645833
vt 0.845238 0.645833
vt 0.845238 0.648810
vt 0.842262 0.648810
vt 0.839286 0.648810
vt 0.848214 0.645833
vt 0.848214 0.648810
vt 0.848214 0.651786
vt 0.845238 0.651786
vt 0.848215 0.654762
vt 0.845238 0.654762
vt 0.842262 0.651786
vt 0.839286 0.651786
vt 0.842262 0.654762
vt 0.839286 0.654762
vt 0.842262 0.657738
vt 0.839286 0.657738
vt 0.845238 0.657738
vt 0.845238 0.660714
vt 0.842262 0.660714
vt 0.839286 0.660714
vt 0.848214 0.657738
vt 0.848214 0.660714
vt 0.848214 0.663691
vt 0.845238 0.663691
vt 0.848215 0.666667
vt 0.845238 0.666667
vt 0.842262 0.663691
vt 0.839286 0.663691
vt 0.842262 0.666667
vt 0.839286 0.666667
vt 0.842262 0.669643
vt 0.839286 0.669643
vt 0.845238 0.669643
vt 0.845238 0.672619
vt 0.842262 0.672619
vt 0.839286 0.672619
vt 0.848214 0.669643
vt 0.848214 0.672619
vt 0.848214 0.675595
vt 0.845238 0.675595
vt 0.848215 0.678572
vt 0.845238 0.678572
vt 0.842262 0.675595
vt 0.839286 0.675595
vt 0.842262 0.678572
vt 0.839286 0.678571
vt 0.842262 0.681548
vt 0.839286 0.681548
vt 0.845238 0.681548
vt 0.845238 0.684524
vt 0.842262 0.684524
vt 0.839286 0.684524
vt 0.848215 0.681548
vt 0.848215 0.684524
vt 0.848215 0.687500
vt 0.845238 0.687500
vt 0.848215 0.690476
vt 0.845238 0.690476
vt 0.842262 0.687500
vt 0.839286 0.687500
vt 0.842262 0.690476
vt 0.839286 0.690476
vt 0.842262 0.693452
vt 0.839286 0.693452
vt 0.845238 0.693452
vt 0.845238 0.696429
vt 0.842262 0.696429
vt 0.839286 0.696429
vt 0.848215 0.693452
vt 0.848215 0.696429
vt 0.848215 0.699405
vt 0.845238 0.699405
vt 0.848215 0.702381
vt 0.845238 0.702381
vt 0.842262 0.699405
vt 0.839286 0.699405
vt 0.842262 0.702381
vt 0.839286 0.702381
vt 0.842262 0.705357
vt 0.839286 0.705357
vt 0.845238 0.705357
vt 0.845238 0.708333
vt 0.842262 0.708333
vt 0.839286 0.708334
vt 0.848214 0.705357
vt 0.848214 0.708333
vt 0.848214 0.711310
vt 0.845238 0.711310
vt 0.848215 0.714286
vt 0.845238 0.714286
vt 0.842262 0.711310
vt 0.839286 0.711310
vt 0.842262 0.714286
vt 0.839286 0.714286
vt 0.842262 0.717262
vt 0.839286 0.717262
vt 0.845238 0.717262
vt 0.845238 0.720238
vt 0.842262 0.720238
vt 0.839286 0.720238
vt 0.848214 0.717262
vt 0.848214 0.720238
vt 0.848214 0.723214
vt 0.845238 0.723214
vt 0.848214 0.726191
vt 0.845238 0.726191
vt 0.842262 0.723214
vt 0.839286 0.723214
vt 0.842262 0.726191
vt 0.839286 0.726191
vt 0.842262 0.729167
vt 0.839286 0.729167
vt 0.845238 0.729167
vt 0.845238 0.732143
vt 0.842262 0.732143
vt 0.839286 0.732143
vt 0.848214 0.729167
vt 0.848214 0.732143
vt 0.848214 0.735119
vt 0.845238 0.735119
vt 0.842262 0.735119
vt 0.839286 0.735119
vt 0.827381 0.500000
vt 0.830357 0.500000
vt 0.830357 0.502976
vt 0.827381 0.502976
vt 0.833333 0.500000
vt 0.833333 0.502976
vt 0.833333 0.505952
vt 0.830357 0.505952
vt 0.827381 0.505952
vt 0.836310 0.500000
vt 0.836310 0.502976
vt 0.836310 0.505952
vt 0.836310 0.508929
vt 0.833333 0.508929
vt 0.836310 0.511905
vt 0.833334 0.511905
vt 0.830357 0.508929
vt 0.827381 0.508929
vt 0.830357 0.511905
vt 0.827381 0.511905
vt 0.830357 0.514881
vt 0.827381 0.514881
vt 0.833333 0.514881
vt 0.833333 0.517857
vt 0.830357 0.517857
vt 0.827381 0.517857
vt 0.836310 0.514881
vt 0.836310 0.517857
vt 0.836310 0.520833
vt 0.833333 0.520833
vt 0.836310 0.523810
vt 0.833334 0.523810
vt 0.830357 0.520833
vt 0.827381 0.520833
vt 0.830357 0.523810
vt 0.827381 0.523810
vt 0.830357 0.526786
vt 0.827381 0.526786
vt 0.833333 0.526786
vt 0.833333 0.529762
vt 0.830357 0.529762
vt 0.827381 0.529762
vt 0.836310 0.526786
vt 0.836310 0.529762
vt 0.836310 0.532738
vt 0.833333 0.532738
vt 0.836310 0.535714
vt 0.833334 0.535714
vt 0.830357 0.532738
vt 0.827381 0.532738
vt 0.830357 0.535714
vt 0.827381 0.535714
vt 0.830357 0.538691
vt 0.827381 0.538691
vt 0.833333 0.538691
vt 0.833333 0.541667
vt 0.830357 0.541667
vt 0.827381 0.541667
vt 0.836310 0.538691
vt 0.836310 0.541667
vt 0.836310 0.544643
vt 0.833333 0.544643
vt 0.836310 0.547619
vt 0.833334 0.547619
vt 0.830357 0.544643
vt 0.827381 0.544643
vt 0.830357 0.547619
vt 0.827381 0.547619
vt 0.830357 0.550595
vt 0.827381 0.550595
vt 0.833333 0.550595
vt 0.833333 0.553572
vt 0.830357 0.553572
vt 0.827381 0.553572
vt 0.836310 0.550595
vt 0.836310 0.553572
vt 0.836310 0.556548
vt 0.833333 0.556548
vt 0.836310 0.559524
vt 0.833334 0.559524
vt 0.830357 0.556548
vt 0.827381 0.556548
vt 0.830357 0.559524
vt 0.827381 0.559524
vt 0.830357 0.562500
vt 0.827381 0.562500
vt 0.833333 0.562500
vt 0.833333 0.565476
vt 0.830357 0.565476
vt 0.827381 0.565476
vt 0.836310 0.562500
vt 0.836310 0.565476
vt 0.836310 0.568453
vt 0.833333 0.568453
vt 0.836310 0.571429
vt 0.833334 0.571429
vt 0.830357 0.568453
vt 0.827381 0.568453
vt 0.830357 0.571429
vt 0.827381 0.571429
vt 0.830357 0.574405
vt 0.827381 0.574405
vt 0.833333 0.574405
vt 0.833333 0.577381
vt 0.830357 0.577381
vt 0.827381 0.577381
vt 0.836310 0.574405
vt 0.836310 0.577381
vt 0.836310 0.580357
vt 0.833333 0.580357
vt 0.836310 0.583333
vt 0.833334 0.583333
vt 0.830357 0.580357
vt 0.827381 0.580357
vt 0.830357 0.583333
vt 0.827381 0.583333
vt 0.830357 0.586310
vt 0.827381 0.586310
vt 0.833333 0.586310
vt 0.833333 0.589286
vt 0.830357 0.589286
vt 0.827381 0.589286
vt 0.836310 0.586310
vt 0.836310 0.589286
vt 0.836310 0.592262
vt 0.833333 0.592262
vt 0.836310 0.595238
vt 0.833334 0.595238
vt 0.830357 0.592262
vt 0.827381 0.592262
vt 0.830357 0.595238
vt 0.827381 0.595238
vt 0.830357 0.598214
vt 0.827381 0.598214
vt 0.833333 0.598214
vt 0.833333 0.601191
vt 0.830357 0.601191
vt 0.827381 0.601191
vt 0.836310 0.598214
vt 0.836310 0.601191
vt 0.836310 0.604167
vt 0.833333 0.604167
vt 0.836310 0.607143
vt 0.833334 0.607143
vt 0.830357 0.604167
vt 0.827381 0.604167
vt 0.830357 0.607143
vt 0.827381 0.607143
vt 0.830357 0.610119
vt 0.827381 0.610119
vt 0.833333 0.610119
vt 0.833333 0.613095
vt 0.830357 0.613095
vt 0.827381 0.613095
vt 0.836310 0.610119
vt 0.836310 0.613095
vt 0.836310 0.616072
vt 0.833333 0.616072
vt 0.836310 0.619048
vt 0.833334 0.619048
vt 0.830357 0.616072
vt 0.827381 0.616072
vt 0.830357 0.619048
vt 0.827381 0.619048
vt 0.830357 0.622024
vt 0.827381 0.622024
vt 0.833333 0.622024
vt 0.833333 0.625000
vt 0.830357 0.625000
vt 0.827381 0.625000
vt 0.836310 0.622024
vt 0.836310 0.625000
vt 0.836310 0.627976
vt 0.833333 0.627976
vt 0.836310 0.630952
vt 0.833334 0.630952
vt 0.830357 0.627976
vt 0.827381 0.627976
vt 0.830357 0.630952
vt 0.827381 0.630952
vt 0.830357 0.633929
vt 0.827381 0.633929
vt 0.833333 0.633929
vt 0.833333 0.636905
vt 0.830357 0.636905
vt 0.827381 0.636905
vt 0.836310 0.633929
vt 0.836310 0.636905
vt 0.836310 0.639881
vt 0.833333 0.639881
vt 0.836310 0.642857
vt 0.833334 0.642857
vt 0.830357 0.639881
vt 0.827381 0.639881
vt 0.830357 0.642857
vt 0.827381 0.642857
vt 0.830357 0.645833
vt 0.827381 0.645833
vt 0.833333 0.645833
vt 0.833333 0.648810
vt 0.830357 0.648810
vt 0.827381 0.648810
vt 0.836310 0.645833
vt 0.836310 0.648810
vt 0.836310 0.651786
vt 0.833333 0.651786
vt 0.836310 0.654762
vt 0.833334 0.654762
vt 0.830357 0.651786
vt 0.827381 0.651786
vt 0.830357 0.654762
vt 0.827381 0.654762
vt 0.830357 0.657738
vt 0.827381 0.657738
vt 0.833333 0.657738
vt 0.833333 0.660714
vt 0.830357 0.660714
vt 0.827381 0.660714
vt 0.836310 0.657738
vt 0.836310 0.660714
vt 0.836310 0.663691
vt 0.833333 0.663691
vt 0.836310 0.666667
vt 0.833334 0.666667
vt 0.830357 0.663691
vt 0.827381 0.663691
vt 0.830357 0.666667
vt 0.827381 0.666667
vt 0.830357 0.669643
vt 0.827381 0.669643
vt 0.833333 0.669643
vt 0.833333 0.672619
vt 0.830357 0.672619
vt 0.827381 0.672619
vt 0.836310 0.669643
vt 0.836310 0.672619
vt 0.836310 0.675595
vt 0.833333 0.675595
vt 0.836310 0.678572
vt 0.833334 0.678572
vt 0.830357 0.675595
vt 0.827381 0.675595
vt 0.830357 0.678572
vt 0.827381 0.678571
vt 0.830357 0.681548
vt 0.827381 0.681548
vt 0.833333 0.681548
vt 0.833333 0.684524
vt 0.830357 0.684524
vt 0.827381 0.684524
vt 0.836310 0.681548
vt 0.836310 0.684524
vt 0.836310 0.687500
vt 0.833333 0.687500
vt 0.836310 0.690476
vt 0.833334 0.690476
vt 0.830357 0.687500
vt 0.827381 0.687500
vt 0.830357 0.690476
vt 0.827381 0.690476
vt 0.830357 0.693452
vt 0.827381 0.693452
vt 0.833333 0.693452
vt 0.833333 0.696429
vt 0.830357 0.696429
vt 0.827381 0.696429
vt 0.836310 0.693452
vt 0.836310 0.696429
vt 0.836310 0.699405
vt 0.833333 0.699405
vt 0.836310 0.702381
vt 0.833334 0.702381
vt 0.830357 0.699405
vt 0.827381 0.699405
vt 0.830357 0.702381
vt 0.827381 0.702381
vt 0.830357 0.705357
vt 0.827381 0.705357
vt 0.833333 0.705357
vt 0.833333 0.708333
vt 0.830357 0.708333
vt 0.827381 0.708334
vt 0.836310 0.705357
vt 0.836310 0.708333
vt 0.836310 0.711310
vt 0.833333 0.711310
vt 0.836310 0.714286
vt 0.833334 0.714286
vt 0.830357 0.711310
vt 0.827381 0.711310
vt 0.830357 0.714286
vt 0.827381 0.714286
vt 0.830357 0.717262
vt 0.827381 0.717262
vt 0.833333 0.717262
vt 0.833333 0.720238
vt 0.830357 0.720238
vt 0.827381 0.720238
vt 0.836310 0.717262
vt 0.836310 0.720238
vt 0.836310 0.723214
vt 0.833333 0.723214
vt 0.836310 0.726191
vt 0.833334 0.726191
vt 0.830357 0.723214
vt 0.827381 0.723214
vt 0.830357 0.726191
vt 0.827381 0.726191
vt 0.830357 0.729167
vt 0.827381 0.729167
vt 0.833333 0.729167
vt 0.833333 0.732143
vt 0.830357 0.732143
vt 0.827381 0.732143
vt 0.836310 0.729167
vt 0.836310 0.732143
vt 0.836310 0.735119
vt 0.833333 0.735119
vt 0.830357 0.735119
vt 0.827381 0.735119
vt 0.815476 0.500000
vt 0.818452 0.500000
vt 0.818452 0.502976
vt 0.815476 0.502976
vt 0.821429 0.500000
vt 0.821429 0.502976
vt 0.821429 0.505952
vt 0.818452 0.505952
vt 0.815476 0.505952
vt 0.824405 0.500000
vt 0.824405 0.502976
vt 0.824405 0.505952
vt 0.824405 0.508929
vt 0.821429 0.508929
vt 0.824405 0.511905
vt 0.821429 0.511905
vt 0.818452 0.508929
vt 0.815476 0.508929
vt 0.818452 0.511905
vt 0.815476 0.511905
vt 0.818452 0.514881
vt 0.815476 0.514881
vt 0.821429 0.514881
vt 0.821429 0.517857
vt 0.818452 0.517857
vt 0.815476 0.517857
vt 0.824405 0.514881
vt 0.824405 0.517857
vt 0.824405 0.520833
vt 0.821429 0.520833
vt 0.824405 0.523810
vt 0.821429 0.523810
vt 0.818452 0.520833
vt 0.815476 0.520833
vt 0.818452 0.523810
vt 0.815476 0.523810
vt 0.818452 0.526786
vt 0.815476 0.526786
vt 0.821429 0.526786
vt 0.821429 0.529762
vt 0.818452 0.529762
vt 0.815476 0.529762
vt 0.824405 0.526786
vt 0.824405 0.529762
vt 0.824405 0.532738
vt 0.821429 0.532738
vt 0.824405 0.535714
vt 0.821429 0.535714
vt 0.818452 0.532738
vt 0.815476 0.532738
vt 0.818452 0.535714
vt 0.815476 0.535714
vt 0.818452 0.538691
vt 0.815476 0.538691
vt 0.821429 0.538691
vt 0.821429 0.541667
vt 0.818452 0.541667
vt 0.815476 0.541667
vt 0.824405 0.538691
vt 0.824405 0.541667
vt 0.824405 0.544643
vt 0.821429 0.544643
vt 0.824405 0.547619
vt 0.821429 0.547619
vt 0.818452 0.544643
vt 0.815476 0.544643
vt 0.818453 0.547619
vt 0.815476 0.547619
vt 0.818452 0.550595
vt 0.815476 0.550595
vt 0.821429 0.550595
vt 0.821429 0.553572
vt 0.818452 0.553572
vt 0.815476 0.553572
vt 0.824405 0.550595
vt 0.824405 0.553572
vt 0.824405 0.556548
vt 0.821429 0.556548
vt 0.824405 0.559524
vt 0.821429 0.559524
vt 0.818452 0.556548
vt 0.815476 0.556548
vt 0.818453 0.559524
vt 0.815476 0.559524
vt 0.818452 0.562500
vt 0.815476 0.562500
vt 0.821429 0.562500
vt 0.821429 0.565476
vt 0.818452 0.565476
vt 0.815476 0.565476
vt 0.824405 0.562500
vt 0.824405 0.565476
vt 0.824405 0.568453
vt 0.821429 0.568453
vt 0.824405 0.571429
vt 0.821429 0.571429
vt 0.818452 0.568453
vt 0.815476 0.568453
vt 0.818453 0.571429
vt 0.815476 0.571429
vt 0.818452 0.574405
vt 0.815476 0.574405
vt 0.821429 0.574405
vt 0.821429 0.577381
vt 0.818452 0.577381
vt 0.815476 0.577381
vt 0.824405 0.574405
vt 0.824405 0.577381
vt 0.824405 0.580357
vt 0.821429 0.580357
vt 0.824405 0.583333
vt 0.821429 0.583333
vt 0.818452 0.580357
vt 0.815476 0.580357
vt 0.818452 0.583333
vt 0.815476 0.583333
vt 0.818452 0.586310
vt 0.815476 0.586310
vt 0.821429 0.586310
vt 0.821429 0.589286
vt 0.818452 0.589286
vt 0.815476 0.589286
vt 0.824405 0.586310
vt 0.824405 0.589286
vt 0.824405 0.592262
vt 0.821429 0.592262
vt 0.824405 0.595238
vt 0.821429 0.595238
vt 0.818452 0.592262
vt 0.815476 0.592262
vt 0.818452 0.595238
vt 0.815476 0.595238
vt 0.818452 0.598214
vt 0.815476 0.598214
vt 0.821429 0.598214
vt 0.821429 0.601191
vt 0.818452 0.601191
vt 0.815476 0.601191
vt 0.824405 0.598214
vt 0.824405 0.601191
vt 0.824405 0.604167
vt 0.821429 0.604167
vt 0.824405 0.607143
vt 0.821429 0.607143
vt 0.818452 0.604167
vt 0.815476 0.604167
vt 0.818452 0.607143
vt 0.815476 0.607143
vt 0.818452 0.610119
vt 0.815476 0.610119
vt 0.821429 0.610119
vt 0.821429 0.613095
vt 0.818452 0.613095
vt 0.815476 0.613095
vt 0.824405 0.610119
vt 0.824405 0.613095
vt 0.824405 0.616072
vt 0.821429 0.616072
vt 0.824405 0.619048
vt 0.821429 0.619048
vt 0.818452 0.616072
vt 0.815476 0.616072
vt 0.818452 0.619048
vt 0.815476 0.619048
vt 0.818452 0.622024
vt 0.815476 0.622024
vt 0.821429 0.622024
vt 0.821429 0.625000
vt 0.818452 0.625000
vt 0.815476 0.625000
vt 0.824405 0.622024
vt 0.824405 0.625000
vt 0.824405 0.627976
vt 0.821429 0.627976
vt 0.824405 0.630952
vt 0.821429 0.630952
vt 0.818452 0.627976
vt 0.815476 0.627976
vt 0.818452 0.630952
vt 0.815476 0.630952
vt 0.818452 0.633929
vt 0.815476 0.633929
vt 0.821429 0.633929
vt 0.821429 0.636905
vt 0.818452 0.636905
vt 0.815476 0.636905
vt 0.824405 0.633929
vt 0.824405 0.636905
vt 0.824405 0.639881
vt 0.821429 0.639881
vt 0.824405 0.642857
vt 0.821429 0.642857
vt 0.818452 0.639881
vt 0.815476 0.639881
vt 0.818452 0.642857
vt 0.815476 0.642857
vt 0.818452 0.645833
vt 0.815476 0.645833
vt 0.821429 0.645833
vt 0.821429 0.648810
vt 0.818452 0.648810
vt 0.815476 0.648810
vt 0.824405 0.645833
vt 0.824405 0.648810
vt 0.824405 0.651786
vt 0.821429 0.651786
vt 0.824405 0.654762
vt 0.821429 0.654762
vt 0.818452 0.651786
vt 0.815476 0.651786
vt 0.818452 0.654762
vt 0.815476 0.654762
vt 0.818452 0.657738
vt 0.815476 0.657738
vt 0.821429 0.657738
vt 0.821429 0.660714
vt 0.818452 0.660714
vt 0.815476 0.660714
vt 0.824405 0.657738
vt 0.824405 0.660714
vt 0.824405 0.663691
vt 0.821429 0.663691
vt 0.824405 0.666667
vt 0.821429 0.666667
vt 0.818452 0.663691
vt 0.815476 0.663691
vt 0.818452 0.666667
vt 0.815476 0.666667
vt 0.818452 0.669643
vt 0.815476 0.669643
vt 0.821429 0.669643
vt 0.821429 0.672619
vt 0.818452 0.672619
vt 0.815476 0.672619
vt 0.824405 0.669643
vt 0.824405 0.672619
vt 0.824405 0.675595
vt 0.821429 0.675595
vt 0.824405 0.678572
vt 0.821429 0.678572
vt 0.818452 0.675595
vt 0.815476 0.675595
vt 0.818452 0.678572
vt 0.815476 0.678571
vt 0.818452 0.681548
vt 0.815476 0.681548
vt 0.821429 0.681548
vt 0.821429 0.684524
vt 0.818452 0.684524
vt 0.815476 0.684524
vt 0.824405 0.681548
vt 0.824405 0.684524
vt 0.824405 0.687500
vt 0.821429 0.687500
vt 0.824405 0.690476
vt 0.821429 0.690476
vt 0.818452 0.687500
vt 0.815476 0.687500
vt 0.818452 0.690476
vt 0.815476 0.690476
vt 0.818452 0.693452
vt 0.815476 0.693452
vt 0.821429 0.693452
vt 0.821429 0.696429
vt 0.818452 0.696429
vt 0.815476 0.696429
vt 0.824405 0.693452
vt 0.824405 0.696429
vt 0.824405 0.699405
vt 0.821429 0.699405
vt 0.824405 0.702381
vt 0.821429 0.702381
vt 0.818452 0.699405
vt 0.815476 0.699405
vt 0.818452 0.702381
vt 0.815476 0.702381
vt 0.818452 0.705357
vt 0.815476 0.705357
vt 0.821429 0.705357
vt 0.821429 0.708333
vt 0.818452 0.708333
vt 0.815476 0.708334
vt 0.824405 0.705357
vt 0.824405 0.708333
vt 0.824405 0.711310
vt 0.821429 0.711310
vt 0.824405 0.714286
vt 0.821429 0.714286
vt 0.818452 0.711310
vt 0.815476 0.711310
vt 0.818452 0.714286
vt 0.815476 0.714286
vt 0.818452 0.717262
vt 0.815476 0.717262
vt 0.821429 0.717262
vt 0.821429 0.720238
vt 0.818452 0.720238
vt 0.815476 0.720238
vt 0.824405 0.717262
vt 0.824405 0.720238
vt 0.824405 0.723214
vt 0.821429 0.723214
vt 0.824405 0.726191
vt 0.821429 0.726191
vt 0.818452 0.723214
vt 0.815476 0.723214
vt 0.818452 0.726191
vt 0.815476 0.726191
vt 0.818452 0.729167
vt 0.815476 0.729167
vt 0.821429 0.729167
vt 0.821429 0.732143
vt 0.818452 0.732143
vt 0.815476 0.732143
vt 0.824405 0.729167
vt 0.824405 0.732143
vt 0.824405 0.735119
vt 0.821429 0.735119
vt 0.818452 0.735119
vt 0.815476 0.735119
vt 0.803571 0.500000
vt 0.806548 0.500000
vt 0.806548 0.502976
vt 0.803572 0.502976
vt 0.809524 0.500000
vt 0.809524 0.502976
vt 0.809524 0.505952
vt 0.806548 0.505952
vt 0.803572 0.505952
vt 0.812500 0.500000
vt 0.812500 0.502976
vt 0.812500 0.505952
vt 0.812500 0.508929
vt 0.809524 0.508929
vt 0.812500 0.511905
vt 0.809524 0.511905
vt 0.806548 0.508929
vt 0.803572 0.508929
vt 0.806548 0.511905
vt 0.803572 0.511905
vt 0.806548 0.514881
vt 0.803572 0.514881
vt 0.809524 0.514881
vt 0.809524 0.517857
vt 0.806548 0.517857
vt 0.803572 0.517857
vt 0.812500 0.514881
vt 0.812500 0.517857
vt 0.812500 0.520833
vt 0.809524 0.520833
vt 0.812500 0.523810
vt 0.809524 0.523810
vt 0.806548 0.520833
vt 0.803572 0.520833
vt 0.806548 0.523810
vt 0.803571 0.523810
vt 0.806548 0.526786
vt 0.803572 0.526786
vt 0.809524 0.526786
vt 0.809524 0.529762
vt 0.806548 0.529762
vt 0.803572 0.529762
vt 0.812500 0.526786
vt 0.812500 0.529762
vt 0.812500 0.532738
vt 0.809524 0.532738
vt 0.812500 0.535714
vt 0.809524 0.535714
vt 0.806548 0.532738
vt 0.803572 0.532738
vt 0.806548 0.535714
vt 0.803572 0.535714
vt 0.806548 0.538691
vt 0.803572 0.538691
vt 0.809524 0.538691
vt 0.809524 0.541667
vt 0.806548 0.541667
vt 0.803572 0.541667
vt 0.812500 0.538691
vt 0.812500 0.541667
vt 0.812500 0.544643
vt 0.809524 0.544643
vt 0.812500 0.547619
vt 0.809524 0.547619
vt 0.806548 0.544643
vt 0.803572 0.544643
vt 0.806548 0.547619
vt 0.803572 0.547619
vt 0.806548 0.550595
vt 0.803572 0.550595
vt 0.809524 0.550595
vt 0.809524 0.553572
vt 0.806548 0.553572
vt 0.803572 0.553572
vt 0.812500 0.550595
vt 0.812500 0.553572
vt 0.812500 0.556548
vt 0.809524 0.556548
vt 0.812500 0.559524
vt 0.809524 0.559524
vt 0.806548 0.556548
vt 0.803572 0.556548
vt 0.806548 0.559524
vt 0.803572 0.559524
vt 0.806548 0.562500
vt 0.803572 0.562500
vt 0.809524 0.562500
vt 0.809524 0.565476
vt 0.806548 0.565476
vt 0.803572 0.565476
vt 0.812500 0.562500
vt 0.812500 0.565476
vt 0.812500 0.568453
vt 0.809524 0.568453
vt 0.812500 0.571429
vt 0.809524 0.571429
vt 0.806548 0.568453
vt 0.803572 0.568453
vt 0.806548 0.571429
vt 0.803572 0.571429
vt 0.806548 0.574405
vt 0.803572 0.574405
vt 0.809524 0.574405
vt 0.809524 0.577381
vt 0.806548 0.577381
vt 0.803572 0.577381
vt 0.812500 0.574405
vt 0.812500 0.577381
vt 0.812500 0.580357
vt 0.809524 0.580357
vt 0.812500 0.583333
vt 0.809524 0.583333
vt 0.806548 0.580357
vt 0.803572 0.580357
vt 0.806548 0.583333
vt 0.803572 0.583333
vt 0.806548 0.586310
vt 0.803572 0.586310
vt 0.809524 0.586310
vt 0.809524 0.589286
vt 0.806548 0.589286
vt 0.803572 0.589286
vt 0.812500 0.586310
vt 0.812500 0.589286
vt 0.812500 0.592262
vt 0.809524 0.592262
vt 0.812500 0.595238
vt 0.809524 0.595238
vt 0.806548 0.592262
vt 0.803572 0.592262
vt 0.806548 0.595238
vt 0.803572 0.595238
vt 0.806548 0.598214
vt 0.803572 0.598214
vt 0.809524 0.598214
vt 0.809524 0.601191
vt 0.806548 0.601191
vt 0.803572 0.601191
vt 0.812500 0.598214
vt 0.812500 0.601191
vt 0.812500 0.604167
vt 0.809524 0.604167
vt 0.812500 0.607143
vt 0.809524 0.607143
vt 0.806548 0.604167
vt 0.803572 0.604167
vt 0.806548 0.607143
vt 0.803572 0.607143
vt 0.806548 0.610119
vt 0.803572 0.610119
vt 0.809524 0.610119
vt 0.809524 0.613095
vt 0.806548 0.613095
vt 0.803572 0.613095
vt 0.812500 0.610119
vt 0.812500 0.613095
vt 0.812500 0.616072
vt 0.809524 0.616072
vt 0.812500 0.619048
vt 0.809524 0.619048
vt 0.806548 0.616072
vt 0.803572 0.616072
vt 0.806548 0.619048
vt 0.803572 0.619048
vt 0.806548 0.622024
vt 0.803572 0.622024
vt 0.809524 0.622024
vt 0.809524 0.625000
vt 0.806548 0.625000
vt 0.803572 0.625000
vt 0.812500 0.622024
vt 0.812500 0.625000
vt 0.812500 0.627976
vt 0.809524 0.627976
vt 0.812500 0.630952
vt 0.809524 0.630952
vt 0.806548 0.627976
vt 0.803572 0.627976
vt 0.806548 0.630952
vt 0.803572 0.630952
vt 0.806548 0.633929
vt 0.803572 0.633929
vt 0.809524 0.633929
vt 0.809524 0.636905
vt 0.806548 0.636905
vt 0.803572 0.636905
vt 0.812500 0.633929
vt 0.812500 0.636905
vt 0.812500 0.639881
vt 0.809524 0.639881
vt 0.812500 0.642857
vt 0.809524 0.642857
vt 0.806548 0.639881
vt 0.803572 0.639881
vt 0.806548 0.642857
vt 0.803571 0.642857
vt 0.806548 0.645833
vt 0.803572 0.645833
vt 0.809524 0.645833
vt 0.809524 0.648810
vt 0.806548 0.648810
vt 0.803572 0.648810
vt 0.812500 0.645833
vt 0.812500 0.648810
vt 0.812500 0.651786
vt 0.809524 0.651786
vt 0.812500 0.654762
vt 0.809524 0.654762
vt 0.806548 0.651786
vt 0.803572 0.651786
vt 0.806548 0.654762
vt 0.803572 0.654762
vt 0.806548 0.657738
vt 0.803572 0.657738
vt 0.809524 0.657738
vt 0.809524 0.660714
vt 0.806548 0.660714
vt 0.803572 0.660714
vt 0.812500 0.657738
vt 0.812500 0.660714
vt 0.812500 0.663691
vt 0.809524 0.663691
vt 0.812500 0.666667
vt 0.809524 0.666667
vt 0.806548 0.663691
vt 0.803572 0.663691
vt 0.806548 0.666667
vt 0.803572 0.666667
vt 0.806548 0.669643
vt 0.803572 0.669643
vt 0.809524 0.669643
vt 0.809524 0.672619
vt 0.806548 0.672619
vt 0.803572 0.672619
vt 0.812500 0.669643
vt 0.812500 0.672619
vt 0.812500 0.675595
vt 0.809524 0.675595
vt 0.812500 0.678572
vt 0.809524 0.678572
vt 0.806548 0.675595
vt 0.803572 0.675595
vt 0.806548 0.678572
vt 0.803572 0.678571
vt 0.806548 0.681548
vt 0.803572 0.681548
vt 0.809524 0.681548
vt 0.809524 0.684524
vt 0.806548 0.684524
vt 0.803572 0.684524
vt 0.812500 0.681548
vt 0.812500 0.684524
vt 0.812500 0.687500
vt 0.809524 0.687500
vt 0.812500 0.690476
vt 0.809524 0.690476
vt 0.806548 0.687500
vt 0.803572 0.687500
vt 0.806548 0.690476
vt 0.803571 0.690476
vt 0.806548 0.693452
vt 0.803572 0.693452
vt 0.809524 0.693452
vt 0.809524 0.696429
vt 0.806548 0.696429
vt 0.803572 0.696429
vt 0.812500 0.693452
vt 0.812500 0.696429
vt 0.812500 0.699405
vt 0.809524 0.699405
vt 0.812500 0.702381
vt 0.809524 0.702381
vt 0.806548 0.699405
vt 0.803572 0.699405
vt 0.806548 0.702381
vt 0.803571 0.702381
vt 0.806548 0.705357
vt 0.803572 0.705357
vt 0.809524 0.705357
vt 0.809524 0.708333
vt 0.806548 0.708333
vt 0.803572 0.708334
vt 0.812500 0.705357
vt 0.812500 0.708333
vt 0.812500 0.711310
vt 0.809524 0.711310
vt 0.812500 0.714286
vt 0.809524 0.714286
vt 0.806548 0.711310
vt 0.803572 0.711310
vt 0.806548 0.714286
vt 0.803571 0.714286
vt 0.806548 0.717262
vt 0.803572 0.717262
vt 0.809524 0.717262
vt 0.809524 0.720238
vt 0.806548 0.720238
vt 0.803572 0.720238
vt 0.812500 0.717262
vt 0.812500 0.720238
vt 0.812500 0.723214
vt 0.809524 0.723214
vt 0.812500 0.726191
vt 0.809524 0.726191
vt 0.806548 0.723214
vt 0.803572 0.723214
vt 0.806548 0.726191
vt 0.803571 0.726191
vt 0.806548 0.729167
vt 0.803572 0.729167
vt 0.809524 0.729167
vt 0.809524 0.732143
vt 0.806548 0.732143
vt 0.803572 0.732143
vt 0.812500 0.729167
vt 0.812500 0.732143
vt 0.812500 0.735119
vt 0.809524 0.735119
vt 0.806548 0.735119
vt 0.803572 0.735119
vt 0.791667 0.500000
vt 0.794643 0.500000
vt 0.794643 0.502976
vt 0.791667 0.502976
vt 0.797619 0.500000
vt 0.797619 0.502976
vt 0.797619 0.505952
vt 0.794643 0.505952
vt 0.791667 0.505952
vt 0.800595 0.500000
vt 0.800595 0.502976
vt 0.800595 0.505952
vt 0.800595 0.508929
vt 0.797619 0.508929
vt 0.800595 0.511905
vt 0.797619 0.511905
vt 0.794643 0.508929
vt 0.791667 0.508929
vt 0.794643 0.511905
vt 0.791667 0.511905
vt 0.794643 0.514881
vt 0.791667 0.514881
vt 0.797619 0.514881
vt 0.797619 0.517857
vt 0.794643 0.517857
vt 0.791667 0.517857
vt 0.800595 0.514881
vt 0.800595 0.517857
vt 0.800595 0.520833
vt 0.797619 0.520833
vt 0.800595 0.523810
vt 0.797619 0.523810
vt 0.794643 0.520833
vt 0.791667 0.520833
vt 0.794643 0.523810
vt 0.791667 0.523810
vt 0.794643 0.526786
vt 0.791667 0.526786
vt 0.797619 0.526786
vt 0.797619 0.529762
vt 0.794643 0.529762
vt 0.791667 0.529762
vt 0.800595 0.526786
vt 0.800595 0.529762
vt 0.800595 0.532738
vt 0.797619 0.532738
vt 0.800595 0.535714
vt 0.797619 0.535714
vt 0.794643 0.532738
vt 0.791667 0.532738
vt 0.794643 0.535714
vt 0.791667 0.535714
vt 0.794643 0.538691
vt 0.791667 0.538691
vt 0.797619 0.538691
vt 0.797619 0.541667
vt 0.794643 0.541667
vt 0.791667 0.541667
vt 0.800595 0.538691
vt 0.800595 0.541667
vt 0.800595 0.544643
vt 0.797619 0.544643
vt 0.800595 0.547619
vt 0.797619 0.547619
vt 0.794643 0.544643
vt 0.791667 0.544643
vt 0.794643 0.547619
vt 0.791667 0.547619
vt 0.794643 0.550595
vt 0.791667 0.550595
vt 0.797619 0.550595
vt 0.797619 0.553572
vt 0.794643 0.553572
vt 0.791667 0.553572
vt 0.800595 0.550595
vt 0.800595 0.553572
vt 0.800595 0.556548
vt 0.797619 0.556548
vt 0.800595 0.559524
vt 0.797619 0.559524
vt 0.794643 0.556548
vt 0.791667 0.556548
vt 0.794643 0.559524
vt 0.791667 0.559524
vt 0.794643 0.562500
vt 0.791667 0.562500
vt 0.797619 0.562500
vt 0.797619 0.565476
vt 0.794643 0.565476
vt 0.791667 0.565476
vt 0.800595 0.562500
vt 0.800595 0.565476
vt 0.800595 0.568453
vt 0.797619 0.568453
vt 0.800595 0.571429
vt 0.797619 0.571429
vt 0.794643 0.568453
vt 0.791667 0.568453
vt 0.794643 0.571429
vt 0.791667 0.571429
vt 0.794643 0.574405
vt 0.791667 0.574405
vt 0.797619 0.574405
vt 0.797619 0.577381
vt 0.794643 0.577381
vt 0.791667 0.577381
vt 0.800595 0.574405
vt 0.800595 0.577381
vt 0.800595 0.580357
vt 0.797619 0.580357
vt 0.800595 0.583333
vt 0.797619 0.583333
vt 0.794643 0.580357
vt 0.791667 0.580357
vt 0.794643 0.583333
vt 0.791667 0.583333
vt 0.794643 0.586310
vt 0.791667 0.586310
vt 0.797619 0.586310
vt 0.797619 0.589286
vt 0.794643 0.589286
vt 0.791667 0.589286
vt 0.800595 0.586310
vt 0.800595 0.589286
vt 0.800595 0.592262
vt 0.797619 0.592262
vt 0.800595 0.595238
vt 0.797619 0.595238
vt 0.794643 0.592262
vt 0.791667 0.592262
vt 0.794643 0.595238
vt 0.791667 0.595238
vt 0.794643 0.598214
vt 0.791667 0.598214
vt 0.797619 0.598214
vt 0.797619 0.601191
vt 0.794643 0.601191
vt 0.791667 0.601191
vt 0.800595 0.598214
vt 0.800595 0.601191
vt 0.800595 0.604167
vt 0.797619 0.604167
vt 0.800595 0.607143
vt 0.797619 0.607143
vt 0.794643 0.604167
vt 0.791667 0.604167
vt 0.794643 0.607143
vt 0.791667 0.607143
vt 0.794643 0.610119
vt 0.791667 0.610119
vt 0.797619 0.610119
vt 0.797619 0.613095
vt 0.794643 0.613095
vt 0.791667 0.613095
vt 0.800595 0.610119
vt 0.800595 0.613095
vt 0.800595 0.616072
vt 0.797619 0.616072
vt 0.800595 0.619048
vt 0.797619 0.619048
vt 0.794643 0.616072
vt 0.791667 0.616072
vt 0.794643 0.619048
vt 0.791667 0.619048
vt 0.794643 0.622024
vt 0.791667 0.622024
vt 0.797619 0.622024
vt 0.797619 0.625000
vt 0.794643 0.625000
vt 0.791667 0.625000
vt 0.800595 0.622024
vt 0.800595 0.625000
vt 0.800595 0.627976
vt 0.797619 0.627976
vt 0.800595 0.630952
vt 0.797619 0.630952
vt 0.794643 0.627976
vt 0.791667 0.627976
vt 0.794643 0.630952
vt 0.791667 0.630952
vt 0.794643 0.633929
vt 0.791667 0.633929
vt 0.797619 0.633929
vt 0.797619 0.636905
vt 0.794643 0.636905
vt 0.791667 0.636905
vt 0.800595 0.633929
vt 0.800595 0.636905
vt 0.800595 0.639881
vt 0.797619 0.639881
vt 0.800595 0.642857
vt 0.797619 0.642857
vt 0.794643 0.639881
vt 0.791667 0.639881
vt 0.794643 0.642857
vt 0.791667 0.642857
vt 0.794643 0.645833
vt 0.791667 0.645833
vt 0.797619 0.645833
vt 0.797619 0.648810
vt 0.794643 0.648810
vt 0.791667 0.648810
vt 0.800595 0.645833
vt 0.800595 0.648810
vt 0.800595 0.651786
vt 0.797619 0.651786
vt 0.800595 0.654762
vt 0.797619 0.654762
vt 0.794643 0.651786
vt 0.791667 0.651786
vt 0.794643 0.654762
vt 0.791667 0.654762
vt 0.794643 0.657738
vt 0.791667 0.657738
vt 0.797619 0.657738
vt 0.797619 0.660714
vt 0.794643 0.660714
vt 0.791667 0.660714
vt 0.800595 0.657738
vt 0.800595 0.660714
vt 0.800595 0.663691
vt 0.797619 0.663691
vt 0.800595 0.666667
vt 0.797619 0.666667
vt 0.794643 0.663691
vt 0.791667 0.663691
vt 0.794643 0.666667
vt 0.791667 0.666667
vt 0.794643 0.669643
vt 0.791667 0.669643
vt 0.797619 0.669643
vt 0.797619 0.672619
vt 0.794643 0.672619
vt 0.791667 0.672619
vt 0.800595 0.669643
vt 0.800595 0.672619
vt 0.800595 0.675595
vt 0.797619 0.675595
vt 0.800595 0.678572
vt 0.797619 0.678572
vt 0.794643 0.675595
vt 0.791667 0.675595
vt 0.794643 0.678572
vt 0.791667 0.678571
vt 0.794643 0.681548
vt 0.791667 0.681548
vt 0.797619 0.681548
vt 0.797619 0.684524
vt 0.794643 0.684524
vt 0.791667 0.684524
vt 0.800595 0.681548
vt 0.800595 0.684524
vt 0.800595 0.687500
vt 0.797619 0.687500
vt 0.800595 0.690476
vt 0.797619 0.690476
vt 0.794643 0.687500
vt 0.791667 0.687500
vt 0.794643 0.690476
vt 0.791667 0.690476
vt 0.794643 0.693452
vt 0.791667 0.693452
vt 0.797619 0.693452
vt 0.797619 0.696429
vt 0.794643 0.696429
vt 0.791667 0.696429
vt 0.800595 0.693452
vt 0.800595 0.696429
vt 0.800595 0.699405
vt 0.797619 0.699405
vt 0.800595 0.702381
vt 0.797619 0.702381
vt 0.794643 0.699405
vt 0.791667 0.699405
vt 0.794643 0.702381
vt 0.791667 0.702381
vt 0.794643 0.705357
vt 0.791667 0.705357
vt 0.797619 0.705357
vt 0.797619 0.708333
vt 0.794643 0.708333
vt 0.791667 0.708334
vt 0.800595 0.705357
vt 0.800595 0.708333
vt 0.800595 0.711310
vt 0.797619 0.711310
vt 0.800595 0.714286
vt 0.797619 0.714286
vt 0.794643 0.711310
vt 0.791667 0.711310
vt 0.794643 0.714286
vt 0.791667 0.714286
vt 0.794643 0.717262
vt 0.791667 0.717262
vt 0.797619 0.717262
vt 0.797619 0.720238
vt 0.794643 0.720238
vt 0.791667 0.720238
vt 0.800595 0.717262
vt 0.800595 0.720238
vt 0.800595 0.723214
vt 0.797619 0.723214
vt 0.800595 0.726191
vt 0.797619 0.726191
vt 0.794643 0.723214
vt 0.791667 0.723214
vt 0.794643 0.726191
vt 0.791667 0.726191
vt 0.794643 0.729167
vt 0.791667 0.729167
vt 0.797619 0.729167
vt 0.797619 0.732143
vt 0.794643 0.732143
vt 0.791667 0.732143
vt 0.800595 0.729167
vt 0.800595 0.732143
vt 0.800595 0.735119
vt 0.797619 0.735119
vt 0.794643 0.735119
vt 0.791667 0.735119
vt 0.779762 0.500000
vt 0.782738 0.500000
vt 0.782738 0.502976
vt 0.779762 0.502976
vt 0.785714 0.500000
vt 0.785714 0.502976
vt 0.785714 0.505952
vt 0.782738 0.505952
vt 0.779762 0.505952
vt 0.788691 0.500000
vt 0.788691 0.502976
vt 0.788691 0.505952
vt 0.788691 0.508929
vt 0.785714 0.508929
vt 0.788691 0.511905
vt 0.785715 0.511905
vt 0.782738 0.508929
vt 0.779762 0.508929
vt 0.782738 0.511905
vt 0.779762 0.511905
vt 0.782738 0.514881
vt 0.779762 0.514881
vt 0.785714 0.514881
vt 0.785714 0.517857
vt 0.782738 0.517857
vt 0.779762 0.517857
vt 0.788691 0.514881
vt 0.788691 0.517857
vt 0.788691 0.520833
vt 0.785714 0.520833
vt 0.788691 0.523810
vt 0.785714 0.523810
vt 0.782738 0.520833
vt 0.779762 0.520833
vt 0.782738 0.523810
vt 0.779762 0.523810
vt 0.782738 0.526786
vt 0.779762 0.526786
vt 0.785714 0.526786
vt 0.785714 0.529762
vt 0.782738 0.529762
vt 0.779762 0.529762
vt 0.788691 0.526786
vt 0.788691 0.529762
vt 0.788691 0.532738
vt 0.785714 0.532738
vt 0.788691 0.535714
vt 0.785715 0.535714
vt 0.782738 0.532738
vt 0.779762 0.532738
vt 0.782738 0.535714
vt 0.779762 0.535714
vt 0.782738 0.538691
vt 0.779762 0.538691
vt 0.785715 0.538691
vt 0.785714 0.541667
vt 0.782738 0.541667
vt 0.779762 0.541667
vt 0.788691 0.538691
vt 0.788691 0.541667
vt 0.788691 0.544643
vt 0.785715 0.544643
vt 0.788691 0.547619
vt 0.785715 0.547619
vt 0.782738 0.544643
vt 0.779762 0.544643
vt 0.782738 0.547619
vt 0.779762 0.547619
vt 0.782738 0.550595
vt 0.779762 0.550595
vt 0.785715 0.550595
vt 0.785714 0.553572
vt 0.782738 0.553572
vt 0.779762 0.553572
vt 0.788691 0.550595
vt 0.788691 0.553572
vt 0.788691 0.556548
vt 0.785715 0.556548
vt 0.788691 0.559524
vt 0.785715 0.559524
vt 0.782738 0.556548
vt 0.779762 0.556548
vt 0.782738 0.559524
vt 0.779762 0.559524
vt 0.782738 0.562500
vt 0.779762 0.562500
vt 0.785715 0.562500
vt 0.785714 0.565476
vt 0.782738 0.565476
vt 0.779762 0.565476
vt 0.788691 0.562500
vt 0.788691 0.565476
vt 0.788691 0.568453
vt 0.785715 0.568453
vt 0.788691 0.571429
vt 0.785715 0.571429
vt 0.782738 0.568453
vt 0.779762 0.568453
vt 0.782738 0.571429
vt 0.779762 0.571429
vt 0.782738 0.574405
vt 0.779762 0.574405
vt 0.785715 0.574405
vt 0.785714 0.577381
vt 0.782738 0.577381
vt 0.779762 0.577381
vt 0.788691 0.574405
vt 0.788691 0.577381
vt 0.788691 0.580357
vt 0.785715 0.580357
vt 0.788691 0.583333
vt 0.785715 0.583333
vt 0.782738 0.580357
vt 0.779762 0.580357
vt 0.782738 0.583333
vt 0.779762 0.583333
vt 0.782738 0.586310
vt 0.779762 0.586310
vt 0.785715 0.586310
vt 0.785714 0.589286
vt 0.782738 0.589286
vt 0.779762 0.589286
vt 0.788691 0.586310
vt 0.788691 0.589286
vt 0.788691 0.592262
vt 0.785714 0.592262
vt 0.788691 0.595238
vt 0.785714 0.595238
vt 0.782738 0.592262
vt 0.779762 0.592262
vt 0.782738 0.595238
vt 0.779762 0.595238
vt 0.782738 0.598214
vt 0.779762 0.598214
vt 0.785714 0.598214
vt 0.785714 0.601191
vt 0.782738 0.601191
vt 0.779762 0.601191
vt 0.788691 0.598214
vt 0.788691 0.601191
vt 0.788691 0.604167
vt 0.785714 0.604167
vt 0.788691 0.607143
vt 0.785714 0.607143
vt 0.782738 0.604167
vt 0.779762 0.604167
vt 0.782738 0.607143
vt 0.779762 0.607143
vt 0.782738 0.610119
vt 0.779762 0.610119
vt 0.785714 0.610119
vt 0.785714 0.613095
vt 0.782738 0.613095
vt 0.779762 0.613095
vt 0.788691 0.610119
vt 0.788691 0.613095
vt 0.788691 0.616072
vt 0.785714 0.616072
vt 0.788691 0.619048
vt 0.785714 0.619048
vt 0.782738 0.616072
vt 0.779762 0.616072
vt 0.782738 0.619048
vt 0.779762 0.619048
vt 0.782738 0.622024
vt 0.779762 0.622024
vt 0.785714 0.622024
vt 0.785714 0.625000
vt 0.782738 0.625000
vt 0.779762 0.625000
vt 0.788691 0.622024
vt 0.788691 0.625000
vt 0.788691 0.627976
vt 0.785714 0.627976
vt 0.788691 0.630952
vt 0.785714 0.630952
vt 0.782738 0.627976
vt 0.779762 0.627976
vt 0.782738 0.630952
vt 0.779762 0.630952
vt 0.782738 0.633929
vt 0.779762 0.633929
vt 0.785714 0.633929
vt 0.785714 0.636905
vt 0.782738 0.636905
vt 0.779762 0.636905
vt 0.788691 0.633929
vt 0.788691 0.636905
vt 0.788691 0.639881
vt 0.785714 0.639881
vt 0.788691 0.642857
vt 0.785714 0.642857
vt 0.782738 0.639881
vt 0.779762 0.639881
vt 0.782738 0.642857
vt 0.779762 0.642857
vt 0.782738 0.645833
vt 0.779762 0.645833
vt 0.785714 0.645833
vt 0.785714 0.648810
vt 0.782738 0.648810
vt 0.779762 0.648810
vt 0.788691 0.645833
vt 0.788691 0.648810
vt 0.788691 0.651786
vt 0.785714 0.651786
vt 0.788691 0.654762
vt 0.785714 0.654762
vt 0.782738 0.651786
vt 0.779762 0.651786
vt 0.782738 0.654762
vt 0.779762 0.654762
vt 0.782738 0.657738
vt 0.779762 0.657738
vt 0.785714 0.657738
vt 0.785714 0.660714
vt 0.782738 0.660714
vt 0.779762 0.660714
vt 0.788691 0.657738
vt 0.788691 0.660714
vt 0.788691 0.663691
vt 0.785714 0.663691
vt 0.788691 0.666667
vt 0.785714 0.666667
vt 0.782738 0.663691
vt 0.779762 0.663691
vt 0.782738 0.666667
vt 0.779762 0.666667
vt 0.782738 0.669643
vt 0.779762 0.669643
vt 0.785714 0.669643
vt 0.785714 0.672619
vt 0.782738 0.672619
vt 0.779762 0.672619
vt 0.788691 0.669643
vt 0.788691 0.672619
vt 0.788691 0.675595
vt 0.785714 0.675595
vt 0.788691 0.678572
vt 0.785714 0.678572
vt 0.782738 0.675595
vt 0.779762 0.675595
vt 0.782738 0.678572
vt 0.779762 0.678571
vt 0.782738 0.681548
vt 0.779762 0.681548
vt 0.785714 0.681548
vt 0.785714 0.684524
vt 0.782738 0.684524
vt 0.779762 0.684524
vt 0.788691 0.681548
vt 0.788691 0.684524
vt 0.788691 0.687500
vt 0.785714 0.687500
vt 0.788691 0.690476
vt 0.785714 0.690476
vt 0.782738 0.687500
vt 0.779762 0.687500
vt 0.782738 0.690476
vt 0.779762 0.690476
vt 0.782738 0.693452
vt 0.779762 0.693452
vt 0.785714 0.693452
vt 0.785714 0.696429
vt 0.782738 0.696429
vt 0.779762 0.696429
vt 0.788691 0.693452
vt 0.788691 0.696429
vt 0.788691 0.699405
vt 0.785714 0.699405
vt 0.788691 0.702381
vt 0.785714 0.702381
vt 0.782738 0.699405
vt 0.779762 0.699405
vt 0.782738 0.702381
vt 0.779762 0.702381
vt 0.782738 0.705357
vt 0.779762 0.705357
vt 0.785714 0.705357
vt 0.785714 0.708333
vt 0.782738 0.708333
vt 0.779762 0.708334
vt 0.788691 0.705357
vt 0.788691 0.708333
vt 0.788691 0.711310
vt 0.785714 0.711310
vt 0.788691 0.714286
vt 0.785714 0.714286
vt 0.782738 0.711310
vt 0.779762 0.711310
vt 0.782738 0.714286
vt 0.779762 0.714286
vt 0.782738 0.717262
vt 0.779762 0.717262
vt 0.785714 0.717262
vt 0.785714 0.720238
vt 0.782738 0.720238
vt 0.779762 0.720238
vt 0.788691 0.717262
vt 0.788691 0.720238
vt 0.788691 0.723214
vt 0.785714 0.723214
vt 0.788691 0.726191
vt 0.785714 0.726191
vt 0.782738 0.723214
vt 0.779762 0.723214
vt 0.782738 0.726191
vt 0.779762 0.726191
vt 0.782738 0.729167
vt 0.779762 0.729167
vt 0.785714 0.729167
vt 0.785714 0.732143
vt 0.782738 0.732143
vt 0.779762 0.732143
vt 0.788691 0.729167
vt 0.788691 0.732143
vt 0.788691 0.735119
vt 0.785714 0.735119
vt 0.782738 0.735119
vt 0.779762 0.735119
vt 0.767857 0.500000
vt 0.770833 0.500000
vt 0.770833 0.502976
vt 0.767857 0.502976
vt 0.773810 0.500000
vt 0.773810 0.502976
vt 0.773810 0.505952
vt 0.770833 0.505952
vt 0.767857 0.505952
vt 0.776786 0.500000
vt 0.776786 0.502976
vt 0.776786 0.505952
vt 0.776786 0.508929
vt 0.773810 0.508929
vt 0.776786 0.511905
vt 0.773810 0.511905
vt 0.770833 0.508929
vt 0.767857 0.508929
vt 0.770833 0.511905
vt 0.767857 0.511905
vt 0.770833 0.514881
vt 0.767857 0.514881
vt 0.773810 0.514881
vt 0.773810 0.517857
vt 0.770833 0.517857
vt 0.767857 0.517857
vt 0.776786 0.514881
vt 0.776786 0.517857
vt 0.776786 0.520833
vt 0.773810 0.520833
vt 0.776786 0.523810
vt 0.773810 0.523810
vt 0.770833 0.520833
vt 0.767857 0.520833
vt 0.770833 0.523810
vt 0.767857 0.523810
vt 0.770833 0.526786
vt 0.767857 0.526786
vt 0.773810 0.526786
vt 0.773810 0.529762
vt 0.770833 0.529762
vt 0.767857 0.529762
vt 0.776786 0.526786
vt 0.776786 0.529762
vt 0.776786 0.532738
vt 0.773810 0.532738
vt 0.776786 0.535714
vt 0.773810 0.535714
vt 0.770833 0.532738
vt 0.767857 0.532738
vt 0.770833 0.535714
vt 0.767857 0.535714
vt 0.770833 0.538691
vt 0.767857 0.538691
vt 0.773810 0.538691
vt 0.773810 0.541667
vt 0.770833 0.541667
vt 0.767857 0.541667
vt 0.776786 0.538691
vt 0.776786 0.541667
vt 0.776786 0.544643
vt 0.773810 0.544643
vt 0.776786 0.547619
vt 0.773810 0.547619
vt 0.770833 0.544643
vt 0.767857 0.544643
vt 0.770833 0.547619
vt 0.767857 0.547619
vt 0.770833 0.550595
vt 0.767857 0.550595
vt 0.773810 0.550595
vt 0.773810 0.553572
vt 0.770833 0.553572
vt 0.767857 0.553572
vt 0.776786 0.550595
vt 0.776786 0.553572
vt 0.776786 0.556548
vt 0.773810 0.556548
vt 0.776786 0.559524
vt 0.773810 0.559524
vt 0.770833 0.556548
vt 0.767857 0.556548
vt 0.770833 0.559524
vt 0.767857 0.559524
vt 0.770833 0.562500
vt 0.767857 0.562500
vt 0.773810 0.562500
vt 0.773810 0.565476
vt 0.770833 0.565476
vt 0.767857 0.565476
vt 0.776786 0.562500
vt 0.776786 0.565476
vt 0.776786 0.568453
vt 0.773810 0.568453
vt 0.776786 0.571429
vt 0.773810 0.571429
vt 0.770833 0.568453
vt 0.767857 0.568453
vt 0.770833 0.571429
vt 0.767857 0.571429
vt 0.770833 0.574405
vt 0.767857 0.574405
vt 0.773810 0.574405
vt 0.773810 0.577381
vt 0.770833 0.577381
vt 0.767857 0.577381
vt 0.776786 0.574405
vt 0.776786 0.577381
vt 0.776786 0.580357
vt 0.773810 0.580357
vt 0.776786 0.583333
vt 0.773810 0.583333
vt 0.770833 0.580357
vt 0.767857 0.580357
vt 0.770833 0.583333
vt 0.767857 0.583333
vt 0.770833 0.586310
vt 0.767857 0.586310
vt 0.773810 0.586310
vt 0.773810 0.589286
vt 0.770833 0.589286
vt 0.767857 0.589286
vt 0.776786 0.586310
vt 0.776786 0.589286
vt 0.776786 0.592262
vt 0.773810 0.592262
vt 0.776786 0.595238
vt 0.773810 0.595238
vt 0.770833 0.592262
vt 0.767857 0.592262
vt 0.770833 0.595238
vt 0.767857 0.595238
vt 0.770833 0.598214
vt 0.767857 0.598214
vt 0.773810 0.598214
vt 0.773810 0.601191
vt 0.770833 0.601191
vt 0.767857 0.601191
vt 0.776786 0.598214
vt 0.776786 0.601191
vt 0.776786 0.604167
vt 0.773810 0.604167
vt 0.776786 0.607143
vt 0.773810 0.607143
vt 0.770833 0.604167
vt 0.767857 0.604167
vt 0.770833 0.607143
vt 0.767857 0.607143
vt 0.770833 0.610119
vt 0.767857 0.610119
vt 0.773810 0.610119
vt 0.773810 0.613095
vt 0.770833 0.613095
vt 0.767857 0.613095
vt 0.776786 0.610119
vt 0.776786 0.613095
vt 0.776786 0.616072
vt 0.773810 0.616072
vt 0.776786 0.619048
vt 0.773810 0.619048
vt 0.770833 0.616072
vt 0.767857 0.616072
vt 0.770833 0.619048
vt 0.767857 0.619048
vt 0.770833 0.622024
vt 0.767857 0.622024
vt 0.773810 0.622024
vt 0.773810 0.625000
vt 0.770833 0.625000
vt 0.767857 0.625000
vt 0.776786 0.622024
vt 0.776786 0.625000
vt 0.776786 0.627976
vt 0.773810 0.627976
vt 0.776786 0.630952
vt 0.773810 0.630952
vt 0.770833 0.627976
vt 0.767857 0.627976
vt 0.770833 0.630952
vt 0.767857 0.630952
vt 0.770833 0.633929
vt 0.767857 0.633929
vt 0.773810 0.633929
vt 0.773810 0.636905
vt 0.770833 0.636905
vt 0.767857 0.636905
vt 0.776786 0.633929
vt 0.776786 0.636905
vt 0.776786 0.639881
vt 0.773810 0.639881
vt 0.776786 0.642857
vt 0.773810 0.642857
vt 0.770833 0.639881
vt 0.767857 0.639881
vt 0.770833 0.642857
vt 0.767857 0.642857
vt 0.770833 0.645833
vt 0.767857 0.645833
vt 0.773810 0.645833
vt 0.773810 0.648810
vt 0.770833 0.648810
vt 0.767857 0.648810
vt 0.776786 0.645833
vt 0.776786 0.648810
vt 0.776786 0.651786
vt 0.773810 0.651786
vt 0.776786 0.654762
vt 0.773810 0.654762
vt 0.770833 0.651786
vt 0.767857 0.651786
vt 0.770833 0.654762
vt 0.767857 0.654762
vt 0.770833 0.657738
vt 0.767857 0.657738
vt 0.773810 0.657738
vt 0.773810 0.660714
vt 0.770833 0.660714
vt 0.767857 0.660714
vt 0.776786 0.657738
vt 0.776786 0.660714
vt 0.776786 0.663691
vt 0.773810 0.663691
vt 0.776786 0.666667
vt 0.773810 0.666667
vt 0.770833 0.663691
vt 0.767857 0.663691
vt 0.770833 0.666667
vt 0.767857 0.666667
vt 0.770833 0.669643
vt 0.767857 0.669643
vt 0.773810 0.669643
vt 0.773810 0.672619
vt 0.770833 0.672619
vt 0.767857 0.672619
vt 0.776786 0.669643
vt 0.776786 0.672619
vt 0.776786 0.675595
vt 0.773810 0.675595
vt 0.776786 0.678572
vt 0.773810 0.678572
vt 0.770833 0.675595
vt 0.767857 0.675595
vt 0.770833 0.678572
vt 0.767857 0.678571
vt 0.770833 0.681548
vt 0.767857 0.681548
vt 0.773810 0.681548
vt 0.773810 0.684524
vt 0.770833 0.684524
vt 0.767857 0.684524
vt 0.776786 0.681548
vt 0.776786 0.684524
vt 0.776786 0.687500
vt 0.773810 0.687500
vt 0.776786 0.690476
vt 0.773810 0.690476
vt 0.770833 0.687500
vt 0.767857 0.687500
vt 0.770833 0.690476
vt 0.767857 0.690476
vt 0.770833 0.693452
vt 0.767857 0.693452
vt 0.773810 0.693452
vt 0.773810 0.696429
vt 0.770833 0.696429
vt 0.767857 0.696429
vt 0.776786 0.693452
vt 0.776786 0.696429
vt 0.776786 0.699405
vt 0.773810 0.699405
vt 0.776786 0.702381
vt 0.773810 0.702381
vt 0.770833 0.699405
vt 0.767857 0.699405
vt 0.770833 0.702381
vt 0.767857 0.702381
vt 0.770833 0.705357
vt 0.767857 0.705357
vt 0.773810 0.705357
vt 0.773810 0.708333
vt 0.770833 0.708333
vt 0.767857 0.708334
vt 0.776786 0.705357
vt 0.776786 0.708333
vt 0.776786 0.711310
vt 0.773810 0.711310
vt 0.776786 0.714286
vt 0.773810 0.714286
vt 0.770833 0.711310
vt 0.767857 0.711310
vt 0.770833 0.714286
vt 0.767857 0.714286
vt 0.770833 0.717262
vt 0.767857 0.717262
vt 0.773810 0.717262
vt 0.773809 0.720238
vt 0.770833 0.720238
vt 0.767857 0.720238
vt 0.776786 0.717262
vt 0.776786 0.720238
vt 0.776786 0.723214
vt 0.773810 0.723214
vt 0.776786 0.726191
vt 0.773810 0.726191
vt 0.770833 0.723214
vt 0.767857 0.723214
vt 0.770833 0.726191
vt 0.767857 0.726191
vt 0.770833 0.729167
vt 0.767857 0.729167
vt 0.773810 0.729167
vt 0.773810 0.732143
vt 0.770833 0.732143
vt 0.767857 0.732143
vt 0.776786 0.729167
vt 0.776786 0.732143
vt 0.776786 0.735119
vt 0.773810 0.735119
vt 0.770833 0.735119
vt 0.767857 0.735119
vt 0.755952 0.500000
vt 0.758929 0.500000
vt 0.758929 0.502976
vt 0.755952 0.502976
vt 0.761905 0.500000
vt 0.761905 0.502976
vt 0.761905 0.505952
vt 0.758929 0.505952
vt 0.755952 0.505952
vt 0.764881 0.500000
vt 0.764881 0.502976
vt 0.764881 0.505952
vt 0.764881 0.508929
vt 0.761905 0.508929
vt 0.764881 0.511905
vt 0.761905 0.511905
vt 0.758929 0.508929
vt 0.755952 0.508929
vt 0.758929 0.511905
vt 0.755952 0.511905
vt 0.758929 0.514881
vt 0.755952 0.514881
vt 0.761905 0.514881
vt 0.761905 0.517857
vt 0.758929 0.517857
vt 0.755952 0.517857
vt 0.764881 0.514881
vt 0.764881 0.517857
vt 0.764881 0.520833
vt 0.761905 0.520833
vt 0.764881 0.523810
vt 0.761905 0.523810
vt 0.758929 0.520833
vt 0.755952 0.520833
vt 0.758929 0.523810
vt 0.755952 0.523810
vt 0.758929 0.526786
vt 0.755952 0.526786
vt 0.761905 0.526786
vt 0.761905 0.529762
vt 0.758929 0.529762
vt 0.755953 0.529762
vt 0.764881 0.526786
vt 0.764881 0.529762
vt 0.764881 0.532738
vt 0.761905 0.532738
vt 0.764881 0.535714
vt 0.761905 0.535714
vt 0.758929 0.532738
vt 0.755952 0.532738
vt 0.758929 0.535714
vt 0.755952 0.535714
vt 0.758929 0.538691
vt 0.755952 0.538691
vt 0.761905 0.538691
vt 0.761905 0.541667
vt 0.758929 0.541667
vt 0.755953 0.541667
vt 0.764881 0.538691
vt 0.764881 0.541667
vt 0.764881 0.544643
vt 0.761905 0.544643
vt 0.764881 0.547619
vt 0.761905 0.547619
vt 0.758929 0.544643
vt 0.755952 0.544643
vt 0.758929 0.547619
vt 0.755952 0.547619
vt 0.758929 0.550595
vt 0.755952 0.550595
vt 0.761905 0.550595
vt 0.761905 0.553572
vt 0.758929 0.553572
vt 0.755953 0.553572
vt 0.764881 0.550595
vt 0.764881 0.553572
vt 0.764881 0.556548
vt 0.761905 0.556548
vt 0.764881 0.559524
vt 0.761905 0.559524
vt 0.758929 0.556548
vt 0.755952 0.556548
vt 0.758929 0.559524
vt 0.755952 0.559524
vt 0.758929 0.562500
vt 0.755952 0.562500
vt 0.761905 0.562500
vt 0.761905 0.565476
vt 0.758929 0.565476
vt 0.755952 0.565476
vt 0.764881 0.562500
vt 0.764881 0.565476
vt 0.764881 0.568453
vt 0.761905 0.568453
vt 0.764881 0.571429
vt 0.761905 0.571429
vt 0.758929 0.568453
vt 0.755952 0.568453
vt 0.758929 0.571429
vt 0.755952 0.571429
vt 0.758929 0.574405
vt 0.755952 0.574405
vt 0.761905 0.574405
vt 0.761905 0.577381
vt 0.758929 0.577381
vt 0.755952 0.577381
vt 0.764881 0.574405
vt 0.764881 0.577381
vt 0.764881 0.580357
vt 0.761905 0.580357
vt 0.764881 0.583333
vt 0.761905 0.583333
vt 0.758929 0.580357
vt 0.755952 0.580357
vt 0.758929 0.583333
vt 0.755952 0.583333
vt 0.758929 0.586310
vt 0.755952 0.586310
vt 0.761905 0.586310
vt 0.761905 0.589286
vt 0.758929 0.589286
vt 0.755952 0.589286
vt 0.764881 0.586310
vt 0.764881 0.589286
vt 0.764881 0.592262
vt 0.761905 0.592262
vt 0.764881 0.595238
vt 0.761905 0.595238
vt 0.758929 0.592262
vt 0.755952 0.592262
vt 0.758929 0.595238
vt 0.755952 0.595238
vt 0.758929 0.598214
vt 0.755952 0.598214
vt 0.761905 0.598214
vt 0.761905 0.601191
vt 0.758929 0.601191
vt 0.755952 0.601191
vt 0.764881 0.598214
vt 0.764881 0.601191
vt 0.764881 0.604167
vt 0.761905 0.604167
vt 0.764881 0.607143
vt 0.761905 0.607143
vt 0.758929 0.604167
vt 0.755952 0.604167
vt 0.758929 0.607143
vt 0.755952 0.607143
vt 0.758929 0.610119
vt 0.755952 0.610119
vt 0.761905 0.610119
vt 0.761905 0.613095
vt 0.758929 0.613095
vt 0.755952 0.613095
vt 0.764881 0.610119
vt 0.764881 0.613095
vt 0.764881 0.616072
vt 0.761905 0.616072
vt 0.764881 0.619048
vt 0.761905 0.619048
vt 0.758929 0.616072
vt 0.755952 0.616072
vt 0.758929 0.619048
vt 0.755952 0.619048
vt 0.758929 0.622024
vt 0.755952 0.622024
vt 0.761905 0.622024
vt 0.761905 0.625000
vt 0.758929 0.625000
vt 0.755952 0.625000
vt 0.764881 0.622024
vt 0.764881 0.625000
vt 0.764881 0.627976
vt 0.761905 0.627976
vt 0.764881 0.630952
vt 0.761905 0.630952
vt 0.758929 0.627976
vt 0.755952 0.627976
vt 0.758929 0.630952
vt 0.755952 0.630952
vt 0.758929 0.633929
vt 0.755952 0.633929
vt 0.761905 0.633929
vt 0.761905 0.636905
vt 0.758929 0.636905
vt 0.755952 0.636905
vt 0.764881 0.633929
vt 0.764881 0.636905
vt 0.764881 0.639881
vt 0.761905 0.639881
vt 0.764881 0.642857
vt 0.761905 0.642857
vt 0.758929 0.639881
vt 0.755952 0.639881
vt 0.758929 0.642857
vt 0.755952 0.642857
vt 0.758929 0.645833
vt 0.755952 0.645833
vt 0.761905 0.645833
vt 0.761905 0.648810
vt 0.758929 0.648810
vt 0.755952 0.648810
vt 0.764881 0.645833
vt 0.764881 0.648810
vt 0.764881 0.651786
vt 0.761905 0.651786
vt 0.764881 0.654762
vt 0.761905 0.654762
vt 0.758929 0.651786
vt 0.755952 0.651786
vt 0.758929 0.654762
vt 0.755952 0.654762
vt 0.758929 0.657738
vt 0.755952 0.657738
vt 0.761905 0.657738
vt 0.761905 0.660714
vt 0.758929 0.660714
vt 0.755952 0.660714
vt 0.764881 0.657738
vt 0.764881 0.660714
vt 0.764881 0.663691
vt 0.761905 0.663691
vt 0.764881 0.666667
vt 0.761905 0.666667
vt 0.758929 0.663691
vt 0.755952 0.663691
vt 0.758929 0.666667
vt 0.755952 0.666667
vt 0.758929 0.669643
vt 0.755952 0.669643
vt 0.761905 0.669643
vt 0.761905 0.672619
vt 0.758929 0.672619
vt 0.755952 0.672619
vt 0.764881 0.669643
vt 0.764881 0.672619
vt 0.764881 0.675595
vt 0.761905 0.675595
vt 0.764881 0.678572
vt 0.761905 0.678572
vt 0.758929 0.675595
vt 0.755952 0.675595
vt 0.758929 0.678572
vt 0.755952 0.678571
vt 0.758929 0.681548
vt 0.755952 0.681548
vt 0.761905 0.681548
vt 0.761905 0.684524
vt 0.758929 0.684524
vt 0.755952 0.684524
vt 0.764881 0.681548
vt 0.764881 0.684524
vt 0.764881 0.687500
vt 0.761905 0.687500
vt 0.764881 0.690476
vt 0.761905 0.690476
vt 0.758929 0.687500
vt 0.755952 0.687500
vt 0.758929 0.690476
vt 0.755952 0.690476
vt 0.758929 0.693452
vt 0.755952 0.693452
vt 0.761905 0.693452
vt 0.761905 0.696429
vt 0.758929 0.696429
vt 0.755952 0.696429
vt 0.764881 0.693452
vt 0.764881 0.696429
vt 0.764881 0.699405
vt 0.761905 0.699405
vt 0.764881 0.702381
vt 0.761905 0.702381
vt 0.758929 0.699405
vt 0.755952 0.699405
vt 0.758929 0.702381
vt 0.755952 0.702381
vt 0.758929 0.705357
vt 0.755952 0.705357
vt 0.761905 0.705357
vt 0.761905 0.708333
vt 0.758929 0.708333
vt 0.755952 0.708334
vt 0.764881 0.705357
vt 0.764881 0.708333
vt 0.764881 0.711310
vt 0.761905 0.711310
vt 0.764881 0.714286
vt 0.761905 0.714286
vt 0.758929 0.711310
vt 0.755952 0.711310
vt 0.758929 0.714286
vt 0.755952 0.714286
vt 0.758929 0.717262
vt 0.755952 0.717262
vt 0.761905 0.717262
vt 0.761905 0.720238
vt 0.758929 0.720238
vt 0.755952 0.720238
vt 0.764881 0.717262
vt 0.764881 0.720238
vt 0.764881 0.723214
vt 0.761905 0.723214
vt 0.764881 0.726191
vt 0.761905 0.726191
vt 0.758929 0.723214
vt 0.755952 0.723214
vt 0.758929 0.726191
vt 0.755952 0.726191
vt 0.758929 0.729167
vt 0.755952 0.729167
vt 0.761905 0.729167
vt 0.761905 0.732143
vt 0.758929 0.732143
vt 0.755952 0.732143
vt 0.764881 0.729167
vt 0.764881 0.732143
vt 0.764881 0.735119
vt 0.761905 0.735119
vt 0.758929 0.735119
vt 0.755952 0.735119
vt 0.744048 0.500000
vt 0.747024 0.500000
vt 0.747024 0.502976
vt 0.744048 0.502976
vt 0.750000 0.500000
vt 0.750000 0.502976
vt 0.750000 0.505952
vt 0.747024 0.505952
vt 0.744048 0.505952
vt 0.752976 0.500000
vt 0.752976 0.502976
vt 0.752976 0.505952
vt 0.752976 0.508929
vt 0.750000 0.508929
vt 0.752976 0.511905
vt 0.750000 0.511905
vt 0.747024 0.508929
vt 0.744048 0.508929
vt 0.747024 0.511905
vt 0.744048 0.511905
vt 0.747024 0.514881
vt 0.744048 0.514881
vt 0.750000 0.514881
vt 0.750000 0.517857
vt 0.747024 0.517857
vt 0.744048 0.517857
vt 0.752976 0.514881
vt 0.752976 0.517857
vt 0.752976 0.520833
vt 0.750000 0.520833
vt 0.752976 0.523810
vt 0.750000 0.523810
vt 0.747024 0.520833
vt 0.744048 0.520833
vt 0.747024 0.523810
vt 0.744048 0.523810
vt 0.747024 0.526786
vt 0.744048 0.526786
vt 0.750000 0.526786
vt 0.750000 0.529762
vt 0.747024 0.529762
vt 0.744048 0.529762
vt 0.752976 0.526786
vt 0.752976 0.529762
vt 0.752976 0.532738
vt 0.750000 0.532738
vt 0.752976 0.535714
vt 0.750000 0.535714
vt 0.747024 0.532738
vt 0.744048 0.532738
vt 0.747024 0.535714
vt 0.744048 0.535714
vt 0.747024 0.538691
vt 0.744048 0.538691
vt 0.750000 0.538691
vt 0.750000 0.541667
vt 0.747024 0.541667
vt 0.744048 0.541667
vt 0.752976 0.538691
vt 0.752976 0.541667
vt 0.752976 0.544643
vt 0.750000 0.544643
vt 0.752976 0.547619
vt 0.750000 0.547619
vt 0.747024 0.544643
vt 0.744048 0.544643
vt 0.747024 0.547619
vt 0.744048 0.547619
vt 0.747024 0.550595
vt 0.744048 0.550595
vt 0.750000 0.550595
vt 0.750000 0.553572
vt 0.747024 0.553572
vt 0.744048 0.553572
vt 0.752976 0.550595
vt 0.752976 0.553572
vt 0.752976 0.556548
vt 0.750000 0.556548
vt 0.752976 0.559524
vt 0.750000 0.559524
vt 0.747024 0.556548
vt 0.744048 0.556548
vt 0.747024 0.559524
vt 0.744048 0.559524
vt 0.747024 0.562500
vt 0.744048 0.562500
vt 0.750000 0.562500
vt 0.750000 0.565476
vt 0.747024 0.565476
vt 0.744048 0.565476
vt 0.752976 0.562500
vt 0.752976 0.565476
vt 0.752976 0.568453
vt 0.750000 0.568453
vt 0.752976 0.571429
vt 0.750000 0.571429
vt 0.747024 0.568453
vt 0.744048 0.568453
vt 0.747024 0.571429
vt 0.744048 0.571429
vt 0.747024 0.574405
vt 0.744048 0.574405
vt 0.750000 0.574405
vt 0.750000 0.577381
vt 0.747024 0.577381
vt 0.744048 0.577381
vt 0.752976 0.574405
vt 0.752976 0.577381
vt 0.752976 0.580357
vt 0.750000 0.580357
vt 0.752976 0.583333
vt 0.750000 0.583333
vt 0.747024 0.580357
vt 0.744048 0.580357
vt 0.747024 0.583333
vt 0.744048 0.583333
vt 0.747024 0.586310
vt 0.744048 0.586310
vt 0.750000 0.586310
vt 0.750000 0.589286
vt 0.747024 0.589286
vt 0.744048 0.589286
vt 0.752976 0.586310
vt 0.752976 0.589286
vt 0.752976 0.592262
vt 0.750000 0.592262
vt 0.752976 0.595238
vt 0.750000 0.595238
vt 0.747024 0.592262
vt 0.744048 0.592262
vt 0.747024 0.595238
vt 0.744048 0.595238
vt 0.747024 0.598214
vt 0.744048 0.598214
vt 0.750000 0.598214
vt 0.750000 0.601191
vt 0.747024 0.601191
vt 0.744048 0.601191
vt 0.752976 0.598214
vt 0.752976 0.601191
vt 0.752976 0.604167
vt 0.750000 0.604167
vt 0.752976 0.607143
vt 0.750000 0.607143
vt 0.747024 0.604167
vt 0.744048 0.604167
vt 0.747024 0.607143
vt 0.744048 0.607143
vt 0.747024 0.610119
vt 0.744048 0.610119
vt 0.750000 0.610119
vt 0.750000 0.613095
vt 0.747024 0.613095
vt 0.744048 0.613095
vt 0.752976 0.610119
vt 0.752976 0.613095
vt 0.752976 0.616072
vt 0.750000 0.616072
vt 0.752976 0.619048
vt 0.750000 0.619048
vt 0.747024 0.616072
vt 0.744048 0.616072
vt 0.747024 0.619048
vt 0.744048 0.619048
vt 0.747024 0.622024
vt 0.744048 0.622024
vt 0.750000 0.622024
vt 0.750000 0.625000
vt 0.747024 0.625000
vt 0.744048 0.625000
vt 0.752976 0.622024
vt 0.752976 0.625000
vt 0.752976 0.627976
vt 0.750000 0.627976
vt 0.752976 0.630952
vt 0.750000 0.630952
vt 0.747024 0.627976
vt 0.744048 0.627976
vt 0.747024 0.630952
vt 0.744048 0.630952
vt 0.747024 0.633929
vt 0.744048 0.633929
vt 0.750000 0.633929
vt 0.750000 0.636905
vt 0.747024 0.636905
vt 0.744048 0.636905
vt 0.752976 0.633929
vt 0.752976 0.636905
vt 0.752976 0.639881
vt 0.750000 0.639881
vt 0.752976 0.642857
vt 0.750000 0.642857
vt 0.747024 0.639881
vt 0.744048 0.639881
vt 0.747024 0.642857
vt 0.744048 0.642857
vt 0.747024 0.645833
vt 0.744048 0.645833
vt 0.750000 0.645833
vt 0.750000 0.648810
vt 0.747024 0.648810
vt 0.744048 0.648810
vt 0.752976 0.645833
vt 0.752976 0.648810
vt 0.752976 0.651786
vt 0.750000 0.651786
vt 0.752976 0.654762
vt 0.750000 0.654762
vt 0.747024 0.651786
vt 0.744048 0.651786
vt 0.747024 0.654762
vt 0.744048 0.654762
vt 0.747024 0.657738
vt 0.744048 0.657738
vt 0.750000 0.657738
vt 0.750000 0.660714
vt 0.747024 0.660714
vt 0.744048 0.660714
vt 0.752976 0.657738
vt 0.752976 0.660714
vt 0.752976 0.663691
vt 0.750000 0.663691
vt 0.752976 0.666667
vt 0.750000 0.666667
vt 0.747024 0.663691
vt 0.744048 0.663691
vt 0.747024 0.666667
vt 0.744048 0.666667
vt 0.747024 0.669643
vt 0.744048 0.669643
vt 0.750000 0.669643
vt 0.750000 0.672619
vt 0.747024 0.672619
vt 0.744048 0.672619
vt 0.752976 0.669643
vt 0.752976 0.672619
vt 0.752976 0.675595
vt 0.750000 0.675595
vt 0.752976 0.678572
vt 0.750000 0.678572
vt 0.747024 0.675595
vt 0.744048 0.675595
vt 0.747024 0.678572
vt 0.744048 0.678571
vt 0.747024 0.681548
vt 0.744048 0.681548
vt 0.750000 0.681548
vt 0.750000 0.684524
vt 0.747024 0.684524
vt 0.744048 0.684524
vt 0.752976 0.681548
vt 0.752976 0.684524
vt 0.752976 0.687500
vt 0.750000 0.687500
vt 0.752976 0.690476
vt 0.750000 0.690476
vt 0.747024 0.687500
vt 0.744048 0.687500
vt 0.747024 0.690476
vt 0.744048 0.690476
vt 0.747024 0.693452
vt 0.744048 0.693452
vt 0.750000 0.693452
vt 0.750000 0.696429
vt 0.747024 0.696429
vt 0.744048 0.696429
vt 0.752976 0.693452
vt 0.752976 0.696429
vt 0.752976 0.699405
vt 0.750000 0.699405
vt 0.752976 0.702381
vt 0.750000 0.702381
vt 0.747024 0.699405
vt 0.744048 0.699405
vt 0.747024 0.702381
vt 0.744048 0.702381
vt 0.747024 0.705357
vt 0.744048 0.705357
vt 0.750000 0.705357
vt 0.750000 0.708333
vt 0.747024 0.708333
vt 0.744048 0.708334
vt 0.752976 0.705357
vt 0.752976 0.708333
vt 0.752976 0.711310
vt 0.750000 0.711310
vt 0.752976 0.714286
vt 0.750000 0.714286
vt 0.747024 0.711310
vt 0.744048 0.711310
vt 0.747024 0.714286
vt 0.744048 0.714286
vt 0.747024 0.717262
vt 0.744048 0.717262
vt 0.750000 0.717262
vt 0.750000 0.720238
vt 0.747024 0.720238
vt 0.744048 0.720238
vt 0.752976 0.717262
vt 0.752976 0.720238
vt 0.752976 0.723214
vt 0.750000 0.723214
vt 0.752976 0.726191
vt 0.750000 0.726191
vt 0.747024 0.723214
vt 0.744048 0.723214
vt 0.747024 0.726191
vt 0.744048 0.726191
vt 0.747024 0.729167
vt 0.744048 0.729167
vt 0.750000 0.729167
vt 0.750000 0.732143
vt 0.747024 0.732143
vt 0.744048 0.732143
vt 0.752976 0.729167
vt 0.752976 0.732143
vt 0.752976 0.735119
vt 0.750000 0.735119
vt 0.747024 0.735119
vt 0.744048 0.735119
vt 0.732143 0.500000
vt 0.735119 0.500000
vt 0.735119 0.502976
vt 0.732143 0.502976
vt 0.738095 0.500000
vt 0.738095 0.502976
vt 0.738095 0.505952
vt 0.735119 0.505952
vt 0.732143 0.505952
vt 0.741071 0.500000
vt 0.741071 0.502976
vt 0.741071 0.505952
vt 0.741071 0.508929
vt 0.738095 0.508929
vt 0.741071 0.511905
vt 0.738095 0.511905
vt 0.735119 0.508929
vt 0.732143 0.508929
vt 0.735119 0.511905
vt 0.732143 0.511905
vt 0.735119 0.514881
vt 0.732143 0.514881
vt 0.738095 0.514881
vt 0.738095 0.517857
vt 0.735119 0.517857
vt 0.732143 0.517857
vt 0.741071 0.514881
vt 0.741071 0.517857
vt 0.741071 0.520833
vt 0.738095 0.520833
vt 0.741071 0.523810
vt 0.738095 0.523810
vt 0.735119 0.520833
vt 0.732143 0.520833
vt 0.735119 0.523810
vt 0.732143 0.523810
vt 0.735119 0.526786
vt 0.732143 0.526786
vt 0.738095 0.526786
vt 0.738095 0.529762
vt 0.735119 0.529762
vt 0.732143 0.529762
vt 0.741071 0.526786
vt 0.741071 0.529762
vt 0.741071 0.532738
vt 0.738095 0.532738
vt 0.741071 0.535714
vt 0.738095 0.535714
vt 0.735119 0.532738
vt 0.732143 0.532738
vt 0.735119 0.535714
vt 0.732143 0.535714
vt 0.735119 0.538691
vt 0.732143 0.538691
vt 0.738095 0.538691
vt 0.738095 0.541667
vt 0.735119 0.541667
vt 0.732143 0.541667
vt 0.741071 0.538691
vt 0.741071 0.541667
vt 0.741071 0.544643
vt 0.738095 0.544643
vt 0.741071 0.547619
vt 0.738095 0.547619
vt 0.735119 0.544643
vt 0.732143 0.544643
vt 0.735119 0.547619
vt 0.732143 0.547619
vt 0.735119 0.550595
vt 0.732143 0.550595
vt 0.738095 0.550595
vt 0.738095 0.553572
vt 0.735119 0.553572
vt 0.732143 0.553572
vt 0.741071 0.550595
vt 0.741071 0.553572
vt 0.741071 0.556548
vt 0.738095 0.556548
vt 0.741071 0.559524
vt 0.738095 0.559524
vt 0.735119 0.556548
vt 0.732143 0.556548
vt 0.735119 0.559524
vt 0.732143 0.559524
vt 0.735119 0.562500
vt 0.732143 0.562500
vt 0.738095 0.562500
vt 0.738095 0.565476
vt 0.735119 0.565476
vt 0.732143 0.565476
vt 0.741071 0.562500
vt 0.741071 0.565476
vt 0.741071 0.568453
vt 0.738095 0.568453
vt 0.741071 0.571429
vt 0.738095 0.571429
vt 0.735119 0.568453
vt 0.732143 0.568453
vt 0.735119 0.571429
vt 0.732143 0.571429
vt 0.735119 0.574405
vt 0.732143 0.574405
vt 0.738095 0.574405
vt 0.738095 0.577381
vt 0.735119 0.577381
vt 0.732143 0.577381
vt 0.741071 0.574405
vt 0.741071 0.577381
vt 0.741071 0.580357
vt 0.738095 0.580357
vt 0.741071 0.583333
vt 0.738095 0.583333
vt 0.735119 0.580357
vt 0.732143 0.580357
vt 0.735119 0.583333
vt 0.732143 0.583333
vt 0.735119 0.586310
vt 0.732143 0.586310
vt 0.738095 0.586310
vt 0.738095 0.589286
vt 0.735119 0.589286
vt 0.732143 0.589286
vt 0.741071 0.586310
vt 0.741071 0.589286
vt 0.741071 0.592262
vt 0.738095 0.592262
vt 0.741071 0.595238
vt 0.738095 0.595238
vt 0.735119 0.592262
vt 0.732143 0.592262
vt 0.735119 0.595238
vt 0.732143 0.595238
vt 0.735119 0.598214
vt 0.732143 0.598214
vt 0.738095 0.598214
vt 0.738095 0.601191
vt 0.735119 0.601191
vt 0.732143 0.601191
vt 0.741071 0.598214
vt 0.741071 0.601191
vt 0.741071 0.604167
vt 0.738095 0.604167
vt 0.741071 0.607143
vt 0.738095 0.607143
vt 0.735119 0.604167
vt 0.732143 0.604167
vt 0.735119 0.607143
vt 0.732143 0.607143
vt 0.735119 0.610119
vt 0.732143 0.610119
vt 0.738095 0.610119
vt 0.738095 0.613095
vt 0.735119 0.613095
vt 0.732143 0.613095
vt 0.741071 0.610119
vt 0.741071 0.613095
vt 0.741071 0.616072
vt 0.738095 0.616072
vt 0.741071 0.619048
vt 0.738095 0.619048
vt 0.735119 0.616072
vt 0.732143 0.616072
vt 0.735119 0.619048
vt 0.732143 0.619048
vt 0.735119 0.622024
vt 0.732143 0.622024
vt 0.738095 0.622024
vt 0.738095 0.625000
vt 0.735119 0.625000
vt 0.732143 0.625000
vt 0.741071 0.622024
vt 0.741071 0.625000
vt 0.741071 0.627976
vt 0.738095 0.627976
vt 0.741071 0.630952
vt 0.738095 0.630952
vt 0.735119 0.627976
vt 0.732143 0.627976
vt 0.735119 0.630952
vt 0.732143 0.630952
vt 0.735119 0.633929
vt 0.732143 0.633929
vt 0.738095 0.633929
vt 0.738095 0.636905
vt 0.735119 0.636905
vt 0.732143 0.636905
vt 0.741071 0.633929
vt 0.741071 0.636905
vt 0.741071 0.639881
vt 0.738095 0.639881
vt 0.741071 0.642857
vt 0.738095 0.642857
vt 0.735119 0.639881
vt 0.732143 0.639881
vt 0.735119 0.642857
vt 0.732143 0.642857
vt 0.735119 0.645833
vt 0.732143 0.645833
vt 0.738095 0.645833
vt 0.738095 0.648810
vt 0.735119 0.648810
vt 0.732143 0.648810
vt 0.741071 0.645833
vt 0.741071 0.648810
vt 0.741071 0.651786
vt 0.738095 0.651786
vt 0.741071 0.654762
vt 0.738095 0.654762
vt 0.735119 0.651786
vt 0.732143 0.651786
vt 0.735119 0.654762
vt 0.732143 0.654762
vt 0.735119 0.657738
vt 0.732143 0.657738
vt 0.738095 0.657738
vt 0.738095 0.660714
vt 0.735119 0.660714
vt 0.732143 0.660714
vt 0.741071 0.657738
vt 0.741071 0.660714
vt 0.741071 0.663691
vt 0.738095 0.663691
vt 0.741071 0.666667
vt 0.738095 0.666667
vt 0.735119 0.663691
vt 0.732143 0.663691
vt 0.735119 0.666667
vt 0.732143 0.666667
vt 0.735119 0.669643
vt 0.732143 0.669643
vt 0.738095 0.669643
vt 0.738095 0.672619
vt 0.735119 0.672619
vt 0.732143 0.672619
vt 0.741071 0.669643
vt 0.741071 0.672619
vt 0.741071 0.675595
vt 0.738095 0.675595
vt 0.741071 0.678572
vt 0.738095 0.678572
vt 0.735119 0.675595
vt 0.732143 0.675595
vt 0.735119 0.678572
vt 0.732143 0.678571
vt 0.735119 0.681548
vt 0.732143 0.681548
vt 0.738095 0.681548
vt 0.738095 0.684524
vt 0.735119 0.684524
vt 0.732143 0.684524
vt 0.741071 0.681548
vt 0.741071 0.684524
vt 0.741071 0.687500
vt 0.738095 0.687500
vt 0.741071 0.690476
vt 0.738095 0.690476
vt 0.735119 0.687500
vt 0.732143 0.687500
vt 0.735119 0.690476
vt 0.732143 0.690476
vt 0.735119 0.693452
vt 0.732143 0.693452
vt 0.738095 0.693452
vt 0.738095 0.696429
vt 0.735119 0.696429
vt 0.732143 0.696429
vt 0.741071 0.693452
vt 0.741071 0.696429
vt 0.741071 0.699405
vt 0.738095 0.699405
vt 0.741071 0.702381
vt 0.738095 0.702381
vt 0.735119 0.699405
vt 0.732143 0.699405
vt 0.735119 0.702381
vt 0.732143 0.702381
vt 0.735119 0.705357
vt 0.732143 0.705357
vt 0.738095 0.705357
vt 0.738095 0.708333
vt 0.735119 0.708333
vt 0.732143 0.708334
vt 0.741071 0.705357
vt 0.741071 0.708333
vt 0.741071 0.711310
vt 0.738095 0.711310
vt 0.741071 0.714286
vt 0.738095 0.714286
vt 0.735119 0.711310
vt 0.732143 0.711310
vt 0.735119 0.714286
vt 0.732143 0.714286
vt 0.735119 0.717262
vt 0.732143 0.717262
vt 0.738095 0.717262
vt 0.738095 0.720238
vt 0.735119 0.720238
vt 0.732143 0.720238
vt 0.741071 0.717262
vt 0.741071 0.720238
vt 0.741071 0.723214
vt 0.738095 0.723214
vt 0.741071 0.726191
vt 0.738095 0.726191
vt 0.735119 0.723214
vt 0.732143 0.723214
vt 0.735119 0.726191
vt 0.732143 0.726191
vt 0.735119 0.729167
vt 0.732143 0.729167
vt 0.738095 0.729167
vt 0.738095 0.732143
vt 0.735119 0.732143
vt 0.732143 0.732143
vt 0.741071 0.729167
vt 0.741071 0.732143
vt 0.741071 0.735119
vt 0.738095 0.735119
vt 0.735119 0.735119
vt 0.732143 0.735119
vt 0.720238 0.500000
vt 0.723214 0.500000
vt 0.723214 0.502976
vt 0.720238 0.502976
vt 0.726191 0.500000
vt 0.726190 0.502976
vt 0.726190 0.505952
vt 0.723214 0.505952
vt 0.720238 0.505952
vt 0.729167 0.500000
vt 0.729167 0.502976
vt 0.729167 0.505952
vt 0.729167 0.508929
vt 0.726190 0.508929
vt 0.729167 0.511905
vt 0.726190 0.511905
vt 0.723214 0.508929
vt 0.720238 0.508929
vt 0.723214 0.511905
vt 0.720238 0.511905
vt 0.723214 0.514881
vt 0.720238 0.514881
vt 0.726190 0.514881
vt 0.726191 0.517857
vt 0.723214 0.517857
vt 0.720238 0.517857
vt 0.729167 0.514881
vt 0.729167 0.517857
vt 0.729167 0.520833
vt 0.726190 0.520833
vt 0.729167 0.523810
vt 0.726190 0.523810
vt 0.723214 0.520833
vt 0.720238 0.520833
vt 0.723214 0.523810
vt 0.720238 0.523810
vt 0.723214 0.526786
vt 0.720238 0.526786
vt 0.726190 0.526786
vt 0.726191 0.529762
vt 0.723214 0.529762
vt 0.720238 0.529762
vt 0.729167 0.526786
vt 0.729167 0.529762
vt 0.729167 0.532738
vt 0.726190 0.532738
vt 0.729167 0.535714
vt 0.726190 0.535714
vt 0.723214 0.532738
vt 0.720238 0.532738
vt 0.723214 0.535714
vt 0.720238 0.535714
vt 0.723214 0.538691
vt 0.720238 0.538691
vt 0.726190 0.538691
vt 0.726191 0.541667
vt 0.723214 0.541667
vt 0.720238 0.541667
vt 0.729167 0.538691
vt 0.729167 0.541667
vt 0.729167 0.544643
vt 0.726190 0.544643
vt 0.729167 0.547619
vt 0.726190 0.547619
vt 0.723214 0.544643
vt 0.720238 0.544643
vt 0.723214 0.547619
vt 0.720238 0.547619
vt 0.723214 0.550595
vt 0.720238 0.550595
vt 0.726190 0.550595
vt 0.726190 0.553572
vt 0.723214 0.553572
vt 0.720238 0.553572
vt 0.729167 0.550595
vt 0.729167 0.553572
vt 0.729167 0.556548
vt 0.726190 0.556548
vt 0.729167 0.559524
vt 0.726190 0.559524
vt 0.723214 0.556548
vt 0.720238 0.556548
vt 0.723214 0.559524
vt 0.720238 0.559524
vt 0.723214 0.562500
vt 0.720238 0.562500
vt 0.726190 0.562500
vt 0.726190 0.565476
vt 0.723214 0.565476
vt 0.720238 0.565476
vt 0.729167 0.562500
vt 0.729167 0.565476
vt 0.729167 0.568453
vt 0.726190 0.568453
vt 0.729167 0.571429
vt 0.726190 0.571429
vt 0.723214 0.568453
vt 0.720238 0.568453
vt 0.723214 0.571429
vt 0.720238 0.571429
vt 0.723214 0.574405
vt 0.720238 0.574405
vt 0.726190 0.574405
vt 0.726190 0.577381
vt 0.723214 0.577381
vt 0.720238 0.577381
vt 0.729167 0.574405
vt 0.729167 0.577381
vt 0.729167 0.580357
vt 0.726190 0.580357
vt 0.729167 0.583333
vt 0.726190 0.583333
vt 0.723214 0.580357
vt 0.720238 0.580357
vt 0.723214 0.583333
vt 0.720238 0.583333
vt 0.723214 0.586310
vt 0.720238 0.586310
vt 0.726190 0.586310
vt 0.726191 0.589286
vt 0.723214 0.589286
vt 0.720238 0.589286
vt 0.729167 0.586310
vt 0.729167 0.589286
vt 0.729167 0.592262
vt 0.726191 0.592262
vt 0.729167 0.595238
vt 0.726191 0.595238
vt 0.723214 0.592262
vt 0.720238 0.592262
vt 0.723214 0.595238
vt 0.720238 0.595238
vt 0.723214 0.598214
vt 0.720238 0.598214
vt 0.726191 0.598214
vt 0.726191 0.601191
vt 0.723214 0.601191
vt 0.720238 0.601191
vt 0.729167 0.598214
vt 0.729167 0.601191
vt 0.729167 0.604167
vt 0.726191 0.604167
vt 0.729167 0.607143
vt 0.726191 0.607143
vt 0.723214 0.604167
vt 0.720238 0.604167
vt 0.723214 0.607143
vt 0.720238 0.607143
vt 0.723214 0.610119
vt 0.720238 0.610119
vt 0.726191 0.610119
vt 0.726191 0.613095
vt 0.723214 0.613095
vt 0.720238 0.613095
vt 0.729167 0.610119
vt 0.729167 0.613095
vt 0.729167 0.616072
vt 0.726191 0.616072
vt 0.729167 0.619048
vt 0.726191 0.619048
vt 0.723214 0.616072
vt 0.720238 0.616072
vt 0.723214 0.619048
vt 0.720238 0.619048
vt 0.723214 0.622024
vt 0.720238 0.622024
vt 0.726191 0.622024
vt 0.726191 0.625000
vt 0.723214 0.625000
vt 0.720238 0.625000
vt 0.729167 0.622024
vt 0.729167 0.625000
vt 0.729167 0.627976
vt 0.726191 0.627976
vt 0.729167 0.630952
vt 0.726191 0.630952
vt 0.723214 0.627976
vt 0.720238 0.627976
vt 0.723214 0.630952
vt 0.720238 0.630952
vt 0.723214 0.633929
vt 0.720238 0.633929
vt 0.726191 0.633929
vt 0.726191 0.636905
vt 0.723214 0.636905
vt 0.720238 0.636905
vt 0.729167 0.633929
vt 0.729167 0.636905
vt 0.729167 0.639881
vt 0.726191 0.639881
vt 0.729167 0.642857
vt 0.726191 0.642857
vt 0.723214 0.639881
vt 0.720238 0.639881
vt 0.723214 0.642857
vt 0.720238 0.642857
vt 0.723214 0.645833
vt 0.720238 0.645833
vt 0.726191 0.645833
vt 0.726191 0.648810
vt 0.723214 0.648810
vt 0.720238 0.648810
vt 0.729167 0.645833
vt 0.729167 0.648810
vt 0.729167 0.651786
vt 0.726191 0.651786
vt 0.729167 0.654762
vt 0.726191 0.654762
vt 0.723214 0.651786
vt 0.720238 0.651786
vt 0.723214 0.654762
vt 0.720238 0.654762
vt 0.723214 0.657738
vt 0.720238 0.657738
vt 0.726191 0.657738
vt 0.726191 0.660714
vt 0.723214 0.660714
vt 0.720238 0.660714
vt 0.729167 0.657738
vt 0.729167 0.660714
vt 0.729167 0.663691
vt 0.726191 0.663691
vt 0.729167 0.666667
vt 0.726191 0.666667
vt 0.723214 0.663691
vt 0.720238 0.663691
vt 0.723214 0.666667
vt 0.720238 0.666667
vt 0.723214 0.669643
vt 0.720238 0.669643
vt 0.726191 0.669643
vt 0.726191 0.672619
vt 0.723214 0.672619
vt 0.720238 0.672619
vt 0.729167 0.669643
vt 0.729167 0.672619
vt 0.729167 0.675595
vt 0.726191 0.675595
vt 0.729167 0.678572
vt 0.726191 0.678572
vt 0.723214 0.675595
vt 0.720238 0.675595
vt 0.723214 0.678572
vt 0.720238 0.678571
vt 0.723214 0.681548
vt 0.720238 0.681548
vt 0.726191 0.681548
vt 0.726191 0.684524
vt 0.723214 0.684524
vt 0.720238 0.684524
vt 0.729167 0.681548
vt 0.729167 0.684524
vt 0.729167 0.687500
vt 0.726191 0.687500
vt 0.729167 0.690476
vt 0.726191 0.690476
vt 0.723214 0.687500
vt 0.720238 0.687500
vt 0.723214 0.690476
vt 0.720238 0.690476
vt 0.723214 0.693452
vt 0.720238 0.693452
vt 0.726191 0.693452
vt 0.726191 0.696429
vt 0.723214 0.696429
vt 0.720238 0.696429
vt 0.729167 0.693452
vt 0.729167 0.696429
vt 0.729167 0.699405
vt 0.726191 0.699405
vt 0.729167 0.702381
vt 0.726191 0.702381
vt 0.723214 0.699405
vt 0.720238 0.699405
vt 0.723214 0.702381
vt 0.720238 0.702381
vt 0.723214 0.705357
vt 0.720238 0.705357
vt 0.726191 0.705357
vt 0.726191 0.708333
vt 0.723214 0.708333
vt 0.720238 0.708334
vt 0.729167 0.705357
vt 0.729167 0.708333
vt 0.729167 0.711310
vt 0.726191 0.711310
vt 0.729167 0.714286
vt 0.726191 0.714286
vt 0.723214 0.711310
vt 0.720238 0.711310
vt 0.723214 0.714286
vt 0.720238 0.714286
vt 0.723214 0.717262
vt 0.720238 0.717262
vt 0.726191 0.717262
vt 0.726191 0.720238
vt 0.723214 0.720238
vt 0.720238 0.720238
vt 0.729167 0.717262
vt 0.729167 0.720238
vt 0.729167 0.723214
vt 0.726191 0.723214
vt 0.729167 0.726191
vt 0.726191 0.726191
vt 0.723214 0.723214
vt 0.720238 0.723214
vt 0.723214 0.726191
vt 0.720238 0.726191
vt 0.723214 0.729167
vt 0.720238 0.729167
vt 0.726191 0.729167
vt 0.726191 0.732143
vt 0.723214 0.732143
vt 0.720238 0.732143
vt 0.729167 0.729167
vt 0.729167 0.732143
vt 0.729167 0.735119
vt 0.726190 0.735119
vt 0.723214 0.735119
vt 0.720238 0.735119
vt 0.708333 0.500000
vt 0.711310 0.500000
vt 0.711309 0.502976
vt 0.708333 0.502976
vt 0.714286 0.500000
vt 0.714286 0.502976
vt 0.714286 0.505952
vt 0.711309 0.505952
vt 0.708333 0.505952
vt 0.717262 0.500000
vt 0.717262 0.502976
vt 0.717262 0.505952
vt 0.717262 0.508929
vt 0.714286 0.508929
vt 0.717262 0.511905
vt 0.714286 0.511905
vt 0.711309 0.508929
vt 0.708333 0.508929
vt 0.711310 0.511905
vt 0.708333 0.511905
vt 0.711309 0.514881
vt 0.708333 0.514881
vt 0.714286 0.514881
vt 0.714286 0.517857
vt 0.711310 0.517857
vt 0.708333 0.517857
vt 0.717262 0.514881
vt 0.717262 0.517857
vt 0.717262 0.520833
vt 0.714286 0.520833
vt 0.717262 0.523810
vt 0.714286 0.523810
vt 0.711310 0.520833
vt 0.708333 0.520833
vt 0.711310 0.523810
vt 0.708333 0.523810
vt 0.711309 0.526786
vt 0.708333 0.526786
vt 0.714286 0.526786
vt 0.714286 0.529762
vt 0.711310 0.529762
vt 0.708333 0.529762
vt 0.717262 0.526786
vt 0.717262 0.529762
vt 0.717262 0.532738
vt 0.714286 0.532738
vt 0.717262 0.535714
vt 0.714286 0.535714
vt 0.711310 0.532738
vt 0.708333 0.532738
vt 0.711310 0.535714
vt 0.708333 0.535714
vt 0.711309 0.538691
vt 0.708333 0.538691
vt 0.714286 0.538691
vt 0.714286 0.541667
vt 0.711310 0.541667
vt 0.708333 0.541667
vt 0.717262 0.538691
vt 0.717262 0.541667
vt 0.717262 0.544643
vt 0.714286 0.544643
vt 0.717262 0.547619
vt 0.714286 0.547619
vt 0.711309 0.544643
vt 0.708333 0.544643
vt 0.711309 0.547619
vt 0.708333 0.547619
vt 0.711309 0.550595
vt 0.708333 0.550595
vt 0.714286 0.550595
vt 0.714286 0.553572
vt 0.711310 0.553572
vt 0.708333 0.553572
vt 0.717262 0.550595
vt 0.717262 0.553572
vt 0.717262 0.556548
vt 0.714286 0.556548
vt 0.717262 0.559524
vt 0.714286 0.559524
vt 0.711309 0.556548
vt 0.708333 0.556548
vt 0.711309 0.559524
vt 0.708333 0.559524
vt 0.711309 0.562500
vt 0.708333 0.562500
vt 0.714286 0.562500
vt 0.714286 0.565476
vt 0.711310 0.565476
vt 0.708333 0.565476
vt 0.717262 0.562500
vt 0.717262 0.565476
vt 0.717262 0.568453
vt 0.714286 0.568453
vt 0.717262 0.571429
vt 0.714286 0.571429
vt 0.711309 0.568453
vt 0.708333 0.568453
vt 0.711309 0.571429
vt 0.708333 0.571429
vt 0.711309 0.574405
vt 0.708333 0.574405
vt 0.714286 0.574405
vt 0.714286 0.577381
vt 0.711310 0.577381
vt 0.708333 0.577381
vt 0.717262 0.574405
vt 0.717262 0.577381
vt 0.717262 0.580357
vt 0.714286 0.580357
vt 0.717262 0.583333
vt 0.714286 0.583333
vt 0.711310 0.580357
vt 0.708333 0.580357
vt 0.711310 0.583333
vt 0.708333 0.583333
vt 0.711309 0.586310
vt 0.708333 0.586310
vt 0.714286 0.586310
vt 0.714286 0.589286
vt 0.711310 0.589286
vt 0.708333 0.589286
vt 0.717262 0.586310
vt 0.717262 0.589286
vt 0.717262 0.592262
vt 0.714286 0.592262
vt 0.717262 0.595238
vt 0.714286 0.595238
vt 0.711310 0.592262
vt 0.708333 0.592262
vt 0.711310 0.595238
vt 0.708333 0.595238
vt 0.711309 0.598214
vt 0.708333 0.598214
vt 0.714286 0.598214
vt 0.714286 0.601191
vt 0.711310 0.601191
vt 0.708333 0.601191
vt 0.717262 0.598214
vt 0.717262 0.601191
vt 0.717262 0.604167
vt 0.714286 0.604167
vt 0.717262 0.607143
vt 0.714286 0.607143
vt 0.711310 0.604167
vt 0.708333 0.604167
vt 0.711310 0.607143
vt 0.708333 0.607143
vt 0.711310 0.610119
vt 0.708333 0.610119
vt 0.714286 0.610119
vt 0.714286 0.613095
vt 0.711310 0.613095
vt 0.708333 0.613095
vt 0.717262 0.610119
vt 0.717262 0.613095
vt 0.717262 0.616072
vt 0.714286 0.616072
vt 0.717262 0.619048
vt 0.714286 0.619048
vt 0.711310 0.616072
vt 0.708333 0.616072
vt 0.711310 0.619048
vt 0.708333 0.619048
vt 0.711310 0.622024
vt 0.708333 0.622024
vt 0.714286 0.622024
vt 0.714286 0.625000
vt 0.711310 0.625000
vt 0.708333 0.625000
vt 0.717262 0.622024
vt 0.717262 0.625000
vt 0.717262 0.627976
vt 0.714286 0.627976
vt 0.717262 0.630952
vt 0.714286 0.630952
vt 0.711310 0.627976
vt 0.708333 0.627976
vt 0.711310 0.630952
vt 0.708333 0.630952
vt 0.711310 0.633929
vt 0.708333 0.633929
vt 0.714286 0.633929
vt 0.714286 0.636905
vt 0.711310 0.636905
vt 0.708333 0.636905
vt 0.717262 0.633929
vt 0.717262 0.636905
vt 0.717262 0.639881
vt 0.714286 0.639881
vt 0.717262 0.642857
vt 0.714286 0.642857
vt 0.711310 0.639881
vt 0.708333 0.639881
vt 0.711310 0.642857
vt 0.708333 0.642857
vt 0.711310 0.645833
vt 0.708333 0.645833
vt 0.714286 0.645833
vt 0.714286 0.648810
vt 0.711310 0.648810
vt 0.708333 0.648810
vt 0.717262 0.645833
vt 0.717262 0.648810
vt 0.717262 0.651786
vt 0.714286 0.651786
vt 0.717262 0.654762
vt 0.714286 0.654762
vt 0.711310 0.651786
vt 0.708333 0.651786
vt 0.711310 0.654762
vt 0.708333 0.654762
vt 0.711310 0.657738
vt 0.708333 0.657738
vt 0.714286 0.657738
vt 0.714286 0.660714
vt 0.711310 0.660714
vt 0.708333 0.660714
vt 0.717262 0.657738
vt 0.717262 0.660714
vt 0.717262 0.663691
vt 0.714286 0.663691
vt 0.717262 0.666667
vt 0.714286 0.666667
vt 0.711310 0.663691
vt 0.708333 0.663691
vt 0.711310 0.666667
vt 0.708333 0.666667
vt 0.711310 0.669643
vt 0.708333 0.669643
vt 0.714286 0.669643
vt 0.714286 0.672619
vt 0.711310 0.672619
vt 0.708333 0.672619
vt 0.717262 0.669643
vt 0.717262 0.672619
vt 0.717262 0.675595
vt 0.714286 0.675595
vt 0.717262 0.678572
vt 0.714286 0.678572
vt 0.711310 0.675595
vt 0.708333 0.675595
vt 0.711310 0.678572
vt 0.708333 0.678571
vt 0.711310 0.681548
vt 0.708333 0.681548
vt 0.714286 0.681548
vt 0.714286 0.684524
vt 0.711310 0.684524
vt 0.708333 0.684524
vt 0.717262 0.681548
vt 0.717262 0.684524
vt 0.717262 0.687500
vt 0.714286 0.687500
vt 0.717262 0.690476
vt 0.714286 0.690476
vt 0.711310 0.687500
vt 0.708333 0.687500
vt 0.711310 0.690476
vt 0.708333 0.690476
vt 0.711310 0.693452
vt 0.708333 0.693452
vt 0.714286 0.693452
vt 0.714286 0.696429
vt 0.711310 0.696429
vt 0.708333 0.696429
vt 0.717262 0.693452
vt 0.717262 0.696429
vt 0.717262 0.699405
vt 0.714286 0.699405
vt 0.717262 0.702381
vt 0.714286 0.702381
vt 0.711310 0.699405
vt 0.708333 0.699405
vt 0.711310 0.702381
vt 0.708333 0.702381
vt 0.711310 0.705357
vt 0.708333 0.705357
vt 0.714286 0.705357
vt 0.714286 0.708333
vt 0.711310 0.708333
vt 0.708333 0.708334
vt 0.717262 0.705357
vt 0.717262 0.708333
vt 0.717262 0.711310
vt 0.714286 0.711310
vt 0.717262 0.714286
vt 0.714286 0.714286
vt 0.711310 0.711310
vt 0.708333 0.711310
vt 0.711310 0.714286
vt 0.708333 0.714286
vt 0.711309 0.717262
vt 0.708333 0.717262
vt 0.714286 0.717262
vt 0.714286 0.720238
vt 0.711310 0.720238
vt 0.708333 0.720238
vt 0.717262 0.717262
vt 0.717262 0.720238
vt 0.717262 0.723214
vt 0.714286 0.723214
vt 0.717262 0.726191
vt 0.714286 0.726191
vt 0.711310 0.723214
vt 0.708333 0.723214
vt 0.711310 0.726191
vt 0.708333 0.726191
vt 0.711309 0.729167
vt 0.708333 0.729167
vt 0.714286 0.729167
vt 0.714286 0.732143
vt 0.711310 0.732143
vt 0.708333 0.732143
vt 0.717262 0.729167
vt 0.717262 0.732143
vt 0.717262 0.735119
vt 0.714286 0.735119
vt 0.711309 0.735119
vt 0.708333 0.735119
vt 0.696429 0.500000
vt 0.699405 0.500000
vt 0.699405 0.502976
vt 0.696429 0.502976
vt 0.702381 0.500000
vt 0.702381 0.502976
vt 0.702381 0.505952
vt 0.699405 0.505952
vt 0.696429 0.505952
vt 0.705357 0.500000
vt 0.705357 0.502976
vt 0.705357 0.505952
vt 0.705357 0.508929
vt 0.702381 0.508929
vt 0.705357 0.511905
vt 0.702381 0.511905
vt 0.699405 0.508929
vt 0.696429 0.508929
vt 0.699405 0.511905
vt 0.696429 0.511905
vt 0.699405 0.514881
vt 0.696429 0.514881
vt 0.702381 0.514881
vt 0.702381 0.517857
vt 0.699405 0.517857
vt 0.696429 0.517857
vt 0.705357 0.514881
vt 0.705357 0.517857
vt 0.705357 0.520833
vt 0.702381 0.520833
vt 0.705357 0.523810
vt 0.702381 0.523810
vt 0.699405 0.520833
vt 0.696429 0.520833
vt 0.699405 0.523810
vt 0.696429 0.523810
vt 0.699405 0.526786
vt 0.696429 0.526786
vt 0.702381 0.526786
vt 0.702381 0.529762
vt 0.699405 0.529762
vt 0.696429 0.529762
vt 0.705357 0.526786
vt 0.705357 0.529762
vt 0.705357 0.532738
vt 0.702381 0.532738
vt 0.705357 0.535714
vt 0.702381 0.535714
vt 0.699405 0.532738
vt 0.696429 0.532738
vt 0.699405 0.535714
vt 0.696429 0.535714
vt 0.699405 0.538691
vt 0.696429 0.538691
vt 0.702381 0.538691
vt 0.702381 0.541667
vt 0.699405 0.541667
vt 0.696429 0.541667
vt 0.705357 0.538691
vt 0.705357 0.541667
vt 0.705357 0.544643
vt 0.702381 0.544643
vt 0.705357 0.547619
vt 0.702381 0.547619
vt 0.699405 0.544643
vt 0.696429 0.544643
vt 0.699405 0.547619
vt 0.696429 0.547619
vt 0.699405 0.550595
vt 0.696429 0.550595
vt 0.702381 0.550595
vt 0.702381 0.553572
vt 0.699405 0.553572
vt 0.696429 0.553572
vt 0.705357 0.550595
vt 0.705357 0.553572
vt 0.705357 0.556548
vt 0.702381 0.556548
vt 0.705357 0.559524
vt 0.702381 0.559524
vt 0.699405 0.556548
vt 0.696429 0.556548
vt 0.699405 0.559524
vt 0.696429 0.559524
vt 0.699405 0.562500
vt 0.696429 0.562500
vt 0.702381 0.562500
vt 0.702381 0.565476
vt 0.699405 0.565476
vt 0.696429 0.565476
vt 0.705357 0.562500
vt 0.705357 0.565476
vt 0.705357 0.568453
vt 0.702381 0.568453
vt 0.705357 0.571429
vt 0.702381 0.571429
vt 0.699405 0.568453
vt 0.696429 0.568453
vt 0.699405 0.571429
vt 0.696429 0.571429
vt 0.699405 0.574405
vt 0.696429 0.574405
vt 0.702381 0.574405
vt 0.702381 0.577381
vt 0.699405 0.577381
vt 0.696429 0.577381
vt 0.705357 0.574405
vt 0.705357 0.577381
vt 0.705357 0.580357
vt 0.702381 0.580357
vt 0.705357 0.583333
vt 0.702381 0.583333
vt 0.699405 0.580357
vt 0.696429 0.580357
vt 0.699405 0.583333
vt 0.696429 0.583333
vt 0.699405 0.586310
vt 0.696429 0.586310
vt 0.702381 0.586310
vt 0.702381 0.589286
vt 0.699405 0.589286
vt 0.696429 0.589286
vt 0.705357 0.586310
vt 0.705357 0.589286
vt 0.705357 0.592262
vt 0.702381 0.592262
vt 0.705357 0.595238
vt 0.702381 0.595238
vt 0.699405 0.592262
vt 0.696429 0.592262
vt 0.699405 0.595238
vt 0.696429 0.595238
vt 0.699405 0.598214
vt 0.696429 0.598214
vt 0.702381 0.598214
vt 0.702381 0.601191
vt 0.699405 0.601191
vt 0.696429 0.601191
vt 0.705357 0.598214
vt 0.705357 0.601191
vt 0.705357 0.604167
vt 0.702381 0.604167
vt 0.705357 0.607143
vt 0.702381 0.607143
vt 0.699405 0.604167
vt 0.696429 0.604167
vt 0.699405 0.607143
vt 0.696429 0.607143
vt 0.699405 0.610119
vt 0.696429 0.610119
vt 0.702381 0.610119
vt 0.702381 0.613095
vt 0.699405 0.613095
vt 0.696429 0.613095
vt 0.705357 0.610119
vt 0.705357 0.613095
vt 0.705357 0.616072
vt 0.702381 0.616072
vt 0.705357 0.619048
vt 0.702381 0.619048
vt 0.699405 0.616072
vt 0.696429 0.616072
vt 0.699405 0.619048
vt 0.696429 0.619048
vt 0.699405 0.622024
vt 0.696429 0.622024
vt 0.702381 0.622024
vt 0.702381 0.625000
vt 0.699405 0.625000
vt 0.696429 0.625000
vt 0.705357 0.622024
vt 0.705357 0.625000
vt 0.705357 0.627976
vt 0.702381 0.627976
vt 0.705357 0.630952
vt 0.702381 0.630952
vt 0.699405 0.627976
vt 0.696429 0.627976
vt 0.699405 0.630952
vt 0.696429 0.630952
vt 0.699405 0.633929
vt 0.696429 0.633929
vt 0.702381 0.633929
vt 0.702381 0.636905
vt 0.699405 0.636905
vt 0.696429 0.636905
vt 0.705357 0.633929
vt 0.705357 0.636905
vt 0.705357 0.639881
vt 0.702381 0.639881
vt 0.705357 0.642857
vt 0.702381 0.642857
vt 0.699405 0.639881
vt 0.696429 0.639881
vt 0.699405 0.642857
vt 0.696429 0.642857
vt 0.699405 0.645833
vt 0.696429 0.645833
vt 0.702381 0.645833
vt 0.702381 0.648810
vt 0.699405 0.648810
vt 0.696429 0.648810
vt 0.705357 0.645833
vt 0.705357 0.648810
vt 0.705357 0.651786
vt 0.702381 0.651786
vt 0.705357 0.654762
vt 0.702381 0.654762
vt 0.699405 0.651786
vt 0.696429 0.651786
vt 0.699405 0.654762
vt 0.696429 0.654762
vt 0.699405 0.657738
vt 0.696429 0.657738
vt 0.702381 0.657738
vt 0.702381 0.660714
vt 0.699405 0.660714
vt 0.696429 0.660714
vt 0.705357 0.657738
vt 0.705357 0.660714
vt 0.705357 0.663691
vt 0.702381 0.663691
vt 0.705357 0.666667
vt 0.702381 0.666667
vt 0.699405 0.663691
vt 0.696429 0.663691
vt 0.699405 0.666667
vt 0.696429 0.666667
vt 0.699405 0.669643
vt 0.696429 0.669643
vt 0.702381 0.669643
vt 0.702381 0.672619
vt 0.699405 0.672619
vt 0.696429 0.672619
vt 0.705357 0.669643
vt 0.705357 0.672619
vt 0.705357 0.675595
vt 0.702381 0.675595
vt 0.705357 0.678572
vt 0.702381 0.678572
vt 0.699405 0.675595
vt 0.696429 0.675595
vt 0.699405 0.678572
vt 0.696429 0.678571
vt 0.699405 0.681548
vt 0.696429 0.681548
vt 0.702381 0.681548
vt 0.702381 0.684524
vt 0.699405 0.684524
vt 0.696429 0.684524
vt 0.705357 0.681548
vt 0.705357 0.684524
vt 0.705357 0.687500
vt 0.702381 0.687500
vt 0.705357 0.690476
vt 0.702381 0.690476
vt 0.699405 0.687500
vt 0.696429 0.687500
vt 0.699405 0.690476
vt 0.696429 0.690476
vt 0.699405 0.693452
vt 0.696429 0.693452
vt 0.702381 0.693452
vt 0.702381 0.696429
vt 0.699405 0.696429
vt 0.696429 0.696429
vt 0.705357 0.693452
vt 0.705357 0.696429
vt 0.705357 0.699405
vt 0.702381 0.699405
vt 0.705357 0.702381
vt 0.702381 0.702381
vt 0.699405 0.699405
vt 0.696429 0.699405
vt 0.699405 0.702381
vt 0.696429 0.702381
vt 0.699405 0.705357
vt 0.696429 0.705357
vt 0.702381 0.705357
vt 0.702381 0.708333
vt 0.699405 0.708333
vt 0.696429 0.708334
vt 0.705357 0.705357
vt 0.705357 0.708333
vt 0.705357 0.711310
vt 0.702381 0.711310
vt 0.705357 0.714286
vt 0.702381 0.714286
vt 0.699405 0.711310
vt 0.696429 0.711310
vt 0.699405 0.714286
vt 0.696429 0.714286
vt 0.699405 0.717262
vt 0.696429 0.717262
vt 0.702381 0.717262
vt 0.702381 0.720238
vt 0.699405 0.720238
vt 0.696429 0.720238
vt 0.705357 0.717262
vt 0.705357 0.720238
vt 0.705357 0.723214
vt 0.702381 0.723214
vt 0.705357 0.726191
vt 0.702381 0.726191
vt 0.699405 0.723214
vt 0.696429 0.723214
vt 0.699405 0.726191
vt 0.696429 0.726191
vt 0.699405 0.729167
vt 0.696429 0.729167
vt 0.702381 0.729167
vt 0.702381 0.732143
vt 0.699405 0.732143
vt 0.696429 0.732143
vt 0.705357 0.729167
vt 0.705357 0.732143
vt 0.705357 0.735119
vt 0.702381 0.735119
vt 0.699405 0.735119
vt 0.696429 0.735119
vt 0.684524 0.500000
vt 0.687500 0.500000
vt 0.687500 0.502976
vt 0.684524 0.502976
vt 0.690476 0.500000
vt 0.690476 0.502976
vt 0.690476 0.505952
vt 0.687500 0.505952
vt 0.684524 0.505952
vt 0.693452 0.500000
vt 0.693452 0.502976
vt 0.693452 0.505952
vt 0.693452 0.508929
vt 0.690476 0.508929
vt 0.693452 0.511905
vt 0.690476 0.511905
vt 0.687500 0.508929
vt 0.684524 0.508929
vt 0.687500 0.511905
vt 0.684524 0.511905
vt 0.687500 0.514881
vt 0.684524 0.514881
vt 0.690476 0.514881
vt 0.690476 0.517857
vt 0.687500 0.517857
vt 0.684524 0.517857
vt 0.693452 0.514881
vt 0.693452 0.517857
vt 0.693452 0.520833
vt 0.690476 0.520833
vt 0.693452 0.523810
vt 0.690476 0.523810
vt 0.687500 0.520833
vt 0.684524 0.520833
vt 0.687500 0.523810
vt 0.684524 0.523810
vt 0.687500 0.526786
vt 0.684524 0.526786
vt 0.690476 0.526786
vt 0.690476 0.529762
vt 0.687500 0.529762
vt 0.684524 0.529762
vt 0.693452 0.526786
vt 0.693452 0.529762
vt 0.693452 0.532738
vt 0.690476 0.532738
vt 0.693452 0.535714
vt 0.690476 0.535714
vt 0.687500 0.532738
vt 0.684524 0.532738
vt 0.687500 0.535714
vt 0.684524 0.535714
vt 0.687500 0.538691
vt 0.684524 0.538691
vt 0.690476 0.538691
vt 0.690476 0.541667
vt 0.687500 0.541667
vt 0.684524 0.541667
vt 0.693452 0.538691
vt 0.693452 0.541667
vt 0.693452 0.544643
vt 0.690476 0.544643
vt 0.693452 0.547619
vt 0.690476 0.547619
vt 0.687500 0.544643
vt 0.684524 0.544643
vt 0.687500 0.547619
vt 0.684524 0.547619
vt 0.687500 0.550595
vt 0.684524 0.550595
vt 0.690476 0.550595
vt 0.690476 0.553572
vt 0.687500 0.553572
vt 0.684524 0.553572
vt 0.693452 0.550595
vt 0.693452 0.553572
vt 0.693452 0.556548
vt 0.690476 0.556548
vt 0.693452 0.559524
vt 0.690476 0.559524
vt 0.687500 0.556548
vt 0.684524 0.556548
vt 0.687500 0.559524
vt 0.684524 0.559524
vt 0.687500 0.562500
vt 0.684524 0.562500
vt 0.690476 0.562500
vt 0.690476 0.565476
vt 0.687500 0.565476
vt 0.684524 0.565476
vt 0.693452 0.562500
vt 0.693452 0.565476
vt 0.693452 0.568453
vt 0.690476 0.568453
vt 0.693452 0.571429
vt 0.690476 0.571429
vt 0.687500 0.568453
vt 0.684524 0.568453
vt 0.687500 0.571429
vt 0.684524 0.571429
vt 0.687500 0.574405
vt 0.684524 0.574405
vt 0.690476 0.574405
vt 0.690476 0.577381
vt 0.687500 0.577381
vt 0.684524 0.577381
vt 0.693452 0.574405
vt 0.693452 0.577381
vt 0.693452 0.580357
vt 0.690476 0.580357
vt 0.693452 0.583333
vt 0.690476 0.583333
vt 0.687500 0.580357
vt 0.684524 0.580357
vt 0.687500 0.583333
vt 0.684524 0.583333
vt 0.687500 0.586310
vt 0.684524 0.586310
vt 0.690476 0.586310
vt 0.690476 0.589286
vt 0.687500 0.589286
vt 0.684524 0.589286
vt 0.693452 0.586310
vt 0.693452 0.589286
vt 0.693452 0.592262
vt 0.690476 0.592262
vt 0.693452 0.595238
vt 0.690476 0.595238
vt 0.687500 0.592262
vt 0.684524 0.592262
vt 0.687500 0.595238
vt 0.684524 0.595238
vt 0.687500 0.598214
vt 0.684524 0.598214
vt 0.690476 0.598214
vt 0.690476 0.601191
vt 0.687500 0.601191
vt 0.684524 0.601191
vt 0.693452 0.598214
vt 0.693452 0.601191
vt 0.693452 0.604167
vt 0.690476 0.604167
vt 0.693452 0.607143
vt 0.690476 0.607143
vt 0.687500 0.604167
vt 0.684524 0.604167
vt 0.687500 0.607143
vt 0.684524 0.607143
vt 0.687500 0.610119
vt 0.684524 0.610119
vt 0.690476 0.610119
vt 0.690476 0.613095
vt 0.687500 0.613095
vt 0.684524 0.613095
vt 0.693452 0.610119
vt 0.693452 0.613095
vt 0.693452 0.616072
vt 0.690476 0.616072
vt 0.693452 0.619048
vt 0.690476 0.619048
vt 0.687500 0.616072
vt 0.684524 0.616072
vt 0.687500 0.619048
vt 0.684524 0.619048
vt 0.687500 0.622024
vt 0.684524 0.622024
vt 0.690476 0.622024
vt 0.690476 0.625000
vt 0.687500 0.625000
vt 0.684524 0.625000
vt 0.693452 0.622024
vt 0.693452 0.625000
vt 0.693452 0.627976
vt 0.690476 0.627976
vt 0.693452 0.630952
vt 0.690476 0.630952
vt 0.687500 0.627976
vt 0.684524 0.627976
vt 0.687500 0.630952
vt 0.684524 0.630952
vt 0.687500 0.633929
vt 0.684524 0.633929
vt 0.690476 0.633929
vt 0.690476 0.636905
vt 0.687500 0.636905
vt 0.684524 0.636905
vt 0.693452 0.633929
vt 0.693452 0.636905
vt 0.693452 0.639881
vt 0.690476 0.639881
vt 0.693452 0.642857
vt 0.690476 0.642857
vt 0.687500 0.639881
vt 0.684524 0.639881
vt 0.687500 0.642857
vt 0.684524 0.642857
vt 0.687500 0.645833
vt 0.684524 0.645833
vt 0.690476 0.645833
vt 0.690476 0.648810
vt 0.687500 0.648810
vt 0.684524 0.648810
vt 0.693452 0.645833
vt 0.693452 0.648810
vt 0.693452 0.651786
vt 0.690476 0.651786
vt 0.693452 0.654762
vt 0.690476 0.654762
vt 0.687500 0.651786
vt 0.684524 0.651786
vt 0.687500 0.654762
vt 0.684524 0.654762
vt 0.687500 0.657738
vt 0.684524 0.657738
vt 0.690476 0.657738
vt 0.690476 0.660714
vt 0.687500 0.660714
vt 0.684524 0.660714
vt 0.693452 0.657738
vt 0.693452 0.660714
vt 0.693452 0.663691
vt 0.690476 0.663691
vt 0.693452 0.666667
vt 0.690476 0.666667
vt 0.687500 0.663691
vt 0.684524 0.663691
vt 0.687500 0.666667
vt 0.684524 0.666667
vt 0.687500 0.669643
vt 0.684524 0.669643
vt 0.690476 0.669643
vt 0.690476 0.672619
vt 0.687500 0.672619
vt 0.684524 0.672619
vt 0.693452 0.669643
vt 0.693452 0.672619
vt 0.693452 0.675595
vt 0.690476 0.675595
vt 0.693452 0.678572
vt 0.690476 0.678572
vt 0.687500 0.675595
vt 0.684524 0.675595
vt 0.687500 0.678572
vt 0.684524 0.678571
vt 0.687500 0.681548
vt 0.684524 0.681548
vt 0.690476 0.681548
vt 0.690476 0.684524
vt 0.687500 0.684524
vt 0.684524 0.684524
vt 0.693452 0.681548
vt 0.693452 0.684524
vt 0.693452 0.687500
vt 0.690476 0.687500
vt 0.693452 0.690476
vt 0.690476 0.690476
vt 0.687500 0.687500
vt 0.684524 0.687500
vt 0.687500 0.690476
vt 0.684524 0.690476
vt 0.687500 0.693452
vt 0.684524 0.693452
vt 0.690476 0.693452
vt 0.690476 0.696429
vt 0.687500 0.696429
vt 0.684524 0.696429
vt 0.693452 0.693452
vt 0.693452 0.696429
vt 0.693452 0.699405
vt 0.690476 0.699405
vt 0.693452 0.702381
vt 0.690476 0.702381
vt 0.687500 0.699405
vt 0.684524 0.699405
vt 0.687500 0.702381
vt 0.684524 0.702381
vt 0.687500 0.705357
vt 0.684524 0.705357
vt 0.690476 0.705357
vt 0.690476 0.708333
vt 0.687500 0.708333
vt 0.684524 0.708334
vt 0.693452 0.705357
vt 0.693452 0.708333
vt 0.693452 0.711310
vt 0.690476 0.711310
vt 0.693452 0.714286
vt 0.690476 0.714286
vt 0.687500 0.711310
vt 0.684524 0.711310
vt 0.687500 0.714286
vt 0.684524 0.714286
vt 0.687500 0.717262
vt 0.684524 0.717262
vt 0.690476 0.717262
vt 0.690476 0.720238
vt 0.687500 0.720238
vt 0.684524 0.720238
vt 0.693452 0.717262
vt 0.693452 0.720238
vt 0.693452 0.723214
vt 0.690476 0.723214
vt 0.693452 0.726191
vt 0.690476 0.726191
vt 0.687500 0.723214
vt 0.684524 0.723214
vt 0.687500 0.726191
vt 0.684524 0.726191
vt 0.687500 0.729167
vt 0.684524 0.729167
vt 0.690476 0.729167
vt 0.690476 0.732143
vt 0.687500 0.732143
vt 0.684524 0.732143
vt 0.693452 0.729167
vt 0.693452 0.732143
vt 0.693452 0.735119
vt 0.690476 0.735119
vt 0.687500 0.735119
vt 0.684524 0.735119
vt 0.866072 0.500000
vt 0.866072 0.502976
vt 0.869048 0.500000
vt 0.869048 0.502976
vt 0.869048 0.505952
vt 0.866072 0.505952
vt 0.872024 0.500000
vt 0.872024 0.502976
vt 0.875000 0.500000
vt 0.875000 0.502976
vt 0.875000 0.505952
vt 0.872024 0.505952
vt 0.872024 0.508929
vt 0.869048 0.508929
vt 0.875000 0.508929
vt 0.875000 0.511905
vt 0.872024 0.511905
vt 0.869048 0.511905
vt 0.866072 0.508929
vt 0.866072 0.511905
vt 0.866072 0.514881
vt 0.869048 0.514881
vt 0.869048 0.517857
vt 0.866072 0.517857
vt 0.872024 0.514881
vt 0.875000 0.514881
vt 0.875000 0.517857
vt 0.872024 0.517857
vt 0.872024 0.520833
vt 0.869048 0.520833
vt 0.875000 0.520833
vt 0.875000 0.523810
vt 0.872024 0.523810
vt 0.869048 0.523810
vt 0.866072 0.520833
vt 0.866072 0.523810
vt 0.866072 0.526786
vt 0.869048 0.526786
vt 0.869048 0.529762
vt 0.866072 0.529762
vt 0.872024 0.526786
vt 0.875000 0.526786
vt 0.875000 0.529762
vt 0.872024 0.529762
vt 0.872024 0.532738
vt 0.869048 0.532738
vt 0.875000 0.532738
vt 0.875000 0.535714
vt 0.872024 0.535714
vt 0.869048 0.535714
vt 0.866072 0.532738
vt 0.866072 0.535714
vt 0.866072 0.538691
vt 0.869048 0.538691
vt 0.869048 0.541667
vt 0.866072 0.541667
vt 0.872024 0.538691
vt 0.875000 0.538691
vt 0.875000 0.541667
vt 0.872024 0.541667
vt 0.872024 0.544643
vt 0.869048 0.544643
vt 0.875000 0.544643
vt 0.875000 0.547619
vt 0.872024 0.547619
vt 0.869048 0.547619
vt 0.866072 0.544643
vt 0.866072 0.547619
vt 0.866072 0.550595
vt 0.869048 0.550595
vt 0.869048 0.553572
vt 0.866072 0.553572
vt 0.872024 0.550595
vt 0.875000 0.550595
vt 0.875000 0.553572
vt 0.872024 0.553572
vt 0.872024 0.556548
vt 0.869048 0.556548
vt 0.875000 0.556548
vt 0.875000 0.559524
vt 0.872024 0.559524
vt 0.869048 0.559524
vt 0.866072 0.556548
vt 0.866072 0.559524
vt 0.866072 0.562500
vt 0.869048 0.562500
vt 0.869048 0.565476
vt 0.866072 0.565476
vt 0.872024 0.562500
vt 0.875000 0.562500
vt 0.875000 0.565476
vt 0.872024 0.565476
vt 0.872024 0.568453
vt 0.869048 0.568453
vt 0.875000 0.568453
vt 0.875000 0.571429
vt 0.872024 0.571429
vt 0.869048 0.571429
vt 0.866072 0.568453
vt 0.866072 0.571429
vt 0.866072 0.574405
vt 0.869048 0.574405
vt 0.869048 0.577381
vt 0.866072 0.577381
vt 0.872024 0.574405
vt 0.875000 0.574405
vt 0.875000 0.577381
vt 0.872024 0.577381
vt 0.872024 0.580357
vt 0.869048 0.580357
vt 0.875000 0.580357
vt 0.875000 0.583334
vt 0.872024 0.583334
vt 0.869048 0.583334
vt 0.866072 0.580357
vt 0.866072 0.583333
vt 0.866072 0.586310
vt 0.869048 0.586310
vt 0.869048 0.589286
vt 0.866072 0.589286
vt 0.872024 0.586310
vt 0.875000 0.586310
vt 0.875000 0.589286
vt 0.872024 0.589286
vt 0.872024 0.592262
vt 0.869048 0.592262
vt 0.875000 0.592262
vt 0.875000 0.595238
vt 0.872024 0.595238
vt 0.869048 0.595238
vt 0.866072 0.592262
vt 0.866072 0.595238
vt 0.866072 0.598214
vt 0.869048 0.598214
vt 0.869048 0.601191
vt 0.866072 0.601191
vt 0.872024 0.598215
vt 0.875000 0.598215
vt 0.875000 0.601191
vt 0.872024 0.601191
vt 0.872024 0.604167
vt 0.869048 0.604167
vt 0.875000 0.604167
vt 0.875000 0.607143
vt 0.872024 0.607143
vt 0.869048 0.607143
vt 0.866072 0.604167
vt 0.866072 0.607143
vt 0.866072 0.610119
vt 0.869048 0.610119
vt 0.869048 0.613095
vt 0.866072 0.613095
vt 0.872024 0.610119
vt 0.875000 0.610119
vt 0.875000 0.613096
vt 0.872024 0.613095
vt 0.872024 0.616072
vt 0.869048 0.616072
vt 0.875000 0.616072
vt 0.875000 0.619048
vt 0.872024 0.619048
vt 0.869048 0.619048
vt 0.866072 0.616072
vt 0.866072 0.619048
vt 0.866072 0.622024
vt 0.869048 0.622024
vt 0.869048 0.625000
vt 0.866072 0.625000
vt 0.872024 0.622024
vt 0.875000 0.622024
vt 0.875000 0.625000
vt 0.872024 0.625000
vt 0.872024 0.627976
vt 0.869048 0.627976
vt 0.875000 0.627976
vt 0.875000 0.630953
vt 0.872024 0.630953
vt 0.869048 0.630953
vt 0.866072 0.627976
vt 0.866072 0.630952
vt 0.866072 0.633929
vt 0.869048 0.633929
vt 0.869048 0.636905
vt 0.866072 0.636905
vt 0.872024 0.633929
vt 0.875000 0.633929
vt 0.875000 0.636905
vt 0.872024 0.636905
vt 0.872024 0.639881
vt 0.869048 0.639881
vt 0.875000 0.639881
vt 0.875000 0.642857
vt 0.872024 0.642857
vt 0.869048 0.642857
vt 0.866072 0.639881
vt 0.866072 0.642857
vt 0.866071 0.645833
vt 0.869048 0.645833
vt 0.869048 0.648810
vt 0.866071 0.648810
vt 0.872024 0.645833
vt 0.875000 0.645833
vt 0.875000 0.648810
vt 0.872024 0.648810
vt 0.872024 0.651786
vt 0.869048 0.651786
vt 0.875000 0.651786
vt 0.875000 0.654762
vt 0.872024 0.654762
vt 0.869048 0.654762
vt 0.866071 0.651786
vt 0.866072 0.654762
vt 0.866071 0.657738
vt 0.869048 0.657738
vt 0.869048 0.660714
vt 0.866071 0.660714
vt 0.872024 0.657738
vt 0.875000 0.657738
vt 0.875000 0.660715
vt 0.872024 0.660714
vt 0.872024 0.663691
vt 0.869048 0.663691
vt 0.875000 0.663691
vt 0.875000 0.666667
vt 0.872024 0.666667
vt 0.869048 0.666667
vt 0.866071 0.663691
vt 0.866072 0.666667
vt 0.866071 0.669643
vt 0.869048 0.669643
vt 0.869048 0.672619
vt 0.866071 0.672619
vt 0.872024 0.669643
vt 0.875000 0.669643
vt 0.875000 0.672619
vt 0.872024 0.672619
vt 0.872024 0.675595
vt 0.869048 0.675595
vt 0.875000 0.675595
vt 0.875000 0.678572
vt 0.872024 0.678572
vt 0.869048 0.678572
vt 0.866071 0.675595
vt 0.866072 0.678572
vt 0.866072 0.681548
vt 0.869048 0.681548
vt 0.869048 0.684524
vt 0.866072 0.684524
vt 0.872024 0.681548
vt 0.875000 0.681548
vt 0.875000 0.684524
vt 0.872024 0.684524
vt 0.872024 0.687500
vt 0.869048 0.687500
vt 0.875000 0.687500
vt 0.875000 0.690476
vt 0.872024 0.690476
vt 0.869048 0.690476
vt 0.866072 0.687500
vt 0.866072 0.690476
vt 0.866072 0.693452
vt 0.869048 0.693453
vt 0.869048 0.696429
vt 0.866072 0.696429
vt 0.872024 0.693453
vt 0.875000 0.693453
vt 0.875000 0.696429
vt 0.872024 0.696429
vt 0.872024 0.699405
vt 0.869048 0.699405
vt 0.875000 0.699405
vt 0.875000 0.702381
vt 0.872024 0.702381
vt 0.869048 0.702381
vt 0.866072 0.699405
vt 0.866072 0.702381
vt 0.866072 0.705357
vt 0.869048 0.705357
vt 0.869048 0.708333
vt 0.866072 0.708333
vt 0.872024 0.705357
vt 0.875000 0.705357
vt 0.875000 0.708333
vt 0.872024 0.708333
vt 0.872024 0.711310
vt 0.869048 0.711310
vt 0.875000 0.711310
vt 0.875000 0.714286
vt 0.872024 0.714286
vt 0.869048 0.714286
vt 0.866072 0.711310
vt 0.866072 0.714286
vt 0.866072 0.717262
vt 0.869048 0.717262
vt 0.869048 0.720238
vt 0.866072 0.720238
vt 0.872024 0.717262
vt 0.875000 0.717262
vt 0.875000 0.720238
vt 0.872024 0.720238
vt 0.872024 0.723214
vt 0.869048 0.723214
vt 0.875000 0.723214
vt 0.875000 0.726191
vt 0.872024 0.726191
vt 0.869048 0.726191
vt 0.866072 0.723214
vt 0.866072 0.726191
vt 0.866072 0.729167
vt 0.869048 0.729167
vt 0.869048 0.732143
vt 0.866072 0.732143
vt 0.872024 0.729167
vt 0.875000 0.729167
vt 0.875000 0.732143
vt 0.872024 0.732143
vt 0.872024 0.735119
vt 0.869048 0.735119
vt 0.875000 0.735119
vt 0.866072 0.735119
vt 0.672619 0.500000
vt 0.675595 0.500000
vt 0.675595 0.502976
vt 0.672619 0.502976
vt 0.678572 0.500000
vt 0.678571 0.502976
vt 0.678571 0.505952
vt 0.675595 0.505952
vt 0.672619 0.505952
vt 0.681548 0.500000
vt 0.681548 0.502976
vt 0.681548 0.505952
vt 0.681548 0.508929
vt 0.678571 0.508929
vt 0.681548 0.511905
vt 0.678571 0.511905
vt 0.675595 0.508929
vt 0.672619 0.508929
vt 0.675595 0.511905
vt 0.672619 0.511905
vt 0.675595 0.514881
vt 0.672619 0.514881
vt 0.678571 0.514881
vt 0.678571 0.517857
vt 0.675595 0.517857
vt 0.672619 0.517857
vt 0.681548 0.514881
vt 0.681548 0.517857
vt 0.681548 0.520833
vt 0.678571 0.520833
vt 0.681548 0.523810
vt 0.678572 0.523810
vt 0.675595 0.520833
vt 0.672619 0.520833
vt 0.675595 0.523810
vt 0.672619 0.523810
vt 0.675595 0.526786
vt 0.672619 0.526786
vt 0.678571 0.526786
vt 0.678571 0.529762
vt 0.675595 0.529762
vt 0.672619 0.529762
vt 0.681548 0.526786
vt 0.681548 0.529762
vt 0.681548 0.532738
vt 0.678571 0.532738
vt 0.681548 0.535714
vt 0.678572 0.535714
vt 0.675595 0.532738
vt 0.672619 0.532738
vt 0.675595 0.535714
vt 0.672619 0.535714
vt 0.675595 0.538691
vt 0.672619 0.538691
vt 0.678571 0.538691
vt 0.678571 0.541667
vt 0.675595 0.541667
vt 0.672619 0.541667
vt 0.681548 0.538691
vt 0.681548 0.541667
vt 0.681548 0.544643
vt 0.678571 0.544643
vt 0.681548 0.547619
vt 0.678571 0.547619
vt 0.675595 0.544643
vt 0.672619 0.544643
vt 0.675595 0.547619
vt 0.672619 0.547619
vt 0.675595 0.550595
vt 0.672619 0.550595
vt 0.678571 0.550595
vt 0.678571 0.553572
vt 0.675595 0.553572
vt 0.672619 0.553572
vt 0.681548 0.550595
vt 0.681548 0.553572
vt 0.681548 0.556548
vt 0.678571 0.556548
vt 0.681548 0.559524
vt 0.678571 0.559524
vt 0.675595 0.556548
vt 0.672619 0.556548
vt 0.675595 0.559524
vt 0.672619 0.559524
vt 0.675595 0.562500
vt 0.672619 0.562500
vt 0.678571 0.562500
vt 0.678571 0.565476
vt 0.675595 0.565476
vt 0.672619 0.565476
vt 0.681548 0.562500
vt 0.681548 0.565476
vt 0.681548 0.568453
vt 0.678571 0.568453
vt 0.681548 0.571429
vt 0.678571 0.571429
vt 0.675595 0.568453
vt 0.672619 0.568453
vt 0.675595 0.571429
vt 0.672619 0.571429
vt 0.675595 0.574405
vt 0.672619 0.574405
vt 0.678571 0.574405
vt 0.678571 0.577381
vt 0.675595 0.577381
vt 0.672619 0.577381
vt 0.681548 0.574405
vt 0.681548 0.577381
vt 0.681548 0.580357
vt 0.678571 0.580357
vt 0.681548 0.583333
vt 0.678571 0.583333
vt 0.675595 0.580357
vt 0.672619 0.580357
vt 0.675595 0.583333
vt 0.672619 0.583333
vt 0.675595 0.586310
vt 0.672619 0.586310
vt 0.678571 0.586310
vt 0.678571 0.589286
vt 0.675595 0.589286
vt 0.672619 0.589286
vt 0.681548 0.586310
vt 0.681548 0.589286
vt 0.681548 0.592262
vt 0.678571 0.592262
vt 0.681548 0.595238
vt 0.678571 0.595238
vt 0.675595 0.592262
vt 0.672619 0.592262
vt 0.675595 0.595238
vt 0.672619 0.595238
vt 0.675595 0.598214
vt 0.672619 0.598214
vt 0.678571 0.598214
vt 0.678571 0.601191
vt 0.675595 0.601191
vt 0.672619 0.601191
vt 0.681548 0.598214
vt 0.681548 0.601191
vt 0.681548 0.604167
vt 0.678571 0.604167
vt 0.681548 0.607143
vt 0.678571 0.607143
vt 0.675595 0.604167
vt 0.672619 0.604167
vt 0.675595 0.607143
vt 0.672619 0.607143
vt 0.675595 0.610119
vt 0.672619 0.610119
vt 0.678571 0.610119
vt 0.678571 0.613095
vt 0.675595 0.613095
vt 0.672619 0.613095
vt 0.681548 0.610119
vt 0.681548 0.613095
vt 0.681548 0.616072
vt 0.678571 0.616072
vt 0.681548 0.619048
vt 0.678572 0.619048
vt 0.675595 0.616072
vt 0.672619 0.616072
vt 0.675595 0.619048
vt 0.672619 0.619048
vt 0.675595 0.622024
vt 0.672619 0.622024
vt 0.678571 0.622024
vt 0.678571 0.625000
vt 0.675595 0.625000
vt 0.672619 0.625000
vt 0.681548 0.622024
vt 0.681548 0.625000
vt 0.681548 0.627976
vt 0.678572 0.627976
vt 0.681548 0.630952
vt 0.678572 0.630952
vt 0.675595 0.627976
vt 0.672619 0.627976
vt 0.675595 0.630952
vt 0.672619 0.630952
vt 0.675595 0.633929
vt 0.672619 0.633929
vt 0.678572 0.633929
vt 0.678571 0.636905
vt 0.675595 0.636905
vt 0.672619 0.636905
vt 0.681548 0.633929
vt 0.681548 0.636905
vt 0.681548 0.639881
vt 0.678571 0.639881
vt 0.681548 0.642857
vt 0.678571 0.642857
vt 0.675595 0.639881
vt 0.672619 0.639881
vt 0.675595 0.642857
vt 0.672619 0.642857
vt 0.675595 0.645833
vt 0.672619 0.645833
vt 0.678571 0.645833
vt 0.678571 0.648810
vt 0.675595 0.648810
vt 0.672619 0.648810
vt 0.681548 0.645833
vt 0.681548 0.648810
vt 0.681548 0.651786
vt 0.678571 0.651786
vt 0.681548 0.654762
vt 0.678571 0.654762
vt 0.675595 0.651786
vt 0.672619 0.651786
vt 0.675595 0.654762
vt 0.672619 0.654762
vt 0.675595 0.657738
vt 0.672619 0.657738
vt 0.678571 0.657738
vt 0.678571 0.660714
vt 0.675595 0.660714
vt 0.672619 0.660714
vt 0.681548 0.657738
vt 0.681548 0.660714
vt 0.681548 0.663691
vt 0.678571 0.663691
vt 0.681548 0.666667
vt 0.678571 0.666667
vt 0.675595 0.663691
vt 0.672619 0.663691
vt 0.675595 0.666667
vt 0.672619 0.666667
vt 0.675595 0.669643
vt 0.672619 0.669643
vt 0.678571 0.669643
vt 0.678571 0.672619
vt 0.675595 0.672619
vt 0.672619 0.672619
vt 0.681548 0.669643
vt 0.681548 0.672619
vt 0.681548 0.675595
vt 0.678571 0.675595
vt 0.681548 0.678572
vt 0.678571 0.678572
vt 0.675595 0.675595
vt 0.672619 0.675595
vt 0.675595 0.678572
vt 0.672619 0.678571
vt 0.675595 0.681548
vt 0.672619 0.681548
vt 0.678571 0.681548
vt 0.678571 0.684524
vt 0.675595 0.684524
vt 0.672619 0.684524
vt 0.681548 0.681548
vt 0.681548 0.684524
vt 0.681548 0.687500
vt 0.678571 0.687500
vt 0.681548 0.690476
vt 0.678571 0.690476
vt 0.675595 0.687500
vt 0.672619 0.687500
vt 0.675595 0.690476
vt 0.672619 0.690476
vt 0.675595 0.693452
vt 0.672619 0.693452
vt 0.678571 0.693452
vt 0.678571 0.696429
vt 0.675595 0.696429
vt 0.672619 0.696429
vt 0.681548 0.693452
vt 0.681548 0.696429
vt 0.681548 0.699405
vt 0.678571 0.699405
vt 0.681548 0.702381
vt 0.678572 0.702381
vt 0.675595 0.699405
vt 0.672619 0.699405
vt 0.675595 0.702381
vt 0.672619 0.702381
vt 0.675595 0.705357
vt 0.672619 0.705357
vt 0.678571 0.705357
vt 0.678571 0.708333
vt 0.675595 0.708333
vt 0.672619 0.708334
vt 0.681548 0.705357
vt 0.681548 0.708333
vt 0.681548 0.711310
vt 0.678572 0.711310
vt 0.681548 0.714286
vt 0.678572 0.714286
vt 0.675595 0.711310
vt 0.672619 0.711310
vt 0.675595 0.714286
vt 0.672619 0.714286
vt 0.675595 0.717262
vt 0.672619 0.717262
vt 0.678572 0.717262
vt 0.678571 0.720238
vt 0.675595 0.720238
vt 0.672619 0.720238
vt 0.681548 0.717262
vt 0.681548 0.720238
vt 0.681548 0.723214
vt 0.678572 0.723214
vt 0.681548 0.726191
vt 0.678572 0.726191
vt 0.675595 0.723214
vt 0.672619 0.723214
vt 0.675595 0.726191
vt 0.672619 0.726191
vt 0.675595 0.729167
vt 0.672619 0.729167
vt 0.678572 0.729167
vt 0.678571 0.732143
vt 0.675595 0.732143
vt 0.672619 0.732143
vt 0.681548 0.729167
vt 0.681548 0.732143
vt 0.681548 0.735119
vt 0.678571 0.735119
vt 0.675595 0.735119
vt 0.672619 0.735119
vt 0.648810 0.500000
vt 0.651786 0.500000
vt 0.651786 0.502976
vt 0.648810 0.502976
vt 0.654762 0.500000
vt 0.654762 0.502976
vt 0.654762 0.505952
vt 0.651786 0.505952
vt 0.648810 0.505952
vt 0.657738 0.500000
vt 0.657738 0.502976
vt 0.660714 0.500000
vt 0.660714 0.502976
vt 0.660714 0.505952
vt 0.657738 0.505952
vt 0.657738 0.508929
vt 0.654762 0.508929
vt 0.660714 0.508929
vt 0.660714 0.511905
vt 0.657738 0.511905
vt 0.654762 0.511905
vt 0.651786 0.508929
vt 0.648810 0.508929
vt 0.651786 0.511905
vt 0.648810 0.511905
vt 0.651786 0.514881
vt 0.648810 0.514881
vt 0.654762 0.514881
vt 0.654762 0.517857
vt 0.651786 0.517857
vt 0.648810 0.517857
vt 0.657738 0.514881
vt 0.660714 0.514881
vt 0.660714 0.517857
vt 0.657738 0.517857
vt 0.657738 0.520833
vt 0.654762 0.520833
vt 0.660714 0.520833
vt 0.660714 0.523810
vt 0.657738 0.523810
vt 0.654762 0.523810
vt 0.651786 0.520833
vt 0.648810 0.520833
vt 0.651786 0.523810
vt 0.648810 0.523810
vt 0.651786 0.526786
vt 0.648810 0.526786
vt 0.654762 0.526786
vt 0.654762 0.529762
vt 0.651786 0.529762
vt 0.648810 0.529762
vt 0.657738 0.526786
vt 0.660714 0.526786
vt 0.660714 0.529762
vt 0.657738 0.529762
vt 0.657738 0.532738
vt 0.654762 0.532738
vt 0.660714 0.532738
vt 0.660714 0.535714
vt 0.657738 0.535714
vt 0.654762 0.535714
vt 0.651786 0.532738
vt 0.648810 0.532738
vt 0.651786 0.535714
vt 0.648810 0.535714
vt 0.651786 0.538691
vt 0.648810 0.538691
vt 0.654762 0.538691
vt 0.654762 0.541667
vt 0.651786 0.541667
vt 0.648810 0.541667
vt 0.657738 0.538691
vt 0.660714 0.538691
vt 0.660714 0.541667
vt 0.657738 0.541667
vt 0.657738 0.544643
vt 0.654762 0.544643
vt 0.660714 0.544643
vt 0.660714 0.547619
vt 0.657738 0.547619
vt 0.654762 0.547619
vt 0.651786 0.544643
vt 0.648810 0.544643
vt 0.651786 0.547619
vt 0.648810 0.547619
vt 0.651786 0.550595
vt 0.648810 0.550595
vt 0.654762 0.550595
vt 0.654762 0.553572
vt 0.651786 0.553572
vt 0.648810 0.553572
vt 0.657738 0.550595
vt 0.660714 0.550595
vt 0.660714 0.553572
vt 0.657738 0.553572
vt 0.657738 0.556548
vt 0.654762 0.556548
vt 0.660714 0.556548
vt 0.660714 0.559524
vt 0.657738 0.559524
vt 0.654762 0.559524
vt 0.651786 0.556548
vt 0.648810 0.556548
vt 0.651786 0.559524
vt 0.648810 0.559524
vt 0.651786 0.562500
vt 0.648810 0.562500
vt 0.654762 0.562500
vt 0.654762 0.565476
vt 0.651786 0.565476
vt 0.648810 0.565476
vt 0.657738 0.562500
vt 0.660714 0.562500
vt 0.660714 0.565476
vt 0.657738 0.565476
vt 0.657738 0.568453
vt 0.654762 0.568453
vt 0.660714 0.568453
vt 0.660714 0.571429
vt 0.657738 0.571429
vt 0.654762 0.571429
vt 0.651786 0.568453
vt 0.648810 0.568453
vt 0.651786 0.571429
vt 0.648810 0.571429
vt 0.651786 0.574405
vt 0.648810 0.574405
vt 0.654762 0.574405
vt 0.654762 0.577381
vt 0.651786 0.577381
vt 0.648810 0.577381
vt 0.657738 0.574405
vt 0.660714 0.574405
vt 0.660714 0.577381
vt 0.657738 0.577381
vt 0.657738 0.580357
vt 0.654762 0.580357
vt 0.660714 0.580357
vt 0.660714 0.583333
vt 0.657738 0.583333
vt 0.654762 0.583333
vt 0.651786 0.580357
vt 0.648810 0.580357
vt 0.651786 0.583333
vt 0.648810 0.583333
vt 0.651786 0.586310
vt 0.648810 0.586310
vt 0.654762 0.586310
vt 0.654762 0.589286
vt 0.651786 0.589286
vt 0.648810 0.589286
vt 0.657738 0.586310
vt 0.660714 0.586310
vt 0.660714 0.589286
vt 0.657738 0.589286
vt 0.657738 0.592262
vt 0.654762 0.592262
vt 0.660714 0.592262
vt 0.660714 0.595238
vt 0.657738 0.595238
vt 0.654762 0.595238
vt 0.651786 0.592262
vt 0.648810 0.592262
vt 0.651786 0.595238
vt 0.648810 0.595238
vt 0.651786 0.598214
vt 0.648810 0.598214
vt 0.654762 0.598214
vt 0.654762 0.601191
vt 0.651786 0.601191
vt 0.648810 0.601191
vt 0.657738 0.598214
vt 0.660714 0.598214
vt 0.660714 0.601191
vt 0.657738 0.601191
vt 0.657738 0.604167
vt 0.654762 0.604167
vt 0.660714 0.604167
vt 0.660714 0.607143
vt 0.657738 0.607143
vt 0.654762 0.607143
vt 0.651786 0.604167
vt 0.648810 0.604167
vt 0.651786 0.607143
vt 0.648810 0.607143
vt 0.651786 0.610119
vt 0.648810 0.610119
vt 0.654762 0.610119
vt 0.654762 0.613095
vt 0.651786 0.613095
vt 0.648810 0.613095
vt 0.657738 0.610119
vt 0.660714 0.610119
vt 0.660714 0.613095
vt 0.657738 0.613095
vt 0.657738 0.616072
vt 0.654762 0.616072
vt 0.660714 0.616072
vt 0.660714 0.619048
vt 0.657738 0.619048
vt 0.654762 0.619048
vt 0.651786 0.616072
vt 0.648810 0.616072
vt 0.651786 0.619048
vt 0.648810 0.619048
vt 0.651786 0.622024
vt 0.648810 0.622024
vt 0.654762 0.622024
vt 0.654762 0.625000
vt 0.651786 0.625000
vt 0.648810 0.625000
vt 0.657738 0.622024
vt 0.660714 0.622024
vt 0.660714 0.625000
vt 0.657738 0.625000
vt 0.657738 0.627976
vt 0.654762 0.627976
vt 0.660714 0.627976
vt 0.660714 0.630952
vt 0.657738 0.630952
vt 0.654762 0.630952
vt 0.651786 0.627976
vt 0.648810 0.627976
vt 0.651786 0.630952
vt 0.648810 0.630952
vt 0.651786 0.633929
vt 0.648810 0.633929
vt 0.654762 0.633929
vt 0.654762 0.636905
vt 0.651786 0.636905
vt 0.648810 0.636905
vt 0.657738 0.633929
vt 0.660714 0.633929
vt 0.660714 0.636905
vt 0.657738 0.636905
vt 0.657738 0.639881
vt 0.654762 0.639881
vt 0.660714 0.639881
vt 0.660714 0.642857
vt 0.657738 0.642857
vt 0.654762 0.642857
vt 0.651786 0.639881
vt 0.648810 0.639881
vt 0.651786 0.642857
vt 0.648810 0.642857
vt 0.651786 0.645833
vt 0.648810 0.645833
vt 0.654762 0.645833
vt 0.654762 0.648810
vt 0.651786 0.648810
vt 0.648810 0.648810
vt 0.657738 0.645833
vt 0.660714 0.645833
vt 0.660714 0.648810
vt 0.657738 0.648810
vt 0.657738 0.651786
vt 0.654762 0.651786
vt 0.660714 0.651786
vt 0.660714 0.654762
vt 0.657738 0.654762
vt 0.654762 0.654762
vt 0.651786 0.651786
vt 0.648810 0.651786
vt 0.651786 0.654762
vt 0.648810 0.654762
vt 0.651786 0.657738
vt 0.648810 0.657738
vt 0.654762 0.657738
vt 0.654762 0.660714
vt 0.651786 0.660714
vt 0.648810 0.660714
vt 0.657738 0.657738
vt 0.660714 0.657738
vt 0.660714 0.660714
vt 0.657738 0.660714
vt 0.657738 0.663691
vt 0.654762 0.663691
vt 0.660714 0.663691
vt 0.660714 0.666667
vt 0.657738 0.666667
vt 0.654762 0.666667
vt 0.651786 0.663691
vt 0.648810 0.663691
vt 0.651786 0.666667
vt 0.648810 0.666667
vt 0.651786 0.669643
vt 0.648810 0.669643
vt 0.654762 0.669643
vt 0.654762 0.672619
vt 0.651786 0.672619
vt 0.648810 0.672619
vt 0.657738 0.669643
vt 0.660714 0.669643
vt 0.660714 0.672619
vt 0.657738 0.672619
vt 0.657738 0.675595
vt 0.654762 0.675595
vt 0.660714 0.675595
vt 0.660714 0.678571
vt 0.657738 0.678572
vt 0.654762 0.678572
vt 0.651786 0.675595
vt 0.648810 0.675595
vt 0.651786 0.678572
vt 0.648810 0.678571
vt 0.651786 0.681548
vt 0.648810 0.681548
vt 0.654762 0.681548
vt 0.654762 0.684524
vt 0.651786 0.684524
vt 0.648810 0.684524
vt 0.657738 0.681548
vt 0.660714 0.681548
vt 0.660714 0.684524
vt 0.657738 0.684524
vt 0.657738 0.687500
vt 0.654762 0.687500
vt 0.660714 0.687500
vt 0.660714 0.690476
vt 0.657738 0.690476
vt 0.654762 0.690476
vt 0.651786 0.687500
vt 0.648810 0.687500
vt 0.651786 0.690476
vt 0.648810 0.690476
vt 0.651786 0.693452
vt 0.648810 0.693452
vt 0.654762 0.693452
vt 0.654762 0.696429
vt 0.651786 0.696429
vt 0.648810 0.696429
vt 0.657738 0.693452
vt 0.660714 0.693452
vt 0.660714 0.696429
vt 0.657738 0.696429
vt 0.657738 0.699405
vt 0.654762 0.699405
vt 0.660714 0.699405
vt 0.660714 0.702381
vt 0.657738 0.702381
vt 0.654762 0.702381
vt 0.651786 0.699405
vt 0.648810 0.699405
vt 0.651786 0.702381
vt 0.648810 0.702381
vt 0.651786 0.705357
vt 0.648810 0.705357
vt 0.654762 0.705357
vt 0.654762 0.708333
vt 0.651786 0.708333
vt 0.648810 0.708334
vt 0.657738 0.705357
vt 0.660714 0.705357
vt 0.660714 0.708334
vt 0.657738 0.708333
vt 0.657738 0.711310
vt 0.654762 0.711310
vt 0.660714 0.711310
vt 0.660714 0.714286
vt 0.657738 0.714286
vt 0.654762 0.714286
vt 0.651786 0.711310
vt 0.648810 0.711310
vt 0.651786 0.714286
vt 0.648810 0.714286
vt 0.651786 0.717262
vt 0.648810 0.717262
vt 0.654762 0.717262
vt 0.654762 0.720238
vt 0.651786 0.720238
vt 0.648810 0.720238
vt 0.657738 0.717262
vt 0.660714 0.717262
vt 0.660714 0.720238
vt 0.657738 0.720238
vt 0.657738 0.723214
vt 0.654762 0.723214
vt 0.660714 0.723214
vt 0.660714 0.726191
vt 0.657738 0.726191
vt 0.654762 0.726191
vt 0.651786 0.723214
vt 0.648810 0.723214
vt 0.651786 0.726191
vt 0.648810 0.726191
vt 0.651786 0.729167
vt 0.648810 0.729167
vt 0.654762 0.729167
vt 0.654762 0.732143
vt 0.651786 0.732143
vt 0.648810 0.732143
vt 0.657738 0.729167
vt 0.660714 0.729167
vt 0.660714 0.732143
vt 0.657738 0.732143
vt 0.657738 0.735119
vt 0.654762 0.735119
vt 0.660714 0.735119
vt 0.651786 0.735119
vt 0.648810 0.735119
vt 0.625000 0.500000
vt 0.627976 0.500000
vt 0.627976 0.502976
vt 0.625000 0.502976
vt 0.630952 0.500000
vt 0.630952 0.502976
vt 0.630952 0.505952
vt 0.627976 0.505952
vt 0.625000 0.505952
vt 0.633929 0.500000
vt 0.633929 0.502976
vt 0.636905 0.500000
vt 0.636905 0.502976
vt 0.636905 0.505952
vt 0.633929 0.505952
vt 0.633929 0.508929
vt 0.630952 0.508929
vt 0.636905 0.508929
vt 0.636905 0.511905
vt 0.633929 0.511905
vt 0.630952 0.511905
vt 0.627976 0.508929
vt 0.625000 0.508929
vt 0.627976 0.511905
vt 0.625000 0.511905
vt 0.627976 0.514881
vt 0.625000 0.514881
vt 0.630952 0.514881
vt 0.630952 0.517857
vt 0.627976 0.517857
vt 0.625000 0.517857
vt 0.633929 0.514881
vt 0.636905 0.514881
vt 0.636905 0.517857
vt 0.633929 0.517857
vt 0.633929 0.520833
vt 0.630952 0.520833
vt 0.636905 0.520833
vt 0.636905 0.523810
vt 0.633929 0.523810
vt 0.630952 0.523810
vt 0.627976 0.520833
vt 0.625000 0.520833
vt 0.627976 0.523810
vt 0.625000 0.523810
vt 0.627976 0.526786
vt 0.625000 0.526786
vt 0.630952 0.526786
vt 0.630952 0.529762
vt 0.627976 0.529762
vt 0.625000 0.529762
vt 0.633929 0.526786
vt 0.636905 0.526786
vt 0.636905 0.529762
vt 0.633929 0.529762
vt 0.633929 0.532738
vt 0.630952 0.532738
vt 0.636905 0.532738
vt 0.636905 0.535714
vt 0.633929 0.535714
vt 0.630952 0.535714
vt 0.627976 0.532738
vt 0.625000 0.532738
vt 0.627976 0.535714
vt 0.625000 0.535714
vt 0.627976 0.538691
vt 0.625000 0.538691
vt 0.630952 0.538691
vt 0.630952 0.541667
vt 0.627976 0.541667
vt 0.625000 0.541667
vt 0.633929 0.538691
vt 0.636905 0.538691
vt 0.636905 0.541667
vt 0.633929 0.541667
vt 0.633929 0.544643
vt 0.630952 0.544643
vt 0.636905 0.544643
vt 0.636905 0.547619
vt 0.633929 0.547619
vt 0.630952 0.547619
vt 0.627976 0.544643
vt 0.625000 0.544643
vt 0.627976 0.547619
vt 0.625000 0.547619
vt 0.627976 0.550595
vt 0.625000 0.550595
vt 0.630952 0.550595
vt 0.630952 0.553572
vt 0.627976 0.553572
vt 0.625000 0.553572
vt 0.633929 0.550595
vt 0.636905 0.550595
vt 0.636905 0.553572
vt 0.633929 0.553572
vt 0.633929 0.556548
vt 0.630952 0.556548
vt 0.636905 0.556548
vt 0.636905 0.559524
vt 0.633929 0.559524
vt 0.630952 0.559524
vt 0.627976 0.556548
vt 0.625000 0.556548
vt 0.627976 0.559524
vt 0.625000 0.559524
vt 0.627976 0.562500
vt 0.625000 0.562500
vt 0.630952 0.562500
vt 0.630952 0.565476
vt 0.627976 0.565476
vt 0.625000 0.565476
vt 0.633929 0.562500
vt 0.636905 0.562500
vt 0.636905 0.565476
vt 0.633929 0.565476
vt 0.633929 0.568452
vt 0.630952 0.568452
vt 0.636905 0.568452
vt 0.636905 0.571429
vt 0.633929 0.571429
vt 0.630952 0.571429
vt 0.627976 0.568452
vt 0.625000 0.568452
vt 0.627976 0.571429
vt 0.625000 0.571429
vt 0.627976 0.574405
vt 0.625000 0.574405
vt 0.630952 0.574405
vt 0.630952 0.577381
vt 0.627976 0.577381
vt 0.625000 0.577381
vt 0.633929 0.574405
vt 0.636905 0.574405
vt 0.636905 0.577381
vt 0.633929 0.577381
vt 0.633929 0.580357
vt 0.630952 0.580357
vt 0.636905 0.580357
vt 0.636905 0.583333
vt 0.633929 0.583333
vt 0.630952 0.583333
vt 0.627976 0.580357
vt 0.625000 0.580357
vt 0.627976 0.583333
vt 0.625000 0.583333
vt 0.627976 0.586310
vt 0.625000 0.586310
vt 0.630952 0.586310
vt 0.630952 0.589286
vt 0.627976 0.589286
vt 0.625000 0.589286
vt 0.633929 0.586310
vt 0.636905 0.586310
vt 0.636905 0.589286
vt 0.633929 0.589286
vt 0.633929 0.592262
vt 0.630952 0.592262
vt 0.636905 0.592262
vt 0.636905 0.595238
vt 0.633929 0.595238
vt 0.630952 0.595238
vt 0.627976 0.592262
vt 0.625000 0.592262
vt 0.627976 0.595238
vt 0.625000 0.595238
vt 0.627976 0.598214
vt 0.625000 0.598214
vt 0.630952 0.598214
vt 0.630952 0.601191
vt 0.627976 0.601191
vt 0.625000 0.601191
vt 0.633929 0.598214
vt 0.636905 0.598214
vt 0.636905 0.601191
vt 0.633929 0.601191
vt 0.633929 0.604167
vt 0.630952 0.604167
vt 0.636905 0.604167
vt 0.636905 0.607143
vt 0.633929 0.607143
vt 0.630952 0.607143
vt 0.627976 0.604167
vt 0.625000 0.604167
vt 0.627976 0.607143
vt 0.625000 0.607143
vt 0.627976 0.610119
vt 0.625000 0.610119
vt 0.630952 0.610119
vt 0.630952 0.613095
vt 0.627976 0.613095
vt 0.625000 0.613095
vt 0.633929 0.610119
vt 0.636905 0.610119
vt 0.636905 0.613095
vt 0.633929 0.613095
vt 0.633929 0.616072
vt 0.630952 0.616072
vt 0.636905 0.616072
vt 0.636905 0.619048
vt 0.633929 0.619048
vt 0.630952 0.619048
vt 0.627976 0.616072
vt 0.625000 0.616072
vt 0.627976 0.619048
vt 0.625000 0.619048
vt 0.627976 0.622024
vt 0.625000 0.622024
vt 0.630952 0.622024
vt 0.630952 0.625000
vt 0.627976 0.625000
vt 0.625000 0.625000
vt 0.633929 0.622024
vt 0.636905 0.622024
vt 0.636905 0.625000
vt 0.633929 0.625000
vt 0.633929 0.627976
vt 0.630952 0.627976
vt 0.636905 0.627976
vt 0.636905 0.630952
vt 0.633929 0.630952
vt 0.630952 0.630952
vt 0.627976 0.627976
vt 0.625000 0.627976
vt 0.627976 0.630952
vt 0.625000 0.630952
vt 0.627976 0.633929
vt 0.625000 0.633929
vt 0.630952 0.633929
vt 0.630952 0.636905
vt 0.627976 0.636905
vt 0.625000 0.636905
vt 0.633929 0.633929
vt 0.636905 0.633929
vt 0.636905 0.636905
vt 0.633929 0.636905
vt 0.633929 0.639881
vt 0.630952 0.639881
vt 0.636905 0.639881
vt 0.636905 0.642857
vt 0.633929 0.642857
vt 0.630952 0.642857
vt 0.627976 0.639881
vt 0.625000 0.639881
vt 0.627976 0.642857
vt 0.625000 0.642857
vt 0.627976 0.645833
vt 0.625000 0.645833
vt 0.630952 0.645833
vt 0.630952 0.648810
vt 0.627976 0.648810
vt 0.625000 0.648810
vt 0.633929 0.645833
vt 0.636905 0.645833
vt 0.636905 0.648810
vt 0.633929 0.648810
vt 0.633929 0.651786
vt 0.630952 0.651786
vt 0.636905 0.651786
vt 0.636905 0.654762
vt 0.633929 0.654762
vt 0.630952 0.654762
vt 0.627976 0.651786
vt 0.625000 0.651786
vt 0.627976 0.654762
vt 0.625000 0.654762
vt 0.627976 0.657738
vt 0.625000 0.657738
vt 0.630952 0.657738
vt 0.630952 0.660714
vt 0.627976 0.660714
vt 0.625000 0.660714
vt 0.633929 0.657738
vt 0.636905 0.657738
vt 0.636905 0.660714
vt 0.633929 0.660714
vt 0.633929 0.663691
vt 0.630952 0.663691
vt 0.636905 0.663691
vt 0.636905 0.666667
vt 0.633929 0.666667
vt 0.630952 0.666667
vt 0.627976 0.663691
vt 0.625000 0.663691
vt 0.627976 0.666667
vt 0.625000 0.666667
vt 0.627976 0.669643
vt 0.625000 0.669643
vt 0.630952 0.669643
vt 0.630952 0.672619
vt 0.627976 0.672619
vt 0.625000 0.672619
vt 0.633929 0.669643
vt 0.636905 0.669643
vt 0.636905 0.672619
vt 0.633929 0.672619
vt 0.633929 0.675595
vt 0.630952 0.675595
vt 0.636905 0.675595
vt 0.636905 0.678572
vt 0.633929 0.678572
vt 0.630953 0.678572
vt 0.627976 0.675595
vt 0.625000 0.675595
vt 0.627976 0.678571
vt 0.625000 0.678571
vt 0.627976 0.681548
vt 0.625000 0.681548
vt 0.630953 0.681548
vt 0.630953 0.684524
vt 0.627976 0.684524
vt 0.625000 0.684524
vt 0.633929 0.681548
vt 0.636905 0.681548
vt 0.636905 0.684524
vt 0.633929 0.684524
vt 0.633929 0.687500
vt 0.630953 0.687500
vt 0.636905 0.687500
vt 0.636905 0.690476
vt 0.633929 0.690476
vt 0.630953 0.690476
vt 0.627976 0.687500
vt 0.625000 0.687500
vt 0.627976 0.690476
vt 0.625000 0.690476
vt 0.627976 0.693453
vt 0.625000 0.693452
vt 0.630953 0.693452
vt 0.630953 0.696429
vt 0.627976 0.696429
vt 0.625000 0.696429
vt 0.633929 0.693452
vt 0.636905 0.693452
vt 0.636905 0.696429
vt 0.633929 0.696429
vt 0.633929 0.699405
vt 0.630953 0.699405
vt 0.636905 0.699405
vt 0.636905 0.702381
vt 0.633929 0.702381
vt 0.630953 0.702381
vt 0.627976 0.699405
vt 0.625000 0.699405
vt 0.627976 0.702381
vt 0.625000 0.702381
vt 0.627976 0.705357
vt 0.625000 0.705357
vt 0.630953 0.705357
vt 0.630953 0.708333
vt 0.627976 0.708333
vt 0.625000 0.708333
vt 0.633929 0.705357
vt 0.636905 0.705357
vt 0.636905 0.708333
vt 0.633929 0.708333
vt 0.633929 0.711310
vt 0.630953 0.711310
vt 0.636905 0.711310
vt 0.636905 0.714286
vt 0.633929 0.714286
vt 0.630953 0.714286
vt 0.627976 0.711310
vt 0.625000 0.711310
vt 0.627976 0.714286
vt 0.625000 0.714286
vt 0.627976 0.717262
vt 0.625000 0.717262
vt 0.630952 0.717262
vt 0.630952 0.720238
vt 0.627976 0.720238
vt 0.625000 0.720238
vt 0.633929 0.717262
vt 0.636905 0.717262
vt 0.636905 0.720238
vt 0.633929 0.720238
vt 0.633929 0.723214
vt 0.630952 0.723214
vt 0.636905 0.723214
vt 0.636905 0.726191
vt 0.633929 0.726191
vt 0.630952 0.726191
vt 0.627976 0.723214
vt 0.625000 0.723214
vt 0.627976 0.726191
vt 0.625000 0.726191
vt 0.627976 0.729167
vt 0.625000 0.729167
vt 0.630952 0.729167
vt 0.630952 0.732143
vt 0.627976 0.732143
vt 0.625000 0.732143
vt 0.633929 0.729167
vt 0.636905 0.729167
vt 0.636905 0.732143
vt 0.633929 0.732143
vt 0.633929 0.735119
vt 0.630952 0.735119
vt 0.636905 0.735119
vt 0.627976 0.735119
vt 0.625000 0.735119
vt 0.639881 0.500000
vt 0.639881 0.502976
vt 0.642857 0.500000
vt 0.642857 0.502976
vt 0.642857 0.505952
vt 0.639881 0.505952
vt 0.645833 0.500000
vt 0.645833 0.502976
vt 0.645833 0.505952
vt 0.645833 0.508929
vt 0.642857 0.508929
vt 0.645833 0.511905
vt 0.642857 0.511905
vt 0.639881 0.508929
vt 0.639881 0.511905
vt 0.639881 0.514881
vt 0.642857 0.514881
vt 0.642857 0.517857
vt 0.639881 0.517857
vt 0.645833 0.514881
vt 0.645833 0.517857
vt 0.645833 0.520833
vt 0.642857 0.520833
vt 0.645833 0.523810
vt 0.642857 0.523810
vt 0.639881 0.520833
vt 0.639881 0.523810
vt 0.639881 0.526786
vt 0.642857 0.526786
vt 0.642857 0.529762
vt 0.639881 0.529762
vt 0.645833 0.526786
vt 0.645833 0.529762
vt 0.645833 0.532738
vt 0.642857 0.532738
vt 0.645833 0.535714
vt 0.642857 0.535714
vt 0.639881 0.532738
vt 0.639881 0.535714
vt 0.639881 0.538691
vt 0.642857 0.538691
vt 0.642857 0.541667
vt 0.639881 0.541667
vt 0.645833 0.538691
vt 0.645833 0.541667
vt 0.645833 0.544643
vt 0.642857 0.544643
vt 0.645833 0.547619
vt 0.642857 0.547619
vt 0.639881 0.544643
vt 0.639881 0.547619
vt 0.639881 0.550595
vt 0.642857 0.550595
vt 0.642857 0.553572
vt 0.639881 0.553572
vt 0.645833 0.550595
vt 0.645833 0.553572
vt 0.645833 0.556548
vt 0.642857 0.556548
vt 0.645833 0.559524
vt 0.642857 0.559524
vt 0.639881 0.556548
vt 0.639881 0.559524
vt 0.639881 0.562500
vt 0.642857 0.562500
vt 0.642857 0.565476
vt 0.639881 0.565476
vt 0.645833 0.562500
vt 0.645833 0.565476
vt 0.645833 0.568453
vt 0.642857 0.568453
vt 0.645833 0.571429
vt 0.642857 0.571429
vt 0.639881 0.568452
vt 0.639881 0.571429
vt 0.639881 0.574405
vt 0.642857 0.574405
vt 0.642857 0.577381
vt 0.639881 0.577381
vt 0.645833 0.574405
vt 0.645833 0.577381
vt 0.645833 0.580357
vt 0.642857 0.580357
vt 0.645833 0.583333
vt 0.642857 0.583333
vt 0.639881 0.580357
vt 0.639881 0.583333
vt 0.639881 0.586310
vt 0.642857 0.586310
vt 0.642857 0.589286
vt 0.639881 0.589286
vt 0.645833 0.586310
vt 0.645833 0.589286
vt 0.645833 0.592262
vt 0.642857 0.592262
vt 0.645833 0.595238
vt 0.642857 0.595238
vt 0.639881 0.592262
vt 0.639881 0.595238
vt 0.639881 0.598214
vt 0.642857 0.598214
vt 0.642857 0.601191
vt 0.639881 0.601191
vt 0.645833 0.598214
vt 0.645833 0.601191
vt 0.645833 0.604167
vt 0.642857 0.604167
vt 0.645833 0.607143
vt 0.642857 0.607143
vt 0.639881 0.604167
vt 0.639881 0.607143
vt 0.639881 0.610119
vt 0.642857 0.610119
vt 0.642857 0.613095
vt 0.639881 0.613095
vt 0.645833 0.610119
vt 0.645833 0.613095
vt 0.645833 0.616072
vt 0.642857 0.616072
vt 0.645833 0.619048
vt 0.642857 0.619048
vt 0.639881 0.616072
vt 0.639881 0.619048
vt 0.639881 0.622024
vt 0.642857 0.622024
vt 0.642857 0.625000
vt 0.639881 0.625000
vt 0.645833 0.622024
vt 0.645833 0.625000
vt 0.645833 0.627976
vt 0.642857 0.627976
vt 0.645833 0.630952
vt 0.642857 0.630952
vt 0.639881 0.627976
vt 0.639881 0.630952
vt 0.639881 0.633929
vt 0.642857 0.633929
vt 0.642857 0.636905
vt 0.639881 0.636905
vt 0.645833 0.633929
vt 0.645833 0.636905
vt 0.645833 0.639881
vt 0.642857 0.639881
vt 0.645833 0.642857
vt 0.642857 0.642857
vt 0.639881 0.639881
vt 0.639881 0.642857
vt 0.639881 0.645833
vt 0.642857 0.645833
vt 0.642857 0.648810
vt 0.639881 0.648810
vt 0.645833 0.645833
vt 0.645833 0.648810
vt 0.645833 0.651786
vt 0.642857 0.651786
vt 0.645833 0.654762
vt 0.642857 0.654762
vt 0.639881 0.651786
vt 0.639881 0.654762
vt 0.639881 0.657738
vt 0.642857 0.657738
vt 0.642857 0.660714
vt 0.639881 0.660714
vt 0.645833 0.657738
vt 0.645833 0.660714
vt 0.645833 0.663691
vt 0.642857 0.663691
vt 0.645833 0.666667
vt 0.642857 0.666667
vt 0.639881 0.663691
vt 0.639881 0.666667
vt 0.639881 0.669643
vt 0.642857 0.669643
vt 0.642857 0.672619
vt 0.639881 0.672619
vt 0.645833 0.669643
vt 0.645833 0.672619
vt 0.645833 0.675595
vt 0.642857 0.675595
vt 0.645833 0.678572
vt 0.642857 0.678572
vt 0.639881 0.675595
vt 0.639881 0.678572
vt 0.639881 0.681548
vt 0.642857 0.681548
vt 0.642857 0.684524
vt 0.639881 0.684524
vt 0.645833 0.681548
vt 0.645833 0.684524
vt 0.645833 0.687500
vt 0.642857 0.687500
vt 0.645833 0.690476
vt 0.642857 0.690476
vt 0.639881 0.687500
vt 0.639881 0.690476
vt 0.639881 0.693452
vt 0.642857 0.693452
vt 0.642857 0.696429
vt 0.639881 0.696429
vt 0.645833 0.693452
vt 0.645833 0.696429
vt 0.645833 0.699405
vt 0.642857 0.699405
vt 0.645833 0.702381
vt 0.642857 0.702381
vt 0.639881 0.699405
vt 0.639881 0.702381
vt 0.639881 0.705357
vt 0.642857 0.705357
vt 0.642857 0.708333
vt 0.639881 0.708333
vt 0.645833 0.705357
vt 0.645833 0.708333
vt 0.645833 0.711310
vt 0.642857 0.711310
vt 0.645833 0.714286
vt 0.642857 0.714286
vt 0.639881 0.711310
vt 0.639881 0.714286
vt 0.639881 0.717262
vt 0.642857 0.717262
vt 0.642857 0.720238
vt 0.639881 0.720238
vt 0.645833 0.717262
vt 0.645833 0.720238
vt 0.645833 0.723214
vt 0.642857 0.723214
vt 0.645833 0.726191
vt 0.642857 0.726191
vt 0.639881 0.723214
vt 0.639881 0.726191
vt 0.639881 0.729167
vt 0.642857 0.729167
vt 0.642857 0.732143
vt 0.639881 0.732143
vt 0.645833 0.729167
vt 0.645833 0.732143
vt 0.645833 0.735119
vt 0.642857 0.735119
vt 0.639881 0.735119
vt 0.663691 0.500000
vt 0.663691 0.502976
vt 0.666667 0.500000
vt 0.666667 0.502976
vt 0.666667 0.505952
vt 0.663691 0.505952
vt 0.669643 0.500000
vt 0.669643 0.502976
vt 0.669643 0.505952
vt 0.669643 0.508929
vt 0.666667 0.508929
vt 0.669643 0.511905
vt 0.666667 0.511905
vt 0.663691 0.508929
vt 0.663691 0.511905
vt 0.663691 0.514881
vt 0.666667 0.514881
vt 0.666667 0.517857
vt 0.663691 0.517857
vt 0.669643 0.514881
vt 0.669643 0.517857
vt 0.669643 0.520833
vt 0.666667 0.520833
vt 0.669643 0.523810
vt 0.666667 0.523810
vt 0.663691 0.520833
vt 0.663691 0.523810
vt 0.663691 0.526786
vt 0.666667 0.526786
vt 0.666667 0.529762
vt 0.663691 0.529762
vt 0.669643 0.526786
vt 0.669643 0.529762
vt 0.669643 0.532738
vt 0.666667 0.532738
vt 0.669643 0.535714
vt 0.666667 0.535714
vt 0.663691 0.532738
vt 0.663691 0.535714
vt 0.663691 0.538691
vt 0.666667 0.538691
vt 0.666667 0.541667
vt 0.663691 0.541667
vt 0.669643 0.538691
vt 0.669643 0.541667
vt 0.669643 0.544643
vt 0.666667 0.544643
vt 0.669643 0.547619
vt 0.666667 0.547619
vt 0.663691 0.544643
vt 0.663691 0.547619
vt 0.663691 0.550595
vt 0.666667 0.550595
vt 0.666667 0.553572
vt 0.663691 0.553572
vt 0.669643 0.550595
vt 0.669643 0.553572
vt 0.669643 0.556548
vt 0.666667 0.556548
vt 0.669643 0.559524
vt 0.666667 0.559524
vt 0.663691 0.556548
vt 0.663691 0.559524
vt 0.663691 0.562500
vt 0.666667 0.562500
vt 0.666667 0.565476
vt 0.663691 0.565476
vt 0.669643 0.562500
vt 0.669643 0.565476
vt 0.669643 0.568453
vt 0.666667 0.568453
vt 0.669643 0.571429
vt 0.666667 0.571429
vt 0.663691 0.568453
vt 0.663691 0.571429
vt 0.663691 0.574405
vt 0.666667 0.574405
vt 0.666667 0.577381
vt 0.663691 0.577381
vt 0.669643 0.574405
vt 0.669643 0.577381
vt 0.669643 0.580357
vt 0.666667 0.580357
vt 0.669643 0.583333
vt 0.666667 0.583333
vt 0.663691 0.580357
vt 0.663691 0.583333
vt 0.663691 0.586310
vt 0.666667 0.586310
vt 0.666667 0.589286
vt 0.663691 0.589286
vt 0.669643 0.586310
vt 0.669643 0.589286
vt 0.669643 0.592262
vt 0.666667 0.592262
vt 0.669643 0.595238
vt 0.666667 0.595238
vt 0.663691 0.592262
vt 0.663691 0.595238
vt 0.663691 0.598214
vt 0.666667 0.598214
vt 0.666667 0.601191
vt 0.663691 0.601191
vt 0.669643 0.598214
vt 0.669643 0.601191
vt 0.669643 0.604167
vt 0.666667 0.604167
vt 0.669643 0.607143
vt 0.666667 0.607143
vt 0.663691 0.604167
vt 0.663691 0.607143
vt 0.663691 0.610119
vt 0.666667 0.610119
vt 0.666667 0.613095
vt 0.663691 0.613095
vt 0.669643 0.610119
vt 0.669643 0.613095
vt 0.669643 0.616072
vt 0.666667 0.616072
vt 0.669643 0.619048
vt 0.666667 0.619048
vt 0.663691 0.616072
vt 0.663691 0.619048
vt 0.663691 0.622024
vt 0.666667 0.622024
vt 0.666667 0.625000
vt 0.663691 0.625000
vt 0.669643 0.622024
vt 0.669643 0.625000
vt 0.669643 0.627976
vt 0.666667 0.627976
vt 0.669643 0.630952
vt 0.666667 0.630952
vt 0.663691 0.627976
vt 0.663691 0.630952
vt 0.663691 0.633929
vt 0.666667 0.633929
vt 0.666667 0.636905
vt 0.663691 0.636905
vt 0.669643 0.633929
vt 0.669643 0.636905
vt 0.669643 0.639881
vt 0.666667 0.639881
vt 0.669643 0.642857
vt 0.666667 0.642857
vt 0.663691 0.639881
vt 0.663691 0.642857
vt 0.663691 0.645833
vt 0.666667 0.645833
vt 0.666667 0.648810
vt 0.663691 0.648810
vt 0.669643 0.645833
vt 0.669643 0.648810
vt 0.669643 0.651786
vt 0.666667 0.651786
vt 0.669643 0.654762
vt 0.666667 0.654762
vt 0.663691 0.651786
vt 0.663691 0.654762
vt 0.663691 0.657738
vt 0.666667 0.657738
vt 0.666667 0.660714
vt 0.663691 0.660714
vt 0.669643 0.657738
vt 0.669643 0.660714
vt 0.669643 0.663691
vt 0.666667 0.663691
vt 0.669643 0.666667
vt 0.666667 0.666667
vt 0.663691 0.663691
vt 0.663691 0.666667
vt 0.663691 0.669643
vt 0.666667 0.669643
vt 0.666667 0.672619
vt 0.663691 0.672619
vt 0.669643 0.669643
vt 0.669643 0.672619
vt 0.669643 0.675595
vt 0.666667 0.675595
vt 0.669643 0.678572
vt 0.666667 0.678572
vt 0.663691 0.675595
vt 0.663691 0.678572
vt 0.663691 0.681548
vt 0.666667 0.681548
vt 0.666667 0.684524
vt 0.663691 0.684524
vt 0.669643 0.681548
vt 0.669643 0.684524
vt 0.669643 0.687500
vt 0.666667 0.687500
vt 0.669643 0.690476
vt 0.666667 0.690476
vt 0.663691 0.687500
vt 0.663691 0.690476
vt 0.663691 0.693452
vt 0.666667 0.693452
vt 0.666667 0.696429
vt 0.663691 0.696429
vt 0.669643 0.693452
vt 0.669643 0.696429
vt 0.669643 0.699405
vt 0.666667 0.699405
vt 0.669643 0.702381
vt 0.666667 0.702381
vt 0.663691 0.699405
vt 0.663691 0.702381
vt 0.663691 0.705357
vt 0.666667 0.705357
vt 0.666667 0.708333
vt 0.663691 0.708333
vt 0.669643 0.705357
vt 0.669643 0.708333
vt 0.669643 0.711310
vt 0.666667 0.711310
vt 0.669643 0.714286
vt 0.666667 0.714286
vt 0.663691 0.711310
vt 0.663691 0.714286
vt 0.663691 0.717262
vt 0.666667 0.717262
vt 0.666667 0.720238
vt 0.663691 0.720238
vt 0.669643 0.717262
vt 0.669643 0.720238
vt 0.669643 0.723214
vt 0.666667 0.723214
vt 0.669643 0.726191
vt 0.666667 0.726191
vt 0.663691 0.723214
vt 0.663691 0.726191
vt 0.663691 0.729167
vt 0.666667 0.729167
vt 0.666667 0.732143
vt 0.663691 0.732143
vt 0.669643 0.729167
vt 0.669643 0.732143
vt 0.669643 0.735119
vt 0.666667 0.735119
vt 0.663691 0.735119
s 0
f 144/1/1 3697/2/1 5462/3/1 1942/4/1
f 3697/2/2 1408/5/2 3698/6/2 5462/3/2
f 5462/3/3 3698/6/3 1409/7/3 3701/8/3
f 1942/4/4 5462/3/4 3701/8/4 531/9/4
f 1408/5/5 3696/10/5 5463/11/5 3698/6/5
f 3696/10/6 164/12/6 1944/13/6 5463/11/6
f 5463/11/7 1944/13/7 532/14/7 3699/15/7
f 3698/6/8 5463/11/8 3699/15/8 1409/7/8
f 1409/7/9 3699/15/9 5464/16/9 3700/17/9
f 3699/15/10 532/14/10 1945/18/10 5464/16/10
f 5464/16/11 1945/18/11 28/19/11 1905/20/11
f 3700/17/12 5464/16/12 1905/20/12 512/21/12
f 531/9/13 3701/8/13 5465/22/13 1943/23/13
f 3701/8/14 1409/7/14 3700/17/14 5465/22/14
f 5465/22/15 3700/17/15 512/21/15 1904/24/15
f 1943/23/16 5465/22/16 1904/24/16 27/25/16
f 104/26/17 3657/27/17 5466/28/17 1938/29/17
f 3657/27/18 1388/30/18 3702/31/18 5466/28/18
f 5466/28/19 3702/31/19 1410/32/19 3705/33/19
f 1938/29/20 5466/28/20 3705/33/20 529/34/20
f 1388/30/21 3656/35/21 5467/36/21 3702/31/21
f 3656/35/22 124/37/22 1940/38/22 5467/36/22
f 5467/36/23 1940/38/23 530/39/23 3703/40/23
f 3702/31/24 5467/36/24 3703/40/24 1410/32/24
f 1410/32/25 3703/40/25 5468/41/25 3704/42/25
f 3703/40/26 530/39/26 1941/43/26 5468/41/26
f 5468/41/27 1941/43/27 26/44/27 1901/45/27
f 3704/42/28 5468/41/28 1901/45/28 510/46/28
f 529/34/29 3705/33/29 5469/47/29 1939/48/29
f 3705/33/30 1410/32/30 3704/42/30 5469/47/30
f 5469/47/31 3704/42/31 510/46/31 1900/49/31
f 1939/48/32 5469/47/32 1900/49/32 25/50/32
f 84/51/33 3617/52/33 5470/53/33 1866/54/33
f 3617/52/34 1368/55/34 3706/56/34 5470/53/34
f 5470/53/35 3706/56/35 1411/57/35 3709/58/35
f 1866/54/36 5470/53/36 3709/58/36 493/59/36
f 1368/55/37 3616/60/37 5471/61/37 3706/56/37
f 3616/60/38 104/26/38 1938/29/38 5471/61/38
f 5471/61/39 1938/29/39 529/34/39 3707/62/39
f 3706/56/40 5471/61/40 3707/62/40 1411/57/40
f 1411/57/41 3707/62/41 5472/63/41 3708/64/41
f 3707/62/42 529/34/42 1939/48/42 5472/63/42
f 5472/63/43 1939/48/43 25/50/43 1899/65/43
f 3708/64/44 5472/63/44 1899/65/44 509/66/44
f 493/59/45 3709/58/45 5473/67/45 1867/68/45
f 3709/58/46 1411/57/46 3708/64/46 5473/67/46
f 5473/67/47 3708/64/47 509/66/47 1898/69/47
f 1867/68/48 5473/67/48 1898/69/48 6/70/48
f 124/37/49 3577/71/49 5474/72/49 1940/38/49
f 3577/71/50 1348/73/50 3710/74/50 5474/72/50
f 5474/72/51 3710/74/51 1412/75/51 3713/76/51
f 1940/38/52 5474/72/52 3713/76/52 530/39/52
f 1348/73/53 3576/77/53 5475/78/53 3710/74/53
f 3576/77/54 144/1/54 1942/4/54 5475/78/54
f 5475/78/55 1942/4/55 531/9/55 3711/79/55
f 3710/74/56 5475/78/56 3711/79/56 1412/75/56
f 1412/75/57 3711/79/57 5476/80/57 3712/81/57
f 3711/79/58 531/9/58 1943/23/58 5476/80/58
f 5476/80/59 1943/23/59 27/25/59 1903/82/59
f 3712/81/60 5476/80/60 1903/82/60 511/83/60
f 530/39/61 3713/76/61 5477/84/61 1941/43/61
f 3713/76/62 1412/75/62 3712/81/62 5477/84/62
f 5477/84/63 3712/81/63 511/83/63 1902/85/63
f 1941/43/64 5477/84/64 1902/85/64 26/44/64
f 164/12/65 3537/86/65 5478/87/65 1944/13/65
f 3537/86/66 1328/88/66 3714/89/66 5478/87/66
f 5478/87/67 3714/89/67 1413/90/67 3717/91/67
f 1944/13/68 5478/87/68 3717/91/68 532/14/68
f 1328/88/69 3536/92/69 5479/93/69 3714/89/69
f 3536/92/70 184/94/70 1946/95/70 5479/93/70
f 5479/93/71 1946/95/71 533/96/71 3715/97/71
f 3714/89/72 5479/93/72 3715/97/72 1413/90/72
f 1413/90/73 3715/97/73 5480/98/73 3716/99/73
f 3715/97/74 533/96/74 1947/100/74 5480/98/74
f 5480/98/75 1947/100/75 29/101/75 1907/102/75
f 3716/99/76 5480/98/76 1907/102/76 513/103/76
f 532/14/77 3717/91/77 5481/104/77 1945/18/77
f 3717/91/78 1413/90/78 3716/99/78 5481/104/78
f 5481/104/79 3716/99/79 513/103/79 1906/105/79
f 1945/18/80 5481/104/80 1906/105/80 28/19/80
f 484/106/81 3497/107/81 5482/108/81 1976/109/81
f 3497/107/82 1308/110/82 3718/111/82 5482/108/82
f 5482/108/83 3718/111/83 1414/112/83 3721/113/83
f 1976/109/84 5482/108/84 3721/113/84 548/114/84
f 1308/110/85 3496/115/85 5483/116/85 3718/111/85
f 3496/115/86 45/117/86 1979/118/86 5483/116/86
f 5483/116/87 1979/118/87 549/119/87 3719/120/87
f 3718/111/88 5483/116/88 3719/120/88 1414/112/88
f 1414/112/89 3719/120/89 5484/121/89 3720/122/89
f 3719/120/90 549/119/90 1978/123/90 5484/121/90
f 5484/121/91 1978/123/91 2/124/91 1873/125/91
f 3720/122/92 5484/121/92 1873/125/92 496/126/92
f 548/114/93 3721/113/93 5485/127/93 1977/128/93
f 3721/113/94 1414/112/94 3720/122/94 5485/127/94
f 5485/127/95 3720/122/95 496/126/95 1872/129/95
f 1977/128/96 5485/127/96 1872/129/96 44/130/96
f 184/94/97 3457/131/97 5486/132/97 1946/95/97
f 3457/131/98 1288/133/98 3722/134/98 5486/132/98
f 5486/132/99 3722/134/99 1415/135/99 3725/136/99
f 1946/95/100 5486/132/100 3725/136/100 533/96/100
f 1288/133/101 3456/137/101 5487/138/101 3722/134/101
f 3456/137/102 204/139/102 1948/140/102 5487/138/102
f 5487/138/103 1948/140/103 534/141/103 3723/142/103
f 3722/134/104 5487/138/104 3723/142/104 1415/135/104
f 1415/135/105 3723/142/105 5488/143/105 3724/144/105
f 3723/142/106 534/141/106 1949/145/106 5488/143/106
f 5488/143/107 1949/145/107 30/146/107 1909/147/107
f 3724/144/108 5488/143/108 1909/147/108 514/148/108
f 533/96/109 3725/136/109 5489/149/109 1947/100/109
f 3725/136/110 1415/135/110 3724/144/110 5489/149/110
f 5489/149/111 3724/144/111 514/148/111 1908/150/111
f 1947/100/112 5489/149/112 1908/150/112 29/101/112
f 204/139/113 3417/151/113 5490/152/113 1948/140/113
f 3417/151/114 1268/153/114 3726/154/114 5490/152/114
f 5490/152/115 3726/154/115 1416/155/115 3729/156/115
f 1948/140/116 5490/152/116 3729/156/116 534/141/116
f 1268/153/117 3416/157/117 5491/158/117 3726/154/117
f 3416/157/118 224/159/118 1950/160/118 5491/158/118
f 5491/158/119 1950/160/119 535/161/119 3727/162/119
f 3726/154/120 5491/158/120 3727/162/120 1416/155/120
f 1416/155/121 3727/162/121 5492/163/121 3728/164/121
f 3727/162/122 535/161/122 1951/165/122 5492/163/122
f 5492/163/123 1951/165/123 31/166/123 1911/167/123
f 3728/164/124 5492/163/124 1911/167/124 515/168/124
f 534/141/125 3729/156/125 5493/169/125 1949/145/125
f 3729/156/126 1416/155/126 3728/164/126 5493/169/126
f 5493/169/127 3728/164/127 515/168/127 1910/170/127
f 1949/145/128 5493/169/128 1910/170/128 30/146/128
f 224/159/129 3377/171/129 5494/172/129 1950/160/129
f 3377/171/130 1248/173/130 3730/174/130 5494/172/130
f 5494/172/131 3730/174/131 1417/175/131 3733/176/131
f 1950/160/132 5494/172/132 3733/176/132 535/161/132
f 1248/173/133 3376/177/133 5495/178/133 3730/174/133
f 3376/177/134 244/179/134 1952/180/134 5495/178/134
f 5495/178/135 1952/180/135 536/181/135 3731/182/135
f 3730/174/136 5495/178/136 3731/182/136 1417/175/136
f 1417/175/137 3731/182/137 5496/183/137 3732/184/137
f 3731/182/138 536/181/138 1953/185/138 5496/183/138
f 5496/183/139 1953/185/139 32/186/139 1913/187/139
f 3732/184/140 5496/183/140 1913/187/140 516/188/140
f 535/161/141 3733/176/141 5497/189/141 1951/165/141
f 3733/176/142 1417/175/142 3732/184/142 5497/189/142
f 5497/189/143 3732/184/143 516/188/143 1912/190/143
f 1951/165/144 5497/189/144 1912/190/144 31/166/144
f 244/179/145 3337/191/145 5498/192/145 1952/180/145
f 3337/191/146 1228/193/146 3734/194/146 5498/192/146
f 5498/192/147 3734/194/147 1418/195/147 3737/196/147
f 1952/180/148 5498/192/148 3737/196/148 536/181/148
f 1228/193/149 3336/197/149 5499/198/149 3734/194/149
f 3336/197/150 264/199/150 1954/200/150 5499/198/150
f 5499/198/151 1954/200/151 537/201/151 3735/202/151
f 3734/194/152 5499/198/152 3735/202/152 1418/195/152
f 1418/195/153 3735/202/153 5500/203/153 3736/204/153
f 3735/202/154 537/201/154 1955/205/154 5500/203/154
f 5500/203/155 1955/205/155 33/206/155 1915/207/155
f 3736/204/156 5500/203/156 1915/207/156 517/208/156
f 536/181/157 3737/196/157 5501/209/157 1953/185/157
f 3737/196/158 1418/195/158 3736/204/158 5501/209/158
f 5501/209/159 3736/204/159 517/208/159 1914/210/159
f 1953/185/160 5501/209/160 1914/210/160 32/186/160
f 264/199/161 3297/211/161 5502/212/161 1954/200/161
f 3297/211/162 1208/213/162 3738/214/162 5502/212/162
f 5502/212/163 3738/214/163 1419/215/163 3741/216/163
f 1954/200/164 5502/212/164 3741/216/164 537/201/164
f 1208/213/165 3296/217/165 5503/218/165 3738/214/165
f 3296/217/166 284/219/166 1956/220/166 5503/218/166
f 5503/218/167 1956/220/167 538/221/167 3739/222/167
f 3738/214/168 5503/218/168 3739/222/168 1419/215/168
f 1419/215/169 3739/222/169 5504/223/169 3740/224/169
f 3739/222/170 538/221/170 1957/225/170 5504/223/170
f 5504/223/171 1957/225/171 34/226/171 1917/227/171
f 3740/224/172 5504/223/172 1917/227/172 518/228/172
f 537/201/173 3741/216/173 5505/229/173 1955/205/173
f 3741/216/174 1419/215/174 3740/224/174 5505/229/174
f 5505/229/175 3740/224/175 518/228/175 1916/230/175
f 1955/205/176 5505/229/176 1916/230/176 33/206/176
f 284/219/177 3257/231/177 5506/232/177 1956/220/177
f 3257/231/178 1188/233/178 3742/234/178 5506/232/178
f 5506/232/179 3742/234/179 1420/235/179 3745/236/179
f 1956/220/180 5506/232/180 3745/236/180 538/221/180
f 1188/233/181 3256/237/181 5507/238/181 3742/234/181
f 3256/237/182 304/239/182 1958/240/182 5507/238/182
f 5507/238/183 1958/240/183 539/241/183 3743/242/183
f 3742/234/184 5507/238/184 3743/242/184 1420/235/184
f 1420/235/185 3743/242/185 5508/243/185 3744/244/185
f 3743/242/186 539/241/186 1959/245/186 5508/243/186
f 5508/243/187 1959/245/187 35/246/187 1919/247/187
f 3744/244/188 5508/243/188 1919/247/188 519/248/188
f 538/221/189 3745/236/189 5509/249/189 1957/225/189
f 3745/236/190 1420/235/190 3744/244/190 5509/249/190
f 5509/249/191 3744/244/191 519/248/191 1918/250/191
f 1957/225/192 5509/249/192 1918/250/192 34/226/192
f 304/239/193 3217/251/193 5510/252/193 1958/240/193
f 3217/251/194 1168/253/194 3746/254/194 5510/252/194
f 5510/252/195 3746/254/195 1421/255/195 3749/256/195
f 1958/240/196 5510/252/196 3749/256/196 539/241/196
f 1168/253/197 3216/257/197 5511/258/197 3746/254/197
f 3216/257/198 324/259/198 1960/260/198 5511/258/198
f 5511/258/199 1960/260/199 540/261/199 3747/262/199
f 3746/254/200 5511/258/200 3747/262/200 1421/255/200
f 1421/255/201 3747/262/201 5512/263/201 3748/264/201
f 3747/262/202 540/261/202 1961/265/202 5512/263/202
f 5512/263/203 1961/265/203 36/266/203 1921/267/203
f 3748/264/204 5512/263/204 1921/267/204 520/268/204
f 539/241/205 3749/256/205 5513/269/205 1959/245/205
f 3749/256/206 1421/255/206 3748/264/206 5513/269/206
f 5513/269/207 3748/264/207 520/268/207 1920/270/207
f 1959/245/208 5513/269/208 1920/270/208 35/246/208
f 324/259/209 3177/271/209 5514/272/209 1960/260/209
f 3177/271/210 1148/273/210 3750/274/210 5514/272/210
f 5514/272/211 3750/274/211 1422/275/211 3753/276/211
f 1960/260/212 5514/272/212 3753/276/212 540/261/212
f 1148/273/213 3176/277/213 5515/278/213 3750/274/213
f 3176/277/214 344/279/214 1962/280/214 5515/278/214
f 5515/278/215 1962/280/215 541/281/215 3751/282/215
f 3750/274/216 5515/278/216 3751/282/216 1422/275/216
f 1422/275/217 3751/282/217 5516/283/217 3752/284/217
f 3751/282/218 541/281/218 1963/285/218 5516/283/218
f 5516/283/219 1963/285/219 37/286/219 1923/287/219
f 3752/284/220 5516/283/220 1923/287/220 521/288/220
f 540/261/221 3753/276/221 5517/289/221 1961/265/221
f 3753/276/222 1422/275/222 3752/284/222 5517/289/222
f 5517/289/223 3752/284/223 521/288/223 1922/290/223
f 1961/265/224 5517/289/224 1922/290/224 36/266/224
f 344/279/225 3137/291/225 5518/292/225 1962/280/225
f 3137/291/226 1128/293/226 3754/294/226 5518/292/226
f 5518/292/227 3754/294/227 1423/295/227 3757/296/227
f 1962/280/228 5518/292/228 3757/296/228 541/281/228
f 1128/293/229 3136/297/229 5519/298/229 3754/294/229
f 3136/297/230 364/299/230 1964/300/230 5519/298/230
f 5519/298/231 1964/300/231 542/301/231 3755/302/231
f 3754/294/232 5519/298/232 3755/302/232 1423/295/232
f 1423/295/233 3755/302/233 5520/303/233 3756/304/233
f 3755/302/234 542/301/234 1965/305/234 5520/303/234
f 5520/303/235 1965/305/235 38/306/235 1925/307/235
f 3756/304/236 5520/303/236 1925/307/236 522/308/236
f 541/281/237 3757/296/237 5521/309/237 1963/285/237
f 3757/296/238 1423/295/238 3756/304/238 5521/309/238
f 5521/309/239 3756/304/239 522/308/239 1924/310/239
f 1963/285/240 5521/309/240 1924/310/240 37/286/240
f 364/299/241 3097/311/241 5522/312/241 1964/300/241
f 3097/311/242 1108/313/242 3758/314/242 5522/312/242
f 5522/312/243 3758/314/243 1424/315/243 3761/316/243
f 1964/300/244 5522/312/244 3761/316/244 542/301/244
f 1108/313/245 3096/317/245 5523/318/245 3758/314/245
f 3096/317/246 384/319/246 1966/320/246 5523/318/246
f 5523/318/247 1966/320/247 543/321/247 3759/322/247
f 3758/314/248 5523/318/248 3759/322/248 1424/315/248
f 1424/315/249 3759/322/249 5524/323/249 3760/324/249
f 3759/322/250 543/321/250 1967/325/250 5524/323/250
f 5524/323/251 1967/325/251 39/326/251 1927/327/251
f 3760/324/252 5524/323/252 1927/327/252 523/328/252
f 542/301/253 3761/316/253 5525/329/253 1965/305/253
f 3761/316/254 1424/315/254 3760/324/254 5525/329/254
f 5525/329/255 3760/324/255 523/328/255 1926/330/255
f 1965/305/256 5525/329/256 1926/330/256 38/306/256
f 384/319/257 3057/331/257 5526/332/257 1966/320/257
f 3057/331/258 1088/333/258 3762/334/258 5526/332/258
f 5526/332/259 3762/334/259 1425/335/259 3765/336/259
f 1966/320/260 5526/332/260 3765/336/260 543/321/260
f 1088/333/261 3056/337/261 5527/338/261 3762/334/261
f 3056/337/262 404/339/262 1968/340/262 5527/338/262
f 5527/338/263 1968/340/263 544/341/263 3763/342/263
f 3762/334/264 5527/338/264 3763/342/264 1425/335/264
f 1425/335/265 3763/342/265 5528/343/265 3764/344/265
f 3763/342/266 544/341/266 1969/345/266 5528/343/266
f 5528/343/267 1969/345/267 40/346/267 1929/347/267
f 3764/344/268 5528/343/268 1929/347/268 524/348/268
f 543/321/269 3765/336/269 5529/349/269 1967/325/269
f 3765/336/270 1425/335/270 3764/344/270 5529/349/270
f 5529/349/271 3764/344/271 524/348/271 1928/350/271
f 1967/325/272 5529/349/272 1928/350/272 39/326/272
f 404/339/273 3017/351/273 5530/352/273 1968/340/273
f 3017/351/274 1068/353/274 3766/354/274 5530/352/274
f 5530/352/275 3766/354/275 1426/355/275 3769/356/275
f 1968/340/276 5530/352/276 3769/356/276 544/341/276
f 1068/353/277 3016/357/277 5531/358/277 3766/354/277
f 3016/357/278 424/359/278 1970/360/278 5531/358/278
f 5531/358/279 1970/360/279 545/361/279 3767/362/279
f 3766/354/280 5531/358/280 3767/362/280 1426/355/280
f 1426/355/281 3767/362/281 5532/363/281 3768/364/281
f 3767/362/282 545/361/282 1971/365/282 5532/363/282
f 5532/363/283 1971/365/283 41/366/283 1931/367/283
f 3768/364/284 5532/363/284 1931/367/284 525/368/284
f 544/341/285 3769/356/285 5533/369/285 1969/345/285
f 3769/356/286 1426/355/286 3768/364/286 5533/369/286
f 5533/369/287 3768/364/287 525/368/287 1930/370/287
f 1969/345/288 5533/369/288 1930/370/288 40/346/288
f 424/359/289 2977/371/289 5534/372/289 1970/360/289
f 2977/371/290 1048/373/290 3770/374/290 5534/372/290
f 5534/372/291 3770/374/291 1427/375/291 3773/376/291
f 1970/360/292 5534/372/292 3773/376/292 545/361/292
f 1048/373/293 2976/377/293 5535/378/293 3770/374/293
f 2976/377/294 444/379/294 1972/380/294 5535/378/294
f 5535/378/295 1972/380/295 546/381/295 3771/382/295
f 3770/374/296 5535/378/296 3771/382/296 1427/375/296
f 1427/375/297 3771/382/297 5536/383/297 3772/384/297
f 3771/382/298 546/381/298 1973/385/298 5536/383/298
f 5536/383/299 1973/385/299 42/386/299 1933/387/299
f 3772/384/300 5536/383/300 1933/387/300 526/388/300
f 545/361/301 3773/376/301 5537/389/301 1971/365/301
f 3773/376/302 1427/375/302 3772/384/302 5537/389/302
f 5537/389/303 3772/384/303 526/388/303 1932/390/303
f 1971/365/304 5537/389/304 1932/390/304 41/366/304
f 444/379/305 2937/391/305 5538/392/305 1972/380/305
f 2937/391/306 1028/393/306 3774/394/306 5538/392/306
f 5538/392/307 3774/394/307 1428/395/307 3777/396/307
f 1972/380/308 5538/392/308 3777/396/308 546/381/308
f 1028/393/309 2936/397/309 5539/398/309 3774/394/309
f 2936/397/310 464/399/310 1974/400/310 5539/398/310
f 5539/398/311 1974/400/311 547/401/311 3775/402/311
f 3774/394/312 5539/398/312 3775/402/312 1428/395/312
f 1428/395/313 3775/402/313 5540/403/313 3776/404/313
f 3775/402/314 547/401/314 1975/405/314 5540/403/314
f 5540/403/315 1975/405/315 43/406/315 1935/407/315
f 3776/404/316 5540/403/316 1935/407/316 527/408/316
f 546/381/317 3777/396/317 5541/409/317 1973/385/317
f 3777/396/318 1428/395/318 3776/404/318 5541/409/318
f 5541/409/319 3776/404/319 527/408/319 1934/410/319
f 1973/385/320 5541/409/320 1934/410/320 42/386/320
f 464/399/321 2897/411/321 5542/412/321 1974/400/321
f 2897/411/322 1008/413/322 3778/414/322 5542/412/322
f 5542/412/323 3778/414/323 1429/415/323 3781/416/323
f 1974/400/324 5542/412/324 3781/416/324 547/401/324
f 1008/413/325 2896/417/325 5543/418/325 3778/414/325
f 2896/417/326 484/106/326 1976/109/326 5543/418/326
f 5543/418/327 1976/109/327 548/114/327 3779/419/327
f 3778/414/328 5543/418/328 3779/419/328 1429/415/328
f 1429/415/329 3779/419/329 5544/420/329 3780/421/329
f 3779/419/330 548/114/330 1977/128/330 5544/420/330
f 5544/420/331 1977/128/331 44/130/331 1937/422/331
f 3780/421/332 5544/420/332 1937/422/332 528/423/332
f 547/401/333 3781/416/333 5545/424/333 1975/405/333
f 3781/416/334 1429/415/334 3780/421/334 5545/424/334
f 5545/424/335 3780/421/335 528/423/335 1936/425/335
f 1975/405/336 5545/424/336 1936/425/336 43/406/336
f 5/426/337 1869/427/337 5546/428/337 2778/429/337
f 1869/427/338 494/430/338 3782/431/338 5546/428/338
f 5546/428/339 3782/431/339 1430/432/339 3785/433/339
f 2778/429/340 5546/428/340 3785/433/340 949/434/340
f 494/430/341 1868/435/341 5547/436/341 3782/431/341
f 1868/435/342 7/437/342 2818/438/342 5547/436/342
f 5547/436/343 2818/438/343 969/439/343 3783/440/343
f 3782/431/344 5547/436/344 3783/440/344 1430/432/344
f 1430/432/345 3783/440/345 5548/441/345 3784/442/345
f 3783/440/346 969/439/346 2819/443/346 5548/441/346
f 5548/441/347 2819/443/347 465/444/347 2858/445/347
f 3784/442/348 5548/441/348 2858/445/348 989/446/348
f 949/434/349 3785/433/349 5549/447/349 2779/448/349
f 3785/433/350 1430/432/350 3784/442/350 5549/447/350
f 5549/447/351 3784/442/351 989/446/351 2859/449/351
f 2779/448/352 5549/447/352 2859/449/352 445/450/352
f 445/450/353 2859/449/353 5550/451/353 2780/452/353
f 2859/449/354 989/446/354 3786/453/354 5550/451/354
f 5550/451/355 3786/453/355 1431/454/355 3789/455/355
f 2780/452/356 5550/451/356 3789/455/356 950/456/356
f 989/446/357 2858/445/357 5551/457/357 3786/453/357
f 2858/445/358 465/444/358 2820/458/358 5551/457/358
f 5551/457/359 2820/458/359 970/459/359 3787/460/359
f 3786/453/360 5551/457/360 3787/460/360 1431/454/360
f 1431/454/361 3787/460/361 5552/461/361 3788/462/361
f 3787/460/362 970/459/362 2821/463/362 5552/461/362
f 5552/461/363 2821/463/363 466/464/363 2860/465/363
f 3788/462/364 5552/461/364 2860/465/364 990/466/364
f 950/456/365 3789/455/365 5553/467/365 2781/468/365
f 3789/455/366 1431/454/366 3788/462/366 5553/467/366
f 5553/467/367 3788/462/367 990/466/367 2861/469/367
f 2781/468/368 5553/467/368 2861/469/368 446/470/368
f 446/470/369 2861/469/369 5554/471/369 2782/472/369
f 2861/469/370 990/466/370 3790/473/370 5554/471/370
f 5554/471/371 3790/473/371 1432/474/371 3793/475/371
f 2782/472/372 5554/471/372 3793/475/372 951/476/372
f 990/466/373 2860/465/373 5555/477/373 3790/473/373
f 2860/465/374 466/464/374 2822/478/374 5555/477/374
f 5555/477/375 2822/478/375 971/479/375 3791/480/375
f 3790/473/376 5555/477/376 3791/480/376 1432/474/376
f 1432/474/377 3791/480/377 5556/481/377 3792/482/377
f 3791/480/378 971/479/378 2823/483/378 5556/481/378
f 5556/481/379 2823/483/379 467/484/379 2862/485/379
f 3792/482/380 5556/481/380 2862/485/380 991/486/380
f 951/476/381 3793/475/381 5557/487/381 2783/488/381
f 3793/475/382 1432/474/382 3792/482/382 5557/487/382
f 5557/487/383 3792/482/383 991/486/383 2863/489/383
f 2783/488/384 5557/487/384 2863/489/384 447/490/384
f 447/490/385 2863/489/385 5558/491/385 2784/492/385
f 2863/489/386 991/486/386 3794/493/386 5558/491/386
f 5558/491/387 3794/493/387 1433/494/387 3797/495/387
f 2784/492/388 5558/491/388 3797/495/388 952/496/388
f 991/486/389 2862/485/389 5559/497/389 3794/493/389
f 2862/485/390 467/484/390 2824/498/390 5559/497/390
f 5559/497/391 2824/498/391 972/499/391 3795/500/391
f 3794/493/392 5559/497/392 3795/500/392 1433/494/392
f 1433/494/393 3795/500/393 5560/501/393 3796/502/393
f 3795/500/394 972/499/394 2825/503/394 5560/501/394
f 5560/501/395 2825/503/395 468/504/395 2864/505/395
f 3796/502/396 5560/501/396 2864/505/396 992/506/396
f 952/496/397 3797/495/397 5561/507/397 2785/508/397
f 3797/495/398 1433/494/398 3796/502/398 5561/507/398
f 5561/507/399 3796/502/399 992/506/399 2865/509/399
f 2785/508/400 5561/507/400 2865/509/400 448/510/400
f 448/510/401 2865/509/401 5562/511/401 2786/512/401
f 2865/509/402 992/506/402 3798/513/402 5562/511/402
f 5562/511/403 3798/513/403 1434/514/403 3801/515/403
f 2786/512/404 5562/511/404 3801/515/404 953/516/404
f 992/506/405 2864/505/405 5563/517/405 3798/513/405
f 2864/505/406 468/504/406 2826/518/406 5563/517/406
f 5563/517/407 2826/518/407 973/519/407 3799/520/407
f 3798/513/408 5563/517/408 3799/520/408 1434/514/408
f 1434/514/409 3799/520/409 5564/521/409 3800/522/409
f 3799/520/410 973/519/410 2827/523/410 5564/521/410
f 5564/521/411 2827/523/411 469/524/411 2866/525/411
f 3800/522/412 5564/521/412 2866/525/412 993/526/412
f 953/516/413 3801/515/413 5565/527/413 2787/528/413
f 3801/515/414 1434/514/414 3800/522/414 5565/527/414
f 5565/527/415 3800/522/415 993/526/415 2867/529/415
f 2787/528/416 5565/527/416 2867/529/416 449/530/416
f 449/530/417 2867/529/417 5566/531/417 2788/532/417
f 2867/529/418 993/526/418 3802/533/418 5566/531/418
f 5566/531/419 3802/533/419 1435/534/419 3805/535/419
f 2788/532/420 5566/531/420 3805/535/420 954/536/420
f 993/526/421 2866/525/421 5567/537/421 3802/533/421
f 2866/525/422 469/524/422 2828/538/422 5567/537/422
f 5567/537/423 2828/538/423 974/539/423 3803/540/423
f 3802/533/424 5567/537/424 3803/540/424 1435/534/424
f 1435/534/425 3803/540/425 5568/541/425 3804/542/425
f 3803/540/426 974/539/426 2829/543/426 5568/541/426
f 5568/541/427 2829/543/427 470/544/427 2868/545/427
f 3804/542/428 5568/541/428 2868/545/428 994/546/428
f 954/536/429 3805/535/429 5569/547/429 2789/548/429
f 3805/535/430 1435/534/430 3804/542/430 5569/547/430
f 5569/547/431 3804/542/431 994/546/431 2869/549/431
f 2789/548/432 5569/547/432 2869/549/432 450/550/432
f 450/550/433 2869/549/433 5570/551/433 2790/552/433
f 2869/549/434 994/546/434 3806/553/434 5570/551/434
f 5570/551/435 3806/553/435 1436/554/435 3809/555/435
f 2790/552/436 5570/551/436 3809/555/436 955/556/436
f 994/546/437 2868/545/437 5571/557/437 3806/553/437
f 2868/545/438 470/544/438 2830/558/438 5571/557/438
f 5571/557/439 2830/558/439 975/559/439 3807/560/439
f 3806/553/440 5571/557/440 3807/560/440 1436/554/440
f 1436/554/441 3807/560/441 5572/561/441 3808/562/441
f 3807/560/442 975/559/442 2831/563/442 5572/561/442
f 5572/561/443 2831/563/443 471/564/443 2870/565/443
f 3808/562/444 5572/561/444 2870/565/444 995/566/444
f 955/556/445 3809/555/445 5573/567/445 2791/568/445
f 3809/555/446 1436/554/446 3808/562/446 5573/567/446
f 5573/567/447 3808/562/447 995/566/447 2871/569/447
f 2791/568/448 5573/567/448 2871/569/448 451/570/448
f 451/570/449 2871/569/449 5574/571/449 2792/572/449
f 2871/569/450 995/566/450 3810/573/450 5574/571/450
f 5574/571/451 3810/573/451 1437/574/451 3813/575/451
f 2792/572/452 5574/571/452 3813/575/452 956/576/452
f 995/566/453 2870/565/453 5575/577/453 3810/573/453
f 2870/565/454 471/564/454 2832/578/454 5575/577/454
f 5575/577/455 2832/578/455 976/579/455 3811/580/455
f 3810/573/456 5575/577/456 3811/580/456 1437/574/456
f 1437/574/457 3811/580/457 5576/581/457 3812/582/457
f 3811/580/458 976/579/458 2833/583/458 5576/581/458
f 5576/581/459 2833/583/459 472/584/459 2872/585/459
f 3812/582/460 5576/581/460 2872/585/460 996/586/460
f 956/576/461 3813/575/461 5577/587/461 2793/588/461
f 3813/575/462 1437/574/462 3812/582/462 5577/587/462
f 5577/587/463 3812/582/463 996/586/463 2873/589/463
f 2793/588/464 5577/587/464 2873/589/464 452/590/464
f 452/590/465 2873/589/465 5578/591/465 2794/592/465
f 2873/589/466 996/586/466 3814/593/466 5578/591/466
f 5578/591/467 3814/593/467 1438/594/467 3817/595/467
f 2794/592/468 5578/591/468 3817/595/468 957/596/468
f 996/586/469 2872/585/469 5579/597/469 3814/593/469
f 2872/585/470 472/584/470 2834/598/470 5579/597/470
f 5579/597/471 2834/598/471 977/599/471 3815/600/471
f 3814/593/472 5579/597/472 3815/600/472 1438/594/472
f 1438/594/473 3815/600/473 5580/601/473 3816/602/473
f 3815/600/474 977/599/474 2835/603/474 5580/601/474
f 5580/601/475 2835/603/475 473/604/475 2874/605/475
f 3816/602/476 5580/601/476 2874/605/476 997/606/476
f 957/596/477 3817/595/477 5581/607/477 2795/608/477
f 3817/595/478 1438/594/478 3816/602/478 5581/607/478
f 5581/607/479 3816/602/479 997/606/479 2875/609/479
f 2795/608/480 5581/607/480 2875/609/480 453/610/480
f 453/610/481 2875/609/481 5582/611/481 2796/612/481
f 2875/609/482 997/606/482 3818/613/482 5582/611/482
f 5582/611/483 3818/613/483 1439/614/483 3821/615/483
f 2796/612/484 5582/611/484 3821/615/484 958/616/484
f 997/606/485 2874/605/485 5583/617/485 3818/613/485
f 2874/605/486 473/604/486 2836/618/486 5583/617/486
f 5583/617/487 2836/618/487 978/619/487 3819/620/487
f 3818/613/488 5583/617/488 3819/620/488 1439/614/488
f 1439/614/489 3819/620/489 5584/621/489 3820/622/489
f 3819/620/490 978/619/490 2837/623/490 5584/621/490
f 5584/621/491 2837/623/491 474/624/491 2876/625/491
f 3820/622/492 5584/621/492 2876/625/492 998/626/492
f 958/616/493 3821/615/493 5585/627/493 2797/628/493
f 3821/615/494 1439/614/494 3820/622/494 5585/627/494
f 5585/627/495 3820/622/495 998/626/495 2877/629/495
f 2797/628/496 5585/627/496 2877/629/496 454/630/496
f 454/630/497 2877/629/497 5586/631/497 2798/632/497
f 2877/629/498 998/626/498 3822/633/498 5586/631/498
f 5586/631/499 3822/633/499 1440/634/499 3825/635/499
f 2798/632/500 5586/631/500 3825/635/500 959/636/500
f 998/626/501 2876/625/501 5587/637/501 3822/633/501
f 2876/625/502 474/624/502 2838/638/502 5587/637/502
f 5587/637/503 2838/638/503 979/639/503 3823/640/503
f 3822/633/504 5587/637/504 3823/640/504 1440/634/504
f 1440/634/505 3823/640/505 5588/641/505 3824/642/505
f 3823/640/506 979/639/506 2839/643/506 5588/641/506
f 5588/641/507 2839/643/507 475/644/507 2878/645/507
f 3824/642/508 5588/641/508 2878/645/508 999/646/508
f 959/636/509 3825/635/509 5589/647/509 2799/648/509
f 3825/635/510 1440/634/510 3824/642/510 5589/647/510
f 5589/647/511 3824/642/511 999/646/511 2879/649/511
f 2799/648/512 5589/647/512 2879/649/512 455/650/512
f 455/650/513 2879/649/513 5590/651/513 2800/652/513
f 2879/649/514 999/646/514 3826/653/514 5590/651/514
f 5590/651/515 3826/653/515 1441/654/515 3829/655/515
f 2800/652/516 5590/651/516 3829/655/516 960/656/516
f 999/646/517 2878/645/517 5591/657/517 3826/653/517
f 2878/645/518 475/644/518 2840/658/518 5591/657/518
f 5591/657/519 2840/658/519 980/659/519 3827/660/519
f 3826/653/520 5591/657/520 3827/660/520 1441/654/520
f 1441/654/521 3827/660/521 5592/661/521 3828/662/521
f 3827/660/522 980/659/522 2841/663/522 5592/661/522
f 5592/661/523 2841/663/523 476/664/523 2880/665/523
f 3828/662/524 5592/661/524 2880/665/524 1000/666/524
f 960/656/525 3829/655/525 5593/667/525 2801/668/525
f 3829/655/526 1441/654/526 3828/662/526 5593/667/526
f 5593/667/527 3828/662/527 1000/666/527 2881/669/527
f 2801/668/528 5593/667/528 2881/669/528 456/670/528
f 456/670/529 2881/669/529 5594/671/529 2802/672/529
f 2881/669/530 1000/666/530 3830/673/530 5594/671/530
f 5594/671/531 3830/673/531 1442/674/531 3833/675/531
f 2802/672/532 5594/671/532 3833/675/532 961/676/532
f 1000/666/533 2880/665/533 5595/677/533 3830/673/533
f 2880/665/534 476/664/534 2842/678/534 5595/677/534
f 5595/677/535 2842/678/535 981/679/535 3831/680/535
f 3830/673/536 5595/677/536 3831/680/536 1442/674/536
f 1442/674/537 3831/680/537 5596/681/537 3832/682/537
f 3831/680/538 981/679/538 2843/683/538 5596/681/538
f 5596/681/539 2843/683/539 477/684/539 2882/685/539
f 3832/682/540 5596/681/540 2882/685/540 1001/686/540
f 961/676/541 3833/675/541 5597/687/541 2803/688/541
f 3833/675/542 1442/674/542 3832/682/542 5597/687/542
f 5597/687/543 3832/682/543 1001/686/543 2883/689/543
f 2803/688/544 5597/687/544 2883/689/544 457/690/544
f 457/690/545 2883/689/545 5598/691/545 2804/692/545
f 2883/689/546 1001/686/546 3834/693/546 5598/691/546
f 5598/691/547 3834/693/547 1443/694/547 3837/695/547
f 2804/692/548 5598/691/548 3837/695/548 962/696/548
f 1001/686/549 2882/685/549 5599/697/549 3834/693/549
f 2882/685/550 477/684/550 2844/698/550 5599/697/550
f 5599/697/551 2844/698/551 982/699/551 3835/700/551
f 3834/693/552 5599/697/552 3835/700/552 1443/694/552
f 1443/694/553 3835/700/553 5600/701/553 3836/702/553
f 3835/700/554 982/699/554 2845/703/554 5600/701/554
f 5600/701/555 2845/703/555 478/704/555 2884/705/555
f 3836/702/556 5600/701/556 2884/705/556 1002/706/556
f 962/696/557 3837/695/557 5601/707/557 2805/708/557
f 3837/695/558 1443/694/558 3836/702/558 5601/707/558
f 5601/707/559 3836/702/559 1002/706/559 2885/709/559
f 2805/708/560 5601/707/560 2885/709/560 458/710/560
f 458/710/561 2885/709/561 5602/711/561 2806/712/561
f 2885/709/562 1002/706/562 3838/713/562 5602/711/562
f 5602/711/563 3838/713/563 1444/714/563 3841/715/563
f 2806/712/564 5602/711/564 3841/715/564 963/716/564
f 1002/706/565 2884/705/565 5603/717/565 3838/713/565
f 2884/705/566 478/704/566 2846/718/566 5603/717/566
f 5603/717/567 2846/718/567 983/719/567 3839/720/567
f 3838/713/568 5603/717/568 3839/720/568 1444/714/568
f 1444/714/569 3839/720/569 5604/721/569 3840/722/569
f 3839/720/570 983/719/570 2847/723/570 5604/721/570
f 5604/721/571 2847/723/571 479/724/571 2886/725/571
f 3840/722/572 5604/721/572 2886/725/572 1003/726/572
f 963/716/573 3841/715/573 5605/727/573 2807/728/573
f 3841/715/574 1444/714/574 3840/722/574 5605/727/574
f 5605/727/575 3840/722/575 1003/726/575 2887/729/575
f 2807/728/576 5605/727/576 2887/729/576 459/730/576
f 459/730/577 2887/729/577 5606/731/577 2808/732/577
f 2887/729/578 1003/726/578 3842/733/578 5606/731/578
f 5606/731/579 3842/733/579 1445/734/579 3845/735/579
f 2808/732/580 5606/731/580 3845/735/580 964/736/580
f 1003/726/581 2886/725/581 5607/737/581 3842/733/581
f 2886/725/582 479/724/582 2848/738/582 5607/737/582
f 5607/737/583 2848/738/583 984/739/583 3843/740/583
f 3842/733/584 5607/737/584 3843/740/584 1445/734/584
f 1445/734/585 3843/740/585 5608/741/585 3844/742/585
f 3843/740/586 984/739/586 2849/743/586 5608/741/586
f 5608/741/587 2849/743/587 480/744/587 2888/745/587
f 3844/742/588 5608/741/588 2888/745/588 1004/746/588
f 964/736/589 3845/735/589 5609/747/589 2809/748/589
f 3845/735/590 1445/734/590 3844/742/590 5609/747/590
f 5609/747/591 3844/742/591 1004/746/591 2889/749/591
f 2809/748/592 5609/747/592 2889/749/592 460/750/592
f 460/750/593 2889/749/593 5610/751/593 2810/752/593
f 2889/749/594 1004/746/594 3846/753/594 5610/751/594
f 5610/751/595 3846/753/595 1446/754/595 3849/755/595
f 2810/752/596 5610/751/596 3849/755/596 965/756/596
f 1004/746/597 2888/745/597 5611/757/597 3846/753/597
f 2888/745/598 480/744/598 2850/758/598 5611/757/598
f 5611/757/599 2850/758/599 985/759/599 3847/760/599
f 3846/753/600 5611/757/600 3847/760/600 1446/754/600
f 1446/754/601 3847/760/601 5612/761/601 3848/762/601
f 3847/760/602 985/759/602 2851/763/602 5612/761/602
f 5612/761/603 2851/763/603 481/764/603 2890/765/603
f 3848/762/604 5612/761/604 2890/765/604 1005/766/604
f 965/756/605 3849/755/605 5613/767/605 2811/768/605
f 3849/755/606 1446/754/606 3848/762/606 5613/767/606
f 5613/767/607 3848/762/607 1005/766/607 2891/769/607
f 2811/768/608 5613/767/608 2891/769/608 461/770/608
f 461/770/609 2891/769/609 5614/771/609 2812/772/609
f 2891/769/610 1005/766/610 3850/773/610 5614/771/610
f 5614/771/611 3850/773/611 1447/774/611 3853/775/611
f 2812/772/612 5614/771/612 3853/775/612 966/776/612
f 1005/766/613 2890/765/613 5615/777/613 3850/773/613
f 2890/765/614 481/764/614 2852/778/614 5615/777/614
f 5615/777/615 2852/778/615 986/779/615 3851/780/615
f 3850/773/616 5615/777/616 3851/780/616 1447/774/616
f 1447/774/617 3851/780/617 5616/781/617 3852/782/617
f 3851/780/618 986/779/618 2853/783/618 5616/781/618
f 5616/781/619 2853/783/619 482/784/619 2892/785/619
f 3852/782/620 5616/781/620 2892/785/620 1006/786/620
f 966/776/621 3853/775/621 5617/787/621 2813/788/621
f 3853/775/622 1447/774/622 3852/782/622 5617/787/622
f 5617/787/623 3852/782/623 1006/786/623 2893/789/623
f 2813/788/624 5617/787/624 2893/789/624 462/790/624
f 462/790/625 2893/789/625 5618/791/625 2814/792/625
f 2893/789/626 1006/786/626 3854/793/626 5618/791/626
f 5618/791/627 3854/793/627 1448/794/627 3857/795/627
f 2814/792/628 5618/791/628 3857/795/628 967/796/628
f 1006/786/629 2892/785/629 5619/797/629 3854/793/629
f 2892/785/630 482/784/630 2854/798/630 5619/797/630
f 5619/797/631 2854/798/631 987/799/631 3855/800/631
f 3854/793/632 5619/797/632 3855/800/632 1448/794/632
f 1448/794/633 3855/800/633 5620/801/633 3856/802/633
f 3855/800/634 987/799/634 2855/803/634 5620/801/634
f 5620/801/635 2855/803/635 483/804/635 2894/805/635
f 3856/802/636 5620/801/636 2894/805/636 1007/806/636
f 967/796/637 3857/795/637 5621/807/637 2815/808/637
f 3857/795/638 1448/794/638 3856/802/638 5621/807/638
f 5621/807/639 3856/802/639 1007/806/639 2895/809/639
f 2815/808/640 5621/807/640 2895/809/640 463/810/640
f 463/810/641 2895/809/641 5622/811/641 2816/812/641
f 2895/809/642 1007/806/642 3858/813/642 5622/811/642
f 5622/811/643 3858/813/643 1449/814/643 3861/815/643
f 2816/812/644 5622/811/644 3861/815/644 968/816/644
f 1007/806/645 2894/805/645 5623/817/645 3858/813/645
f 2894/805/646 483/804/646 2856/818/646 5623/817/646
f 5623/817/647 2856/818/647 988/819/647 3859/820/647
f 3858/813/648 5623/817/648 3859/820/648 1449/814/648
f 1449/814/649 3859/820/649 5624/821/649 3860/822/649
f 3859/820/650 988/819/650 2857/823/650 5624/821/650
f 5624/821/651 2857/823/651 484/106/651 2896/417/651
f 3860/822/652 5624/821/652 2896/417/652 1008/413/652
f 968/816/653 3861/815/653 5625/824/653 2817/825/653
f 3861/815/654 1449/814/654 3860/822/654 5625/824/654
f 5625/824/655 3860/822/655 1008/413/655 2897/411/655
f 2817/825/656 5625/824/656 2897/411/656 464/399/656
f 3/826/657 1865/827/657 5626/828/657 2738/829/657
f 1865/827/658 492/830/658 3862/831/658 5626/828/658
f 5626/828/659 3862/831/659 1450/832/659 3865/833/659
f 2738/829/660 5626/828/660 3865/833/660 929/834/660
f 492/830/661 1864/835/661 5627/836/661 3862/831/661
f 1864/835/662 5/426/662 2778/429/662 5627/836/662
f 5627/836/663 2778/429/663 949/434/663 3863/837/663
f 3862/831/664 5627/836/664 3863/837/664 1450/832/664
f 1450/832/665 3863/837/665 5628/838/665 3864/839/665
f 3863/837/666 949/434/666 2779/448/666 5628/838/666
f 5628/838/667 2779/448/667 445/450/667 2898/840/667
f 3864/839/668 5628/838/668 2898/840/668 1009/841/668
f 929/834/669 3865/833/669 5629/842/669 2739/843/669
f 3865/833/670 1450/832/670 3864/839/670 5629/842/670
f 5629/842/671 3864/839/671 1009/841/671 2899/844/671
f 2739/843/672 5629/842/672 2899/844/672 425/845/672
f 425/845/673 2899/844/673 5630/846/673 2740/847/673
f 2899/844/674 1009/841/674 3866/848/674 5630/846/674
f 5630/846/675 3866/848/675 1451/849/675 3869/850/675
f 2740/847/676 5630/846/676 3869/850/676 930/851/676
f 1009/841/677 2898/840/677 5631/852/677 3866/848/677
f 2898/840/678 445/450/678 2780/452/678 5631/852/678
f 5631/852/679 2780/452/679 950/456/679 3867/853/679
f 3866/848/680 5631/852/680 3867/853/680 1451/849/680
f 1451/849/681 3867/853/681 5632/854/681 3868/855/681
f 3867/853/682 950/456/682 2781/468/682 5632/854/682
f 5632/854/683 2781/468/683 446/470/683 2900/856/683
f 3868/855/684 5632/854/684 2900/856/684 1010/857/684
f 930/851/685 3869/850/685 5633/858/685 2741/859/685
f 3869/850/686 1451/849/686 3868/855/686 5633/858/686
f 5633/858/687 3868/855/687 1010/857/687 2901/860/687
f 2741/859/688 5633/858/688 2901/860/688 426/861/688
f 426/861/689 2901/860/689 5634/862/689 2742/863/689
f 2901/860/690 1010/857/690 3870/864/690 5634/862/690
f 5634/862/691 3870/864/691 1452/865/691 3873/866/691
f 2742/863/692 5634/862/692 3873/866/692 931/867/692
f 1010/857/693 2900/856/693 5635/868/693 3870/864/693
f 2900/856/694 446/470/694 2782/472/694 5635/868/694
f 5635/868/695 2782/472/695 951/476/695 3871/869/695
f 3870/864/696 5635/868/696 3871/869/696 1452/865/696
f 1452/865/697 3871/869/697 5636/870/697 3872/871/697
f 3871/869/698 951/476/698 2783/488/698 5636/870/698
f 5636/870/699 2783/488/699 447/490/699 2902/872/699
f 3872/871/700 5636/870/700 2902/872/700 1011/873/700
f 931/867/701 3873/866/701 5637/874/701 2743/875/701
f 3873/866/702 1452/865/702 3872/871/702 5637/874/702
f 5637/874/703 3872/871/703 1011/873/703 2903/876/703
f 2743/875/704 5637/874/704 2903/876/704 427/877/704
f 427/877/705 2903/876/705 5638/878/705 2744/879/705
f 2903/876/706 1011/873/706 3874/880/706 5638/878/706
f 5638/878/707 3874/880/707 1453/881/707 3877/882/707
f 2744/879/708 5638/878/708 3877/882/708 932/883/708
f 1011/873/709 2902/872/709 5639/884/709 3874/880/709
f 2902/872/710 447/490/710 2784/492/710 5639/884/710
f 5639/884/711 2784/492/711 952/496/711 3875/885/711
f 3874/880/712 5639/884/712 3875/885/712 1453/881/712
f 1453/881/713 3875/885/713 5640/886/713 3876/887/713
f 3875/885/714 952/496/714 2785/508/714 5640/886/714
f 5640/886/715 2785/508/715 448/510/715 2904/888/715
f 3876/887/716 5640/886/716 2904/888/716 1012/889/716
f 932/883/717 3877/882/717 5641/890/717 2745/891/717
f 3877/882/718 1453/881/718 3876/887/718 5641/890/718
f 5641/890/719 3876/887/719 1012/889/719 2905/892/719
f 2745/891/720 5641/890/720 2905/892/720 428/893/720
f 428/893/721 2905/892/721 5642/894/721 2746/895/721
f 2905/892/722 1012/889/722 3878/896/722 5642/894/722
f 5642/894/723 3878/896/723 1454/897/723 3881/898/723
f 2746/895/724 5642/894/724 3881/898/724 933/899/724
f 1012/889/725 2904/888/725 5643/900/725 3878/896/725
f 2904/888/726 448/510/726 2786/512/726 5643/900/726
f 5643/900/727 2786/512/727 953/516/727 3879/901/727
f 3878/896/728 5643/900/728 3879/901/728 1454/897/728
f 1454/897/729 3879/901/729 5644/902/729 3880/903/729
f 3879/901/730 953/516/730 2787/528/730 5644/902/730
f 5644/902/731 2787/528/731 449/530/731 2906/904/731
f 3880/903/732 5644/902/732 2906/904/732 1013/905/732
f 933/899/733 3881/898/733 5645/906/733 2747/907/733
f 3881/898/734 1454/897/734 3880/903/734 5645/906/734
f 5645/906/735 3880/903/735 1013/905/735 2907/908/735
f 2747/907/736 5645/906/736 2907/908/736 429/909/736
f 429/909/737 2907/908/737 5646/910/737 2748/911/737
f 2907/908/738 1013/905/738 3882/912/738 5646/910/738
f 5646/910/739 3882/912/739 1455/913/739 3885/914/739
f 2748/911/740 5646/910/740 3885/914/740 934/915/740
f 1013/905/741 2906/904/741 5647/916/741 3882/912/741
f 2906/904/742 449/530/742 2788/532/742 5647/916/742
f 5647/916/743 2788/532/743 954/536/743 3883/917/743
f 3882/912/744 5647/916/744 3883/917/744 1455/913/744
f 1455/913/745 3883/917/745 5648/918/745 3884/919/745
f 3883/917/746 954/536/746 2789/548/746 5648/918/746
f 5648/918/747 2789/548/747 450/550/747 2908/920/747
f 3884/919/748 5648/918/748 2908/920/748 1014/921/748
f 934/915/749 3885/914/749 5649/922/749 2749/923/749
f 3885/914/750 1455/913/750 3884/919/750 5649/922/750
f 5649/922/751 3884/919/751 1014/921/751 2909/924/751
f 2749/923/752 5649/922/752 2909/924/752 430/925/752
f 430/925/753 2909/924/753 5650/926/753 2750/927/753
f 2909/924/754 1014/921/754 3886/928/754 5650/926/754
f 5650/926/755 3886/928/755 1456/929/755 3889/930/755
f 2750/927/756 5650/926/756 3889/930/756 935/931/756
f 1014/921/757 2908/920/757 5651/932/757 3886/928/757
f 2908/920/758 450/550/758 2790/552/758 5651/932/758
f 5651/932/759 2790/552/759 955/556/759 3887/933/759
f 3886/928/760 5651/932/760 3887/933/760 1456/929/760
f 1456/929/761 3887/933/761 5652/934/761 3888/935/761
f 3887/933/762 955/556/762 2791/568/762 5652/934/762
f 5652/934/763 2791/568/763 451/570/763 2910/936/763
f 3888/935/764 5652/934/764 2910/936/764 1015/937/764
f 935/931/765 3889/930/765 5653/938/765 2751/939/765
f 3889/930/766 1456/929/766 3888/935/766 5653/938/766
f 5653/938/767 3888/935/767 1015/937/767 2911/940/767
f 2751/939/768 5653/938/768 2911/940/768 431/941/768
f 431/941/769 2911/940/769 5654/942/769 2752/943/769
f 2911/940/770 1015/937/770 3890/944/770 5654/942/770
f 5654/942/771 3890/944/771 1457/945/771 3893/946/771
f 2752/943/772 5654/942/772 3893/946/772 936/947/772
f 1015/937/773 2910/936/773 5655/948/773 3890/944/773
f 2910/936/774 451/570/774 2792/572/774 5655/948/774
f 5655/948/775 2792/572/775 956/576/775 3891/949/775
f 3890/944/776 5655/948/776 3891/949/776 1457/945/776
f 1457/945/777 3891/949/777 5656/950/777 3892/951/777
f 3891/949/778 956/576/778 2793/588/778 5656/950/778
f 5656/950/779 2793/588/779 452/590/779 2912/952/779
f 3892/951/780 5656/950/780 2912/952/780 1016/953/780
f 936/947/781 3893/946/781 5657/954/781 2753/955/781
f 3893/946/782 1457/945/782 3892/951/782 5657/954/782
f 5657/954/783 3892/951/783 1016/953/783 2913/956/783
f 2753/955/784 5657/954/784 2913/956/784 432/957/784
f 432/957/785 2913/956/785 5658/958/785 2754/959/785
f 2913/956/786 1016/953/786 3894/960/786 5658/958/786
f 5658/958/787 3894/960/787 1458/961/787 3897/962/787
f 2754/959/788 5658/958/788 3897/962/788 937/963/788
f 1016/953/789 2912/952/789 5659/964/789 3894/960/789
f 2912/952/790 452/590/790 2794/592/790 5659/964/790
f 5659/964/791 2794/592/791 957/596/791 3895/965/791
f 3894/960/792 5659/964/792 3895/965/792 1458/961/792
f 1458/961/793 3895/965/793 5660/966/793 3896/967/793
f 3895/965/794 957/596/794 2795/608/794 5660/966/794
f 5660/966/795 2795/608/795 453/610/795 2914/968/795
f 3896/967/796 5660/966/796 2914/968/796 1017/969/796
f 937/963/797 3897/962/797 5661/970/797 2755/971/797
f 3897/962/798 1458/961/798 3896/967/798 5661/970/798
f 5661/970/799 3896/967/799 1017/969/799 2915/972/799
f 2755/971/800 5661/970/800 2915/972/800 433/973/800
f 433/973/801 2915/972/801 5662/974/801 2756/975/801
f 2915/972/802 1017/969/802 3898/976/802 5662/974/802
f 5662/974/803 3898/976/803 1459/977/803 3901/978/803
f 2756/975/804 5662/974/804 3901/978/804 938/979/804
f 1017/969/805 2914/968/805 5663/980/805 3898/976/805
f 2914/968/806 453/610/806 2796/612/806 5663/980/806
f 5663/980/807 2796/612/807 958/616/807 3899/981/807
f 3898/976/808 5663/980/808 3899/981/808 1459/977/808
f 1459/977/809 3899/981/809 5664/982/809 3900/983/809
f 3899/981/810 958/616/810 2797/628/810 5664/982/810
f 5664/982/811 2797/628/811 454/630/811 2916/984/811
f 3900/983/812 5664/982/812 2916/984/812 1018/985/812
f 938/979/813 3901/978/813 5665/986/813 2757/987/813
f 3901/978/814 1459/977/814 3900/983/814 5665/986/814
f 5665/986/815 3900/983/815 1018/985/815 2917/988/815
f 2757/987/816 5665/986/816 2917/988/816 434/989/816
f 434/989/817 2917/988/817 5666/990/817 2758/991/817
f 2917/988/818 1018/985/818 3902/992/818 5666/990/818
f 5666/990/819 3902/992/819 1460/993/819 3905/994/819
f 2758/991/820 5666/990/820 3905/994/820 939/995/820
f 1018/985/821 2916/984/821 5667/996/821 3902/992/821
f 2916/984/822 454/630/822 2798/632/822 5667/996/822
f 5667/996/823 2798/632/823 959/636/823 3903/997/823
f 3902/992/824 5667/996/824 3903/997/824 1460/993/824
f 1460/993/825 3903/997/825 5668/998/825 3904/999/825
f 3903/997/826 959/636/826 2799/648/826 5668/998/826
f 5668/998/827 2799/648/827 455/650/827 2918/1000/827
f 3904/999/828 5668/998/828 2918/1000/828 1019/1001/828
f 939/995/829 3905/994/829 5669/1002/829 2759/1003/829
f 3905/994/830 1460/993/830 3904/999/830 5669/1002/830
f 5669/1002/831 3904/999/831 1019/1001/831 2919/1004/831
f 2759/1003/832 5669/1002/832 2919/1004/832 435/1005/832
f 435/1005/833 2919/1004/833 5670/1006/833 2760/1007/833
f 2919/1004/834 1019/1001/834 3906/1008/834 5670/1006/834
f 5670/1006/835 3906/1008/835 1461/1009/835 3909/1010/835
f 2760/1007/836 5670/1006/836 3909/1010/836 940/1011/836
f 1019/1001/837 2918/1000/837 5671/1012/837 3906/1008/837
f 2918/1000/838 455/650/838 2800/652/838 5671/1012/838
f 5671/1012/839 2800/652/839 960/656/839 3907/1013/839
f 3906/1008/840 5671/1012/840 3907/1013/840 1461/1009/840
f 1461/1009/841 3907/1013/841 5672/1014/841 3908/1015/841
f 3907/1013/842 960/656/842 2801/668/842 5672/1014/842
f 5672/1014/843 2801/668/843 456/670/843 2920/1016/843
f 3908/1015/844 5672/1014/844 2920/1016/844 1020/1017/844
f 940/1011/845 3909/1010/845 5673/1018/845 2761/1019/845
f 3909/1010/846 1461/1009/846 3908/1015/846 5673/1018/846
f 5673/1018/847 3908/1015/847 1020/1017/847 2921/1020/847
f 2761/1019/848 5673/1018/848 2921/1020/848 436/1021/848
f 436/1021/849 2921/1020/849 5674/1022/849 2762/1023/849
f 2921/1020/850 1020/1017/850 3910/1024/850 5674/1022/850
f 5674/1022/851 3910/1024/851 1462/1025/851 3913/1026/851
f 2762/1023/852 5674/1022/852 3913/1026/852 941/1027/852
f 1020/1017/853 2920/1016/853 5675/1028/853 3910/1024/853
f 2920/1016/854 456/670/854 2802/672/854 5675/1028/854
f 5675/1028/855 2802/672/855 961/676/855 3911/1029/855
f 3910/1024/856 5675/1028/856 3911/1029/856 1462/1025/856
f 1462/1025/857 3911/1029/857 5676/1030/857 3912/1031/857
f 3911/1029/858 961/676/858 2803/688/858 5676/1030/858
f 5676/1030/859 2803/688/859 457/690/859 2922/1032/859
f 3912/1031/860 5676/1030/860 2922/1032/860 1021/1033/860
f 941/1027/861 3913/1026/861 5677/1034/861 2763/1035/861
f 3913/1026/862 1462/1025/862 3912/1031/862 5677/1034/862
f 5677/1034/863 3912/1031/863 1021/1033/863 2923/1036/863
f 2763/1035/864 5677/1034/864 2923/1036/864 437/1037/864
f 437/1037/865 2923/1036/865 5678/1038/865 2764/1039/865
f 2923/1036/866 1021/1033/866 3914/1040/866 5678/1038/866
f 5678/1038/867 3914/1040/867 1463/1041/867 3917/1042/867
f 2764/1039/868 5678/1038/868 3917/1042/868 942/1043/868
f 1021/1033/869 2922/1032/869 5679/1044/869 3914/1040/869
f 2922/1032/870 457/690/870 2804/692/870 5679/1044/870
f 5679/1044/871 2804/692/871 962/696/871 3915/1045/871
f 3914/1040/872 5679/1044/872 3915/1045/872 1463/1041/872
f 1463/1041/873 3915/1045/873 5680/1046/873 3916/1047/873
f 3915/1045/874 962/696/874 2805/708/874 5680/1046/874
f 5680/1046/875 2805/708/875 458/710/875 2924/1048/875
f 3916/1047/876 5680/1046/876 2924/1048/876 1022/1049/876
f 942/1043/877 3917/1042/877 5681/1050/877 2765/1051/877
f 3917/1042/878 1463/1041/878 3916/1047/878 5681/1050/878
f 5681/1050/879 3916/1047/879 1022/1049/879 2925/1052/879
f 2765/1051/880 5681/1050/880 2925/1052/880 438/1053/880
f 438/1053/881 2925/1052/881 5682/1054/881 2766/1055/881
f 2925/1052/882 1022/1049/882 3918/1056/882 5682/1054/882
f 5682/1054/883 3918/1056/883 1464/1057/883 3921/1058/883
f 2766/1055/884 5682/1054/884 3921/1058/884 943/1059/884
f 1022/1049/885 2924/1048/885 5683/1060/885 3918/1056/885
f 2924/1048/886 458/710/886 2806/712/886 5683/1060/886
f 5683/1060/887 2806/712/887 963/716/887 3919/1061/887
f 3918/1056/888 5683/1060/888 3919/1061/888 1464/1057/888
f 1464/1057/889 3919/1061/889 5684/1062/889 3920/1063/889
f 3919/1061/890 963/716/890 2807/728/890 5684/1062/890
f 5684/1062/891 2807/728/891 459/730/891 2926/1064/891
f 3920/1063/892 5684/1062/892 2926/1064/892 1023/1065/892
f 943/1059/893 3921/1058/893 5685/1066/893 2767/1067/893
f 3921/1058/894 1464/1057/894 3920/1063/894 5685/1066/894
f 5685/1066/895 3920/1063/895 1023/1065/895 2927/1068/895
f 2767/1067/896 5685/1066/896 2927/1068/896 439/1069/896
f 439/1069/897 2927/1068/897 5686/1070/897 2768/1071/897
f 2927/1068/898 1023/1065/898 3922/1072/898 5686/1070/898
f 5686/1070/899 3922/1072/899 1465/1073/899 3925/1074/899
f 2768/1071/900 5686/1070/900 3925/1074/900 944/1075/900
f 1023/1065/901 2926/1064/901 5687/1076/901 3922/1072/901
f 2926/1064/902 459/730/902 2808/732/902 5687/1076/902
f 5687/1076/903 2808/732/903 964/736/903 3923/1077/903
f 3922/1072/904 5687/1076/904 3923/1077/904 1465/1073/904
f 1465/1073/905 3923/1077/905 5688/1078/905 3924/1079/905
f 3923/1077/906 964/736/906 2809/748/906 5688/1078/906
f 5688/1078/907 2809/748/907 460/750/907 2928/1080/907
f 3924/1079/908 5688/1078/908 2928/1080/908 1024/1081/908
f 944/1075/909 3925/1074/909 5689/1082/909 2769/1083/909
f 3925/1074/910 1465/1073/910 3924/1079/910 5689/1082/910
f 5689/1082/911 3924/1079/911 1024/1081/911 2929/1084/911
f 2769/1083/912 5689/1082/912 2929/1084/912 440/1085/912
f 440/1085/913 2929/1084/913 5690/1086/913 2770/1087/913
f 2929/1084/914 1024/1081/914 3926/1088/914 5690/1086/914
f 5690/1086/915 3926/1088/915 1466/1089/915 3929/1090/915
f 2770/1087/916 5690/1086/916 3929/1090/916 945/1091/916
f 1024/1081/917 2928/1080/917 5691/1092/917 3926/1088/917
f 2928/1080/918 460/750/918 2810/752/918 5691/1092/918
f 5691/1092/919 2810/752/919 965/756/919 3927/1093/919
f 3926/1088/920 5691/1092/920 3927/1093/920 1466/1089/920
f 1466/1089/921 3927/1093/921 5692/1094/921 3928/1095/921
f 3927/1093/922 965/756/922 2811/768/922 5692/1094/922
f 5692/1094/923 2811/768/923 461/770/923 2930/1096/923
f 3928/1095/924 5692/1094/924 2930/1096/924 1025/1097/924
f 945/1091/925 3929/1090/925 5693/1098/925 2771/1099/925
f 3929/1090/926 1466/1089/926 3928/1095/926 5693/1098/926
f 5693/1098/927 3928/1095/927 1025/1097/927 2931/1100/927
f 2771/1099/928 5693/1098/928 2931/1100/928 441/1101/928
f 441/1101/929 2931/1100/929 5694/1102/929 2772/1103/929
f 2931/1100/930 1025/1097/930 3930/1104/930 5694/1102/930
f 5694/1102/931 3930/1104/931 1467/1105/931 3933/1106/931
f 2772/1103/932 5694/1102/932 3933/1106/932 946/1107/932
f 1025/1097/933 2930/1096/933 5695/1108/933 3930/1104/933
f 2930/1096/934 461/770/934 2812/772/934 5695/1108/934
f 5695/1108/935 2812/772/935 966/776/935 3931/1109/935
f 3930/1104/936 5695/1108/936 3931/1109/936 1467/1105/936
f 1467/1105/937 3931/1109/937 5696/1110/937 3932/1111/937
f 3931/1109/938 966/776/938 2813/788/938 5696/1110/938
f 5696/1110/939 2813/788/939 462/790/939 2932/1112/939
f 3932/1111/940 5696/1110/940 2932/1112/940 1026/1113/940
f 946/1107/941 3933/1106/941 5697/1114/941 2773/1115/941
f 3933/1106/942 1467/1105/942 3932/1111/942 5697/1114/942
f 5697/1114/943 3932/1111/943 1026/1113/943 2933/1116/943
f 2773/1115/944 5697/1114/944 2933/1116/944 442/1117/944
f 442/1117/945 2933/1116/945 5698/1118/945 2774/1119/945
f 2933/1116/946 1026/1113/946 3934/1120/946 5698/1118/946
f 5698/1118/947 3934/1120/947 1468/1121/947 3937/1122/947
f 2774/1119/948 5698/1118/948 3937/1122/948 947/1123/948
f 1026/1113/949 2932/1112/949 5699/1124/949 3934/1120/949
f 2932/1112/950 462/790/950 2814/792/950 5699/1124/950
f 5699/1124/951 2814/792/951 967/796/951 3935/1125/951
f 3934/1120/952 5699/1124/952 3935/1125/952 1468/1121/952
f 1468/1121/953 3935/1125/953 5700/1126/953 3936/1127/953
f 3935/1125/954 967/796/954 2815/808/954 5700/1126/954
f 5700/1126/955 2815/808/955 463/810/955 2934/1128/955
f 3936/1127/956 5700/1126/956 2934/1128/956 1027/1129/956
f 947/1123/957 3937/1122/957 5701/1130/957 2775/1131/957
f 3937/1122/958 1468/1121/958 3936/1127/958 5701/1130/958
f 5701/1130/959 3936/1127/959 1027/1129/959 2935/1132/959
f 2775/1131/960 5701/1130/960 2935/1132/960 443/1133/960
f 443/1133/961 2935/1132/961 5702/1134/961 2776/1135/961
f 2935/1132/962 1027/1129/962 3938/1136/962 5702/1134/962
f 5702/1134/963 3938/1136/963 1469/1137/963 3941/1138/963
f 2776/1135/964 5702/1134/964 3941/1138/964 948/1139/964
f 1027/1129/965 2934/1128/965 5703/1140/965 3938/1136/965
f 2934/1128/966 463/810/966 2816/812/966 5703/1140/966
f 5703/1140/967 2816/812/967 968/816/967 3939/1141/967
f 3938/1136/968 5703/1140/968 3939/1141/968 1469/1137/968
f 1469/1137/969 3939/1141/969 5704/1142/969 3940/1143/969
f 3939/1141/970 968/816/970 2817/825/970 5704/1142/970
f 5704/1142/971 2817/825/971 464/399/971 2936/397/971
f 3940/1143/972 5704/1142/972 2936/397/972 1028/393/972
f 948/1139/973 3941/1138/973 5705/1144/973 2777/1145/973
f 3941/1138/974 1469/1137/974 3940/1143/974 5705/1144/974
f 5705/1144/975 3940/1143/975 1028/393/975 2937/391/975
f 2777/1145/976 5705/1144/976 2937/391/976 444/379/976
f 1/1146/977 1859/1147/977 5706/1148/977 2698/1149/977
f 1859/1147/978 489/1150/978 3942/1151/978 5706/1148/978
f 5706/1148/979 3942/1151/979 1470/1152/979 3945/1153/979
f 2698/1149/980 5706/1148/980 3945/1153/980 909/1154/980
f 489/1150/981 1858/1155/981 5707/1156/981 3942/1151/981
f 1858/1155/982 3/826/982 2738/829/982 5707/1156/982
f 5707/1156/983 2738/829/983 929/834/983 3943/1157/983
f 3942/1151/984 5707/1156/984 3943/1157/984 1470/1152/984
f 1470/1152/985 3943/1157/985 5708/1158/985 3944/1159/985
f 3943/1157/986 929/834/986 2739/843/986 5708/1158/986
f 5708/1158/987 2739/843/987 425/845/987 2938/1160/987
f 3944/1159/988 5708/1158/988 2938/1160/988 1029/1161/988
f 909/1154/989 3945/1153/989 5709/1162/989 2699/1163/989
f 3945/1153/990 1470/1152/990 3944/1159/990 5709/1162/990
f 5709/1162/991 3944/1159/991 1029/1161/991 2939/1164/991
f 2699/1163/992 5709/1162/992 2939/1164/992 405/1165/992
f 405/1165/993 2939/1164/993 5710/1166/993 2700/1167/993
f 2939/1164/994 1029/1161/994 3946/1168/994 5710/1166/994
f 5710/1166/995 3946/1168/995 1471/1169/995 3949/1170/995
f 2700/1167/996 5710/1166/996 3949/1170/996 910/1171/996
f 1029/1161/997 2938/1160/997 5711/1172/997 3946/1168/997
f 2938/1160/998 425/845/998 2740/847/998 5711/1172/998
f 5711/1172/999 2740/847/999 930/851/999 3947/1173/999
f 3946/1168/1000 5711/1172/1000 3947/1173/1000 1471/1169/1000
f 1471/1169/1001 3947/1173/1001 5712/1174/1001 3948/1175/1001
f 3947/1173/1002 930/851/1002 2741/859/1002 5712/1174/1002
f 5712/1174/1003 2741/859/1003 426/861/1003 2940/1176/1003
f 3948/1175/1004 5712/1174/1004 2940/1176/1004 1030/1177/1004
f 910/1171/1005 3949/1170/1005 5713/1178/1005 2701/1179/1005
f 3949/1170/1006 1471/1169/1006 3948/1175/1006 5713/1178/1006
f 5713/1178/1007 3948/1175/1007 1030/1177/1007 2941/1180/1007
f 2701/1179/1008 5713/1178/1008 2941/1180/1008 406/1181/1008
f 406/1181/1009 2941/1180/1009 5714/1182/1009 2702/1183/1009
f 2941/1180/1010 1030/1177/1010 3950/1184/1010 5714/1182/1010
f 5714/1182/1011 3950/1184/1011 1472/1185/1011 3953/1186/1011
f 2702/1183/1012 5714/1182/1012 3953/1186/1012 911/1187/1012
f 1030/1177/1013 2940/1176/1013 5715/1188/1013 3950/1184/1013
f 2940/1176/1014 426/861/1014 2742/863/1014 5715/1188/1014
f 5715/1188/1015 2742/863/1015 931/867/1015 3951/1189/1015
f 3950/1184/1016 5715/1188/1016 3951/1189/1016 1472/1185/1016
f 1472/1185/1017 3951/1189/1017 5716/1190/1017 3952/1191/1017
f 3951/1189/1018 931/867/1018 2743/875/1018 5716/1190/1018
f 5716/1190/1019 2743/875/1019 427/877/1019 2942/1192/1019
f 3952/1191/1020 5716/1190/1020 2942/1192/1020 1031/1193/1020
f 911/1187/1021 3953/1186/1021 5717/1194/1021 2703/1195/1021
f 3953/1186/1022 1472/1185/1022 3952/1191/1022 5717/1194/1022
f 5717/1194/1023 3952/1191/1023 1031/1193/1023 2943/1196/1023
f 2703/1195/1024 5717/1194/1024 2943/1196/1024 407/1197/1024
f 407/1197/1025 2943/1196/1025 5718/1198/1025 2704/1199/1025
f 2943/1196/1026 1031/1193/1026 3954/1200/1026 5718/1198/1026
f 5718/1198/1027 3954/1200/1027 1473/1201/1027 3957/1202/1027
f 2704/1199/1028 5718/1198/1028 3957/1202/1028 912/1203/1028
f 1031/1193/1029 2942/1192/1029 5719/1204/1029 3954/1200/1029
f 2942/1192/1030 427/877/1030 2744/879/1030 5719/1204/1030
f 5719/1204/1031 2744/879/1031 932/883/1031 3955/1205/1031
f 3954/1200/1032 5719/1204/1032 3955/1205/1032 1473/1201/1032
f 1473/1201/1033 3955/1205/1033 5720/1206/1033 3956/1207/1033
f 3955/1205/1034 932/883/1034 2745/891/1034 5720/1206/1034
f 5720/1206/1035 2745/891/1035 428/893/1035 2944/1208/1035
f 3956/1207/1036 5720/1206/1036 2944/1208/1036 1032/1209/1036
f 912/1203/1037 3957/1202/1037 5721/1210/1037 2705/1211/1037
f 3957/1202/1038 1473/1201/1038 3956/1207/1038 5721/1210/1038
f 5721/1210/1039 3956/1207/1039 1032/1209/1039 2945/1212/1039
f 2705/1211/1040 5721/1210/1040 2945/1212/1040 408/1213/1040
f 408/1213/1041 2945/1212/1041 5722/1214/1041 2706/1215/1041
f 2945/1212/1042 1032/1209/1042 3958/1216/1042 5722/1214/1042
f 5722/1214/1043 3958/1216/1043 1474/1217/1043 3961/1218/1043
f 2706/1215/1044 5722/1214/1044 3961/1218/1044 913/1219/1044
f 1032/1209/1045 2944/1208/1045 5723/1220/1045 3958/1216/1045
f 2944/1208/1046 428/893/1046 2746/895/1046 5723/1220/1046
f 5723/1220/1047 2746/895/1047 933/899/1047 3959/1221/1047
f 3958/1216/1048 5723/1220/1048 3959/1221/1048 1474/1217/1048
f 1474/1217/1049 3959/1221/1049 5724/1222/1049 3960/1223/1049
f 3959/1221/1050 933/899/1050 2747/907/1050 5724/1222/1050
f 5724/1222/1051 2747/907/1051 429/909/1051 2946/1224/1051
f 3960/1223/1052 5724/1222/1052 2946/1224/1052 1033/1225/1052
f 913/1219/1053 3961/1218/1053 5725/1226/1053 2707/1227/1053
f 3961/1218/1054 1474/1217/1054 3960/1223/1054 5725/1226/1054
f 5725/1226/1055 3960/1223/1055 1033/1225/1055 2947/1228/1055
f 2707/1227/1056 5725/1226/1056 2947/1228/1056 409/1229/1056
f 409/1229/1057 2947/1228/1057 5726/1230/1057 2708/1231/1057
f 2947/1228/1058 1033/1225/1058 3962/1232/1058 5726/1230/1058
f 5726/1230/1059 3962/1232/1059 1475/1233/1059 3965/1234/1059
f 2708/1231/1060 5726/1230/1060 3965/1234/1060 914/1235/1060
f 1033/1225/1061 2946/1224/1061 5727/1236/1061 3962/1232/1061
f 2946/1224/1062 429/909/1062 2748/911/1062 5727/1236/1062
f 5727/1236/1063 2748/911/1063 934/915/1063 3963/1237/1063
f 3962/1232/1064 5727/1236/1064 3963/1237/1064 1475/1233/1064
f 1475/1233/1065 3963/1237/1065 5728/1238/1065 3964/1239/1065
f 3963/1237/1066 934/915/1066 2749/923/1066 5728/1238/1066
f 5728/1238/1067 2749/923/1067 430/925/1067 2948/1240/1067
f 3964/1239/1068 5728/1238/1068 2948/1240/1068 1034/1241/1068
f 914/1235/1069 3965/1234/1069 5729/1242/1069 2709/1243/1069
f 3965/1234/1070 1475/1233/1070 3964/1239/1070 5729/1242/1070
f 5729/1242/1071 3964/1239/1071 1034/1241/1071 2949/1244/1071
f 2709/1243/1072 5729/1242/1072 2949/1244/1072 410/1245/1072
f 410/1245/1073 2949/1244/1073 5730/1246/1073 2710/1247/1073
f 2949/1244/1074 1034/1241/1074 3966/1248/1074 5730/1246/1074
f 5730/1246/1075 3966/1248/1075 1476/1249/1075 3969/1250/1075
f 2710/1247/1076 5730/1246/1076 3969/1250/1076 915/1251/1076
f 1034/1241/1077 2948/1240/1077 5731/1252/1077 3966/1248/1077
f 2948/1240/1078 430/925/1078 2750/927/1078 5731/1252/1078
f 5731/1252/1079 2750/927/1079 935/931/1079 3967/1253/1079
f 3966/1248/1080 5731/1252/1080 3967/1253/1080 1476/1249/1080
f 1476/1249/1081 3967/1253/1081 5732/1254/1081 3968/1255/1081
f 3967/1253/1082 935/931/1082 2751/939/1082 5732/1254/1082
f 5732/1254/1083 2751/939/1083 431/941/1083 2950/1256/1083
f 3968/1255/1084 5732/1254/1084 2950/1256/1084 1035/1257/1084
f 915/1251/1085 3969/1250/1085 5733/1258/1085 2711/1259/1085
f 3969/1250/1086 1476/1249/1086 3968/1255/1086 5733/1258/1086
f 5733/1258/1087 3968/1255/1087 1035/1257/1087 2951/1260/1087
f 2711/1259/1088 5733/1258/1088 2951/1260/1088 411/1261/1088
f 411/1261/1089 2951/1260/1089 5734/1262/1089 2712/1263/1089
f 2951/1260/1090 1035/1257/1090 3970/1264/1090 5734/1262/1090
f 5734/1262/1091 3970/1264/1091 1477/1265/1091 3973/1266/1091
f 2712/1263/1092 5734/1262/1092 3973/1266/1092 916/1267/1092
f 1035/1257/1093 2950/1256/1093 5735/1268/1093 3970/1264/1093
f 2950/1256/1094 431/941/1094 2752/943/1094 5735/1268/1094
f 5735/1268/1095 2752/943/1095 936/947/1095 3971/1269/1095
f 3970/1264/1096 5735/1268/1096 3971/1269/1096 1477/1265/1096
f 1477/1265/1097 3971/1269/1097 5736/1270/1097 3972/1271/1097
f 3971/1269/1098 936/947/1098 2753/955/1098 5736/1270/1098
f 5736/1270/1099 2753/955/1099 432/957/1099 2952/1272/1099
f 3972/1271/1100 5736/1270/1100 2952/1272/1100 1036/1273/1100
f 916/1267/1101 3973/1266/1101 5737/1274/1101 2713/1275/1101
f 3973/1266/1102 1477/1265/1102 3972/1271/1102 5737/1274/1102
f 5737/1274/1103 3972/1271/1103 1036/1273/1103 2953/1276/1103
f 2713/1275/1104 5737/1274/1104 2953/1276/1104 412/1277/1104
f 412/1277/1105 2953/1276/1105 5738/1278/1105 2714/1279/1105
f 2953/1276/1106 1036/1273/1106 3974/1280/1106 5738/1278/1106
f 5738/1278/1107 3974/1280/1107 1478/1281/1107 3977/1282/1107
f 2714/1279/1108 5738/1278/1108 3977/1282/1108 917/1283/1108
f 1036/1273/1109 2952/1272/1109 5739/1284/1109 3974/1280/1109
f 2952/1272/1110 432/957/1110 2754/959/1110 5739/1284/1110
f 5739/1284/1111 2754/959/1111 937/963/1111 3975/1285/1111
f 3974/1280/1112 5739/1284/1112 3975/1285/1112 1478/1281/1112
f 1478/1281/1113 3975/1285/1113 5740/1286/1113 3976/1287/1113
f 3975/1285/1114 937/963/1114 2755/971/1114 5740/1286/1114
f 5740/1286/1115 2755/971/1115 433/973/1115 2954/1288/1115
f 3976/1287/1116 5740/1286/1116 2954/1288/1116 1037/1289/1116
f 917/1283/1117 3977/1282/1117 5741/1290/1117 2715/1291/1117
f 3977/1282/1118 1478/1281/1118 3976/1287/1118 5741/1290/1118
f 5741/1290/1119 3976/1287/1119 1037/1289/1119 2955/1292/1119
f 2715/1291/1120 5741/1290/1120 2955/1292/1120 413/1293/1120
f 413/1293/1121 2955/1292/1121 5742/1294/1121 2716/1295/1121
f 2955/1292/1122 1037/1289/1122 3978/1296/1122 5742/1294/1122
f 5742/1294/1123 3978/1296/1123 1479/1297/1123 3981/1298/1123
f 2716/1295/1124 5742/1294/1124 3981/1298/1124 918/1299/1124
f 1037/1289/1125 2954/1288/1125 5743/1300/1125 3978/1296/1125
f 2954/1288/1126 433/973/1126 2756/975/1126 5743/1300/1126
f 5743/1300/1127 2756/975/1127 938/979/1127 3979/1301/1127
f 3978/1296/1128 5743/1300/1128 3979/1301/1128 1479/1297/1128
f 1479/1297/1129 3979/1301/1129 5744/1302/1129 3980/1303/1129
f 3979/1301/1130 938/979/1130 2757/987/1130 5744/1302/1130
f 5744/1302/1131 2757/987/1131 434/989/1131 2956/1304/1131
f 3980/1303/1132 5744/1302/1132 2956/1304/1132 1038/1305/1132
f 918/1299/1133 3981/1298/1133 5745/1306/1133 2717/1307/1133
f 3981/1298/1134 1479/1297/1134 3980/1303/1134 5745/1306/1134
f 5745/1306/1135 3980/1303/1135 1038/1305/1135 2957/1308/1135
f 2717/1307/1136 5745/1306/1136 2957/1308/1136 414/1309/1136
f 414/1309/1137 2957/1308/1137 5746/1310/1137 2718/1311/1137
f 2957/1308/1138 1038/1305/1138 3982/1312/1138 5746/1310/1138
f 5746/1310/1139 3982/1312/1139 1480/1313/1139 3985/1314/1139
f 2718/1311/1140 5746/1310/1140 3985/1314/1140 919/1315/1140
f 1038/1305/1141 2956/1304/1141 5747/1316/1141 3982/1312/1141
f 2956/1304/1142 434/989/1142 2758/991/1142 5747/1316/1142
f 5747/1316/1143 2758/991/1143 939/995/1143 3983/1317/1143
f 3982/1312/1144 5747/1316/1144 3983/1317/1144 1480/1313/1144
f 1480/1313/1145 3983/1317/1145 5748/1318/1145 3984/1319/1145
f 3983/1317/1146 939/995/1146 2759/1003/1146 5748/1318/1146
f 5748/1318/1147 2759/1003/1147 435/1005/1147 2958/1320/1147
f 3984/1319/1148 5748/1318/1148 2958/1320/1148 1039/1321/1148
f 919/1315/1149 3985/1314/1149 5749/1322/1149 2719/1323/1149
f 3985/1314/1150 1480/1313/1150 3984/1319/1150 5749/1322/1150
f 5749/1322/1151 3984/1319/1151 1039/1321/1151 2959/1324/1151
f 2719/1323/1152 5749/1322/1152 2959/1324/1152 415/1325/1152
f 415/1325/1153 2959/1324/1153 5750/1326/1153 2720/1327/1153
f 2959/1324/1154 1039/1321/1154 3986/1328/1154 5750/1326/1154
f 5750/1326/1155 3986/1328/1155 1481/1329/1155 3989/1330/1155
f 2720/1327/1156 5750/1326/1156 3989/1330/1156 920/1331/1156
f 1039/1321/1157 2958/1320/1157 5751/1332/1157 3986/1328/1157
f 2958/1320/1158 435/1005/1158 2760/1007/1158 5751/1332/1158
f 5751/1332/1159 2760/1007/1159 940/1011/1159 3987/1333/1159
f 3986/1328/1160 5751/1332/1160 3987/1333/1160 1481/1329/1160
f 1481/1329/1161 3987/1333/1161 5752/1334/1161 3988/1335/1161
f 3987/1333/1162 940/1011/1162 2761/1019/1162 5752/1334/1162
f 5752/1334/1163 2761/1019/1163 436/1021/1163 2960/1336/1163
f 3988/1335/1164 5752/1334/1164 2960/1336/1164 1040/1337/1164
f 920/1331/1165 3989/1330/1165 5753/1338/1165 2721/1339/1165
f 3989/1330/1166 1481/1329/1166 3988/1335/1166 5753/1338/1166
f 5753/1338/1167 3988/1335/1167 1040/1337/1167 2961/1340/1167
f 2721/1339/1168 5753/1338/1168 2961/1340/1168 416/1341/1168
f 416/1341/1169 2961/1340/1169 5754/1342/1169 2722/1343/1169
f 2961/1340/1170 1040/1337/1170 3990/1344/1170 5754/1342/1170
f 5754/1342/1171 3990/1344/1171 1482/1345/1171 3993/1346/1171
f 2722/1343/1172 5754/1342/1172 3993/1346/1172 921/1347/1172
f 1040/1337/1173 2960/1336/1173 5755/1348/1173 3990/1344/1173
f 2960/1336/1174 436/1021/1174 2762/1023/1174 5755/1348/1174
f 5755/1348/1175 2762/1023/1175 941/1027/1175 3991/1349/1175
f 3990/1344/1176 5755/1348/1176 3991/1349/1176 1482/1345/1176
f 1482/1345/1177 3991/1349/1177 5756/1350/1177 3992/1351/1177
f 3991/1349/1178 941/1027/1178 2763/1035/1178 5756/1350/1178
f 5756/1350/1179 2763/1035/1179 437/1037/1179 2962/1352/1179
f 3992/1351/1180 5756/1350/1180 2962/1352/1180 1041/1353/1180
f 921/1347/1181 3993/1346/1181 5757/1354/1181 2723/1355/1181
f 3993/1346/1182 1482/1345/1182 3992/1351/1182 5757/1354/1182
f 5757/1354/1183 3992/1351/1183 1041/1353/1183 2963/1356/1183
f 2723/1355/1184 5757/1354/1184 2963/1356/1184 417/1357/1184
f 417/1357/1185 2963/1356/1185 5758/1358/1185 2724/1359/1185
f 2963/1356/1186 1041/1353/1186 3994/1360/1186 5758/1358/1186
f 5758/1358/1187 3994/1360/1187 1483/1361/1187 3997/1362/1187
f 2724/1359/1188 5758/1358/1188 3997/1362/1188 922/1363/1188
f 1041/1353/1189 2962/1352/1189 5759/1364/1189 3994/1360/1189
f 2962/1352/1190 437/1037/1190 2764/1039/1190 5759/1364/1190
f 5759/1364/1191 2764/1039/1191 942/1043/1191 3995/1365/1191
f 3994/1360/1192 5759/1364/1192 3995/1365/1192 1483/1361/1192
f 1483/1361/1193 3995/1365/1193 5760/1366/1193 3996/1367/1193
f 3995/1365/1194 942/1043/1194 2765/1051/1194 5760/1366/1194
f 5760/1366/1195 2765/1051/1195 438/1053/1195 2964/1368/1195
f 3996/1367/1196 5760/1366/1196 2964/1368/1196 1042/1369/1196
f 922/1363/1197 3997/1362/1197 5761/1370/1197 2725/1371/1197
f 3997/1362/1198 1483/1361/1198 3996/1367/1198 5761/1370/1198
f 5761/1370/1199 3996/1367/1199 1042/1369/1199 2965/1372/1199
f 2725/1371/1200 5761/1370/1200 2965/1372/1200 418/1373/1200
f 418/1373/1201 2965/1372/1201 5762/1374/1201 2726/1375/1201
f 2965/1372/1202 1042/1369/1202 3998/1376/1202 5762/1374/1202
f 5762/1374/1203 3998/1376/1203 1484/1377/1203 4001/1378/1203
f 2726/1375/1204 5762/1374/1204 4001/1378/1204 923/1379/1204
f 1042/1369/1205 2964/1368/1205 5763/1380/1205 3998/1376/1205
f 2964/1368/1206 438/1053/1206 2766/1055/1206 5763/1380/1206
f 5763/1380/1207 2766/1055/1207 943/1059/1207 3999/1381/1207
f 3998/1376/1208 5763/1380/1208 3999/1381/1208 1484/1377/1208
f 1484/1377/1209 3999/1381/1209 5764/1382/1209 4000/1383/1209
f 3999/1381/1210 943/1059/1210 2767/1067/1210 5764/1382/1210
f 5764/1382/1211 2767/1067/1211 439/1069/1211 2966/1384/1211
f 4000/1383/1212 5764/1382/1212 2966/1384/1212 1043/1385/1212
f 923/1379/1213 4001/1378/1213 5765/1386/1213 2727/1387/1213
f 4001/1378/1214 1484/1377/1214 4000/1383/1214 5765/1386/1214
f 5765/1386/1215 4000/1383/1215 1043/1385/1215 2967/1388/1215
f 2727/1387/1216 5765/1386/1216 2967/1388/1216 419/1389/1216
f 419/1389/1217 2967/1388/1217 5766/1390/1217 2728/1391/1217
f 2967/1388/1218 1043/1385/1218 4002/1392/1218 5766/1390/1218
f 5766/1390/1219 4002/1392/1219 1485/1393/1219 4005/1394/1219
f 2728/1391/1220 5766/1390/1220 4005/1394/1220 924/1395/1220
f 1043/1385/1221 2966/1384/1221 5767/1396/1221 4002/1392/1221
f 2966/1384/1222 439/1069/1222 2768/1071/1222 5767/1396/1222
f 5767/1396/1223 2768/1071/1223 944/1075/1223 4003/1397/1223
f 4002/1392/1224 5767/1396/1224 4003/1397/1224 1485/1393/1224
f 1485/1393/1225 4003/1397/1225 5768/1398/1225 4004/1399/1225
f 4003/1397/1226 944/1075/1226 2769/1083/1226 5768/1398/1226
f 5768/1398/1227 2769/1083/1227 440/1085/1227 2968/1400/1227
f 4004/1399/1228 5768/1398/1228 2968/1400/1228 1044/1401/1228
f 924/1395/1229 4005/1394/1229 5769/1402/1229 2729/1403/1229
f 4005/1394/1230 1485/1393/1230 4004/1399/1230 5769/1402/1230
f 5769/1402/1231 4004/1399/1231 1044/1401/1231 2969/1404/1231
f 2729/1403/1232 5769/1402/1232 2969/1404/1232 420/1405/1232
f 420/1405/1233 2969/1404/1233 5770/1406/1233 2730/1407/1233
f 2969/1404/1234 1044/1401/1234 4006/1408/1234 5770/1406/1234
f 5770/1406/1235 4006/1408/1235 1486/1409/1235 4009/1410/1235
f 2730/1407/1236 5770/1406/1236 4009/1410/1236 925/1411/1236
f 1044/1401/1237 2968/1400/1237 5771/1412/1237 4006/1408/1237
f 2968/1400/1238 440/1085/1238 2770/1087/1238 5771/1412/1238
f 5771/1412/1239 2770/1087/1239 945/1091/1239 4007/1413/1239
f 4006/1408/1240 5771/1412/1240 4007/1413/1240 1486/1409/1240
f 1486/1409/1241 4007/1413/1241 5772/1414/1241 4008/1415/1241
f 4007/1413/1242 945/1091/1242 2771/1099/1242 5772/1414/1242
f 5772/1414/1243 2771/1099/1243 441/1101/1243 2970/1416/1243
f 4008/1415/1244 5772/1414/1244 2970/1416/1244 1045/1417/1244
f 925/1411/1245 4009/1410/1245 5773/1418/1245 2731/1419/1245
f 4009/1410/1246 1486/1409/1246 4008/1415/1246 5773/1418/1246
f 5773/1418/1247 4008/1415/1247 1045/1417/1247 2971/1420/1247
f 2731/1419/1248 5773/1418/1248 2971/1420/1248 421/1421/1248
f 421/1421/1249 2971/1420/1249 5774/1422/1249 2732/1423/1249
f 2971/1420/1250 1045/1417/1250 4010/1424/1250 5774/1422/1250
f 5774/1422/1251 4010/1424/1251 1487/1425/1251 4013/1426/1251
f 2732/1423/1252 5774/1422/1252 4013/1426/1252 926/1427/1252
f 1045/1417/1253 2970/1416/1253 5775/1428/1253 4010/1424/1253
f 2970/1416/1254 441/1101/1254 2772/1103/1254 5775/1428/1254
f 5775/1428/1255 2772/1103/1255 946/1107/1255 4011/1429/1255
f 4010/1424/1256 5775/1428/1256 4011/1429/1256 1487/1425/1256
f 1487/1425/1257 4011/1429/1257 5776/1430/1257 4012/1431/1257
f 4011/1429/1258 946/1107/1258 2773/1115/1258 5776/1430/1258
f 5776/1430/1259 2773/1115/1259 442/1117/1259 2972/1432/1259
f 4012/1431/1260 5776/1430/1260 2972/1432/1260 1046/1433/1260
f 926/1427/1261 4013/1426/1261 5777/1434/1261 2733/1435/1261
f 4013/1426/1262 1487/1425/1262 4012/1431/1262 5777/1434/1262
f 5777/1434/1263 4012/1431/1263 1046/1433/1263 2973/1436/1263
f 2733/1435/1264 5777/1434/1264 2973/1436/1264 422/1437/1264
f 422/1437/1265 2973/1436/1265 5778/1438/1265 2734/1439/1265
f 2973/1436/1266 1046/1433/1266 4014/1440/1266 5778/1438/1266
f 5778/1438/1267 4014/1440/1267 1488/1441/1267 4017/1442/1267
f 2734/1439/1268 5778/1438/1268 4017/1442/1268 927/1443/1268
f 1046/1433/1269 2972/1432/1269 5779/1444/1269 4014/1440/1269
f 2972/1432/1270 442/1117/1270 2774/1119/1270 5779/1444/1270
f 5779/1444/1271 2774/1119/1271 947/1123/1271 4015/1445/1271
f 4014/1440/1272 5779/1444/1272 4015/1445/1272 1488/1441/1272
f 1488/1441/1273 4015/1445/1273 5780/1446/1273 4016/1447/1273
f 4015/1445/1274 947/1123/1274 2775/1131/1274 5780/1446/1274
f 5780/1446/1275 2775/1131/1275 443/1133/1275 2974/1448/1275
f 4016/1447/1276 5780/1446/1276 2974/1448/1276 1047/1449/1276
f 927/1443/1277 4017/1442/1277 5781/1450/1277 2735/1451/1277
f 4017/1442/1278 1488/1441/1278 4016/1447/1278 5781/1450/1278
f 5781/1450/1279 4016/1447/1279 1047/1449/1279 2975/1452/1279
f 2735/1451/1280 5781/1450/1280 2975/1452/1280 423/1453/1280
f 423/1453/1281 2975/1452/1281 5782/1454/1281 2736/1455/1281
f 2975/1452/1282 1047/1449/1282 4018/1456/1282 5782/1454/1282
f 5782/1454/1283 4018/1456/1283 1489/1457/1283 4021/1458/1283
f 2736/1455/1284 5782/1454/1284 4021/1458/1284 928/1459/1284
f 1047/1449/1285 2974/1448/1285 5783/1460/1285 4018/1456/1285
f 2974/1448/1286 443/1133/1286 2776/1135/1286 5783/1460/1286
f 5783/1460/1287 2776/1135/1287 948/1139/1287 4019/1461/1287
f 4018/1456/1288 5783/1460/1288 4019/1461/1288 1489/1457/1288
f 1489/1457/1289 4019/1461/1289 5784/1462/1289 4020/1463/1289
f 4019/1461/1290 948/1139/1290 2777/1145/1290 5784/1462/1290
f 5784/1462/1291 2777/1145/1291 444/379/1291 2976/377/1291
f 4020/1463/1292 5784/1462/1292 2976/377/1292 1048/373/1292
f 928/1459/1293 4021/1458/1293 5785/1464/1293 2737/1465/1293
f 4021/1458/1294 1489/1457/1294 4020/1463/1294 5785/1464/1294
f 5785/1464/1295 4020/1463/1295 1048/373/1295 2977/371/1295
f 2737/1465/1296 5785/1464/1296 2977/371/1296 424/359/1296
f 9/1466/1297 1857/1467/1297 5786/1468/1297 2658/1469/1297
f 1857/1467/1298 488/1470/1298 4022/1471/1298 5786/1468/1298
f 5786/1468/1299 4022/1471/1299 1490/1472/1299 4025/1473/1299
f 2658/1469/1300 5786/1468/1300 4025/1473/1300 889/1474/1300
f 488/1470/1301 1856/1475/1301 5787/1476/1301 4022/1471/1301
f 1856/1475/1302 1/1146/1302 2698/1149/1302 5787/1476/1302
f 5787/1476/1303 2698/1149/1303 909/1154/1303 4023/1477/1303
f 4022/1471/1304 5787/1476/1304 4023/1477/1304 1490/1472/1304
f 1490/1472/1305 4023/1477/1305 5788/1478/1305 4024/1479/1305
f 4023/1477/1306 909/1154/1306 2699/1163/1306 5788/1478/1306
f 5788/1478/1307 2699/1163/1307 405/1165/1307 2978/1480/1307
f 4024/1479/1308 5788/1478/1308 2978/1480/1308 1049/1481/1308
f 889/1474/1309 4025/1473/1309 5789/1482/1309 2659/1483/1309
f 4025/1473/1310 1490/1472/1310 4024/1479/1310 5789/1482/1310
f 5789/1482/1311 4024/1479/1311 1049/1481/1311 2979/1484/1311
f 2659/1483/1312 5789/1482/1312 2979/1484/1312 385/1485/1312
f 385/1485/1313 2979/1484/1313 5790/1486/1313 2660/1487/1313
f 2979/1484/1314 1049/1481/1314 4026/1488/1314 5790/1486/1314
f 5790/1486/1315 4026/1488/1315 1491/1489/1315 4029/1490/1315
f 2660/1487/1316 5790/1486/1316 4029/1490/1316 890/1491/1316
f 1049/1481/1317 2978/1480/1317 5791/1492/1317 4026/1488/1317
f 2978/1480/1318 405/1165/1318 2700/1167/1318 5791/1492/1318
f 5791/1492/1319 2700/1167/1319 910/1171/1319 4027/1493/1319
f 4026/1488/1320 5791/1492/1320 4027/1493/1320 1491/1489/1320
f 1491/1489/1321 4027/1493/1321 5792/1494/1321 4028/1495/1321
f 4027/1493/1322 910/1171/1322 2701/1179/1322 5792/1494/1322
f 5792/1494/1323 2701/1179/1323 406/1181/1323 2980/1496/1323
f 4028/1495/1324 5792/1494/1324 2980/1496/1324 1050/1497/1324
f 890/1491/1325 4029/1490/1325 5793/1498/1325 2661/1499/1325
f 4029/1490/1326 1491/1489/1326 4028/1495/1326 5793/1498/1326
f 5793/1498/1327 4028/1495/1327 1050/1497/1327 2981/1500/1327
f 2661/1499/1328 5793/1498/1328 2981/1500/1328 386/1501/1328
f 386/1501/1329 2981/1500/1329 5794/1502/1329 2662/1503/1329
f 2981/1500/1330 1050/1497/1330 4030/1504/1330 5794/1502/1330
f 5794/1502/1331 4030/1504/1331 1492/1505/1331 4033/1506/1331
f 2662/1503/1332 5794/1502/1332 4033/1506/1332 891/1507/1332
f 1050/1497/1333 2980/1496/1333 5795/1508/1333 4030/1504/1333
f 2980/1496/1334 406/1181/1334 2702/1183/1334 5795/1508/1334
f 5795/1508/1335 2702/1183/1335 911/1187/1335 4031/1509/1335
f 4030/1504/1336 5795/1508/1336 4031/1509/1336 1492/1505/1336
f 1492/1505/1337 4031/1509/1337 5796/1510/1337 4032/1511/1337
f 4031/1509/1338 911/1187/1338 2703/1195/1338 5796/1510/1338
f 5796/1510/1339 2703/1195/1339 407/1197/1339 2982/1512/1339
f 4032/1511/1340 5796/1510/1340 2982/1512/1340 1051/1513/1340
f 891/1507/1341 4033/1506/1341 5797/1514/1341 2663/1515/1341
f 4033/1506/1342 1492/1505/1342 4032/1511/1342 5797/1514/1342
f 5797/1514/1343 4032/1511/1343 1051/1513/1343 2983/1516/1343
f 2663/1515/1344 5797/1514/1344 2983/1516/1344 387/1517/1344
f 387/1517/1345 2983/1516/1345 5798/1518/1345 2664/1519/1345
f 2983/1516/1346 1051/1513/1346 4034/1520/1346 5798/1518/1346
f 5798/1518/1347 4034/1520/1347 1493/1521/1347 4037/1522/1347
f 2664/1519/1348 5798/1518/1348 4037/1522/1348 892/1523/1348
f 1051/1513/1349 2982/1512/1349 5799/1524/1349 4034/1520/1349
f 2982/1512/1350 407/1197/1350 2704/1199/1350 5799/1524/1350
f 5799/1524/1351 2704/1199/1351 912/1203/1351 4035/1525/1351
f 4034/1520/1352 5799/1524/1352 4035/1525/1352 1493/1521/1352
f 1493/1521/1353 4035/1525/1353 5800/1526/1353 4036/1527/1353
f 4035/1525/1354 912/1203/1354 2705/1211/1354 5800/1526/1354
f 5800/1526/1355 2705/1211/1355 408/1213/1355 2984/1528/1355
f 4036/1527/1356 5800/1526/1356 2984/1528/1356 1052/1529/1356
f 892/1523/1357 4037/1522/1357 5801/1530/1357 2665/1531/1357
f 4037/1522/1358 1493/1521/1358 4036/1527/1358 5801/1530/1358
f 5801/1530/1359 4036/1527/1359 1052/1529/1359 2985/1532/1359
f 2665/1531/1360 5801/1530/1360 2985/1532/1360 388/1533/1360
f 388/1533/1361 2985/1532/1361 5802/1534/1361 2666/1535/1361
f 2985/1532/1362 1052/1529/1362 4038/1536/1362 5802/1534/1362
f 5802/1534/1363 4038/1536/1363 1494/1537/1363 4041/1538/1363
f 2666/1535/1364 5802/1534/1364 4041/1538/1364 893/1539/1364
f 1052/1529/1365 2984/1528/1365 5803/1540/1365 4038/1536/1365
f 2984/1528/1366 408/1213/1366 2706/1215/1366 5803/1540/1366
f 5803/1540/1366 2706/1215/1366 913/1219/1366 4039/1541/1366
f 4038/1536/1365 5803/1540/1365 4039/1541/1365 1494/1537/1365
f 1494/1537/1367 4039/1541/1367 5804/1542/1367 4040/1543/1367
f 4039/1541/1368 913/1219/1368 2707/1227/1368 5804/1542/1368
f 5804/1542/1369 2707/1227/1369 409/1229/1369 2986/1544/1369
f 4040/1543/1370 5804/1542/1370 2986/1544/1370 1053/1545/1370
f 893/1539/1371 4041/1538/1371 5805/1546/1371 2667/1547/1371
f 4041/1538/1372 1494/1537/1372 4040/1543/1372 5805/1546/1372
f 5805/1546/1373 4040/1543/1373 1053/1545/1373 2987/1548/1373
f 2667/1547/1374 5805/1546/1374 2987/1548/1374 389/1549/1374
f 389/1549/1375 2987/1548/1375 5806/1550/1375 2668/1551/1375
f 2987/1548/1376 1053/1545/1376 4042/1552/1376 5806/1550/1376
f 5806/1550/1377 4042/1552/1377 1495/1553/1377 4045/1554/1377
f 2668/1551/1378 5806/1550/1378 4045/1554/1378 894/1555/1378
f 1053/1545/1379 2986/1544/1379 5807/1556/1379 4042/1552/1379
f 2986/1544/1380 409/1229/1380 2708/1231/1380 5807/1556/1380
f 5807/1556/1381 2708/1231/1381 914/1235/1381 4043/1557/1381
f 4042/1552/1382 5807/1556/1382 4043/1557/1382 1495/1553/1382
f 1495/1553/1383 4043/1557/1383 5808/1558/1383 4044/1559/1383
f 4043/1557/1384 914/1235/1384 2709/1243/1384 5808/1558/1384
f 5808/1558/1385 2709/1243/1385 410/1245/1385 2988/1560/1385
f 4044/1559/1386 5808/1558/1386 2988/1560/1386 1054/1561/1386
f 894/1555/1387 4045/1554/1387 5809/1562/1387 2669/1563/1387
f 4045/1554/1388 1495/1553/1388 4044/1559/1388 5809/1562/1388
f 5809/1562/1389 4044/1559/1389 1054/1561/1389 2989/1564/1389
f 2669/1563/1390 5809/1562/1390 2989/1564/1390 390/1565/1390
f 390/1565/1391 2989/1564/1391 5810/1566/1391 2670/1567/1391
f 2989/1564/1392 1054/1561/1392 4046/1568/1392 5810/1566/1392
f 5810/1566/1393 4046/1568/1393 1496/1569/1393 4049/1570/1393
f 2670/1567/1394 5810/1566/1394 4049/1570/1394 895/1571/1394
f 1054/1561/1395 2988/1560/1395 5811/1572/1395 4046/1568/1395
f 2988/1560/1396 410/1245/1396 2710/1247/1396 5811/1572/1396
f 5811/1572/1397 2710/1247/1397 915/1251/1397 4047/1573/1397
f 4046/1568/1398 5811/1572/1398 4047/1573/1398 1496/1569/1398
f 1496/1569/1399 4047/1573/1399 5812/1574/1399 4048/1575/1399
f 4047/1573/1400 915/1251/1400 2711/1259/1400 5812/1574/1400
f 5812/1574/1401 2711/1259/1401 411/1261/1401 2990/1576/1401
f 4048/1575/1402 5812/1574/1402 2990/1576/1402 1055/1577/1402
f 895/1571/1403 4049/1570/1403 5813/1578/1403 2671/1579/1403
f 4049/1570/1404 1496/1569/1404 4048/1575/1404 5813/1578/1404
f 5813/1578/1405 4048/1575/1405 1055/1577/1405 2991/1580/1405
f 2671/1579/1406 5813/1578/1406 2991/1580/1406 391/1581/1406
f 391/1581/1407 2991/1580/1407 5814/1582/1407 2672/1583/1407
f 2991/1580/1408 1055/1577/1408 4050/1584/1408 5814/1582/1408
f 5814/1582/1409 4050/1584/1409 1497/1585/1409 4053/1586/1409
f 2672/1583/1410 5814/1582/1410 4053/1586/1410 896/1587/1410
f 1055/1577/1411 2990/1576/1411 5815/1588/1411 4050/1584/1411
f 2990/1576/1412 411/1261/1412 2712/1263/1412 5815/1588/1412
f 5815/1588/1413 2712/1263/1413 916/1267/1413 4051/1589/1413
f 4050/1584/1414 5815/1588/1414 4051/1589/1414 1497/1585/1414
f 1497/1585/1415 4051/1589/1415 5816/1590/1415 4052/1591/1415
f 4051/1589/1416 916/1267/1416 2713/1275/1416 5816/1590/1416
f 5816/1590/1417 2713/1275/1417 412/1277/1417 2992/1592/1417
f 4052/1591/1418 5816/1590/1418 2992/1592/1418 1056/1593/1418
f 896/1587/1419 4053/1586/1419 5817/1594/1419 2673/1595/1419
f 4053/1586/1420 1497/1585/1420 4052/1591/1420 5817/1594/1420
f 5817/1594/1421 4052/1591/1421 1056/1593/1421 2993/1596/1421
f 2673/1595/1422 5817/1594/1422 2993/1596/1422 392/1597/1422
f 392/1597/1423 2993/1596/1423 5818/1598/1423 2674/1599/1423
f 2993/1596/1424 1056/1593/1424 4054/1600/1424 5818/1598/1424
f 5818/1598/1425 4054/1600/1425 1498/1601/1425 4057/1602/1425
f 2674/1599/1426 5818/1598/1426 4057/1602/1426 897/1603/1426
f 1056/1593/1427 2992/1592/1427 5819/1604/1427 4054/1600/1427
f 2992/1592/1428 412/1277/1428 2714/1279/1428 5819/1604/1428
f 5819/1604/1429 2714/1279/1429 917/1283/1429 4055/1605/1429
f 4054/1600/1430 5819/1604/1430 4055/1605/1430 1498/1601/1430
f 1498/1601/1431 4055/1605/1431 5820/1606/1431 4056/1607/1431
f 4055/1605/1432 917/1283/1432 2715/1291/1432 5820/1606/1432
f 5820/1606/1433 2715/1291/1433 413/1293/1433 2994/1608/1433
f 4056/1607/1434 5820/1606/1434 2994/1608/1434 1057/1609/1434
f 897/1603/1435 4057/1602/1435 5821/1610/1435 2675/1611/1435
f 4057/1602/1436 1498/1601/1436 4056/1607/1436 5821/1610/1436
f 5821/1610/1437 4056/1607/1437 1057/1609/1437 2995/1612/1437
f 2675/1611/1438 5821/1610/1438 2995/1612/1438 393/1613/1438
f 393/1613/1439 2995/1612/1439 5822/1614/1439 2676/1615/1439
f 2995/1612/1440 1057/1609/1440 4058/1616/1440 5822/1614/1440
f 5822/1614/1441 4058/1616/1441 1499/1617/1441 4061/1618/1441
f 2676/1615/1442 5822/1614/1442 4061/1618/1442 898/1619/1442
f 1057/1609/1443 2994/1608/1443 5823/1620/1443 4058/1616/1443
f 2994/1608/1444 413/1293/1444 2716/1295/1444 5823/1620/1444
f 5823/1620/1445 2716/1295/1445 918/1299/1445 4059/1621/1445
f 4058/1616/1446 5823/1620/1446 4059/1621/1446 1499/1617/1446
f 1499/1617/1447 4059/1621/1447 5824/1622/1447 4060/1623/1447
f 4059/1621/1448 918/1299/1448 2717/1307/1448 5824/1622/1448
f 5824/1622/1449 2717/1307/1449 414/1309/1449 2996/1624/1449
f 4060/1623/1450 5824/1622/1450 2996/1624/1450 1058/1625/1450
f 898/1619/1451 4061/1618/1451 5825/1626/1451 2677/1627/1451
f 4061/1618/1452 1499/1617/1452 4060/1623/1452 5825/1626/1452
f 5825/1626/1453 4060/1623/1453 1058/1625/1453 2997/1628/1453
f 2677/1627/1454 5825/1626/1454 2997/1628/1454 394/1629/1454
f 394/1629/1455 2997/1628/1455 5826/1630/1455 2678/1631/1455
f 2997/1628/1456 1058/1625/1456 4062/1632/1456 5826/1630/1456
f 5826/1630/1457 4062/1632/1457 1500/1633/1457 4065/1634/1457
f 2678/1631/1458 5826/1630/1458 4065/1634/1458 899/1635/1458
f 1058/1625/1459 2996/1624/1459 5827/1636/1459 4062/1632/1459
f 2996/1624/1460 414/1309/1460 2718/1311/1460 5827/1636/1460
f 5827/1636/1461 2718/1311/1461 919/1315/1461 4063/1637/1461
f 4062/1632/1462 5827/1636/1462 4063/1637/1462 1500/1633/1462
f 1500/1633/1463 4063/1637/1463 5828/1638/1463 4064/1639/1463
f 4063/1637/1464 919/1315/1464 2719/1323/1464 5828/1638/1464
f 5828/1638/1465 2719/1323/1465 415/1325/1465 2998/1640/1465
f 4064/1639/1466 5828/1638/1466 2998/1640/1466 1059/1641/1466
f 899/1635/1467 4065/1634/1467 5829/1642/1467 2679/1643/1467
f 4065/1634/1468 1500/1633/1468 4064/1639/1468 5829/1642/1468
f 5829/1642/1469 4064/1639/1469 1059/1641/1469 2999/1644/1469
f 2679/1643/1470 5829/1642/1470 2999/1644/1470 395/1645/1470
f 395/1645/1471 2999/1644/1471 5830/1646/1471 2680/1647/1471
f 2999/1644/1472 1059/1641/1472 4066/1648/1472 5830/1646/1472
f 5830/1646/1473 4066/1648/1473 1501/1649/1473 4069/1650/1473
f 2680/1647/1474 5830/1646/1474 4069/1650/1474 900/1651/1474
f 1059/1641/1475 2998/1640/1475 5831/1652/1475 4066/1648/1475
f 2998/1640/1476 415/1325/1476 2720/1327/1476 5831/1652/1476
f 5831/1652/1477 2720/1327/1477 920/1331/1477 4067/1653/1477
f 4066/1648/1478 5831/1652/1478 4067/1653/1478 1501/1649/1478
f 1501/1649/1479 4067/1653/1479 5832/1654/1479 4068/1655/1479
f 4067/1653/1480 920/1331/1480 2721/1339/1480 5832/1654/1480
f 5832/1654/1481 2721/1339/1481 416/1341/1481 3000/1656/1481
f 4068/1655/1482 5832/1654/1482 3000/1656/1482 1060/1657/1482
f 900/1651/1483 4069/1650/1483 5833/1658/1483 2681/1659/1483
f 4069/1650/1484 1501/1649/1484 4068/1655/1484 5833/1658/1484
f 5833/1658/1485 4068/1655/1485 1060/1657/1485 3001/1660/1485
f 2681/1659/1486 5833/1658/1486 3001/1660/1486 396/1661/1486
f 396/1661/1487 3001/1660/1487 5834/1662/1487 2682/1663/1487
f 3001/1660/1488 1060/1657/1488 4070/1664/1488 5834/1662/1488
f 5834/1662/1489 4070/1664/1489 1502/1665/1489 4073/1666/1489
f 2682/1663/1490 5834/1662/1490 4073/1666/1490 901/1667/1490
f 1060/1657/1491 3000/1656/1491 5835/1668/1491 4070/1664/1491
f 3000/1656/1492 416/1341/1492 2722/1343/1492 5835/1668/1492
f 5835/1668/1493 2722/1343/1493 921/1347/1493 4071/1669/1493
f 4070/1664/1494 5835/1668/1494 4071/1669/1494 1502/1665/1494
f 1502/1665/1495 4071/1669/1495 5836/1670/1495 4072/1671/1495
f 4071/1669/1496 921/1347/1496 2723/1355/1496 5836/1670/1496
f 5836/1670/1497 2723/1355/1497 417/1357/1497 3002/1672/1497
f 4072/1671/1498 5836/1670/1498 3002/1672/1498 1061/1673/1498
f 901/1667/1499 4073/1666/1499 5837/1674/1499 2683/1675/1499
f 4073/1666/1500 1502/1665/1500 4072/1671/1500 5837/1674/1500
f 5837/1674/1501 4072/1671/1501 1061/1673/1501 3003/1676/1501
f 2683/1675/1502 5837/1674/1502 3003/1676/1502 397/1677/1502
f 397/1677/1503 3003/1676/1503 5838/1678/1503 2684/1679/1503
f 3003/1676/1504 1061/1673/1504 4074/1680/1504 5838/1678/1504
f 5838/1678/1505 4074/1680/1505 1503/1681/1505 4077/1682/1505
f 2684/1679/1506 5838/1678/1506 4077/1682/1506 902/1683/1506
f 1061/1673/1507 3002/1672/1507 5839/1684/1507 4074/1680/1507
f 3002/1672/1508 417/1357/1508 2724/1359/1508 5839/1684/1508
f 5839/1684/1509 2724/1359/1509 922/1363/1509 4075/1685/1509
f 4074/1680/1510 5839/1684/1510 4075/1685/1510 1503/1681/1510
f 1503/1681/1511 4075/1685/1511 5840/1686/1511 4076/1687/1511
f 4075/1685/1512 922/1363/1512 2725/1371/1512 5840/1686/1512
f 5840/1686/1513 2725/1371/1513 418/1373/1513 3004/1688/1513
f 4076/1687/1514 5840/1686/1514 3004/1688/1514 1062/1689/1514
f 902/1683/1515 4077/1682/1515 5841/1690/1515 2685/1691/1515
f 4077/1682/1516 1503/1681/1516 4076/1687/1516 5841/1690/1516
f 5841/1690/1517 4076/1687/1517 1062/1689/1517 3005/1692/1517
f 2685/1691/1518 5841/1690/1518 3005/1692/1518 398/1693/1518
f 398/1693/1519 3005/1692/1519 5842/1694/1519 2686/1695/1519
f 3005/1692/1520 1062/1689/1520 4078/1696/1520 5842/1694/1520
f 5842/1694/1521 4078/1696/1521 1504/1697/1521 4081/1698/1521
f 2686/1695/1522 5842/1694/1522 4081/1698/1522 903/1699/1522
f 1062/1689/1523 3004/1688/1523 5843/1700/1523 4078/1696/1523
f 3004/1688/1524 418/1373/1524 2726/1375/1524 5843/1700/1524
f 5843/1700/1525 2726/1375/1525 923/1379/1525 4079/1701/1525
f 4078/1696/1526 5843/1700/1526 4079/1701/1526 1504/1697/1526
f 1504/1697/1527 4079/1701/1527 5844/1702/1527 4080/1703/1527
f 4079/1701/1528 923/1379/1528 2727/1387/1528 5844/1702/1528
f 5844/1702/1529 2727/1387/1529 419/1389/1529 3006/1704/1529
f 4080/1703/1530 5844/1702/1530 3006/1704/1530 1063/1705/1530
f 903/1699/1531 4081/1698/1531 5845/1706/1531 2687/1707/1531
f 4081/1698/1532 1504/1697/1532 4080/1703/1532 5845/1706/1532
f 5845/1706/1533 4080/1703/1533 1063/1705/1533 3007/1708/1533
f 2687/1707/1534 5845/1706/1534 3007/1708/1534 399/1709/1534
f 399/1709/1535 3007/1708/1535 5846/1710/1535 2688/1711/1535
f 3007/1708/1536 1063/1705/1536 4082/1712/1536 5846/1710/1536
f 5846/1710/1537 4082/1712/1537 1505/1713/1537 4085/1714/1537
f 2688/1711/1538 5846/1710/1538 4085/1714/1538 904/1715/1538
f 1063/1705/1539 3006/1704/1539 5847/1716/1539 4082/1712/1539
f 3006/1704/1540 419/1389/1540 2728/1391/1540 5847/1716/1540
f 5847/1716/1541 2728/1391/1541 924/1395/1541 4083/1717/1541
f 4082/1712/1542 5847/1716/1542 4083/1717/1542 1505/1713/1542
f 1505/1713/1543 4083/1717/1543 5848/1718/1543 4084/1719/1543
f 4083/1717/1544 924/1395/1544 2729/1403/1544 5848/1718/1544
f 5848/1718/1545 2729/1403/1545 420/1405/1545 3008/1720/1545
f 4084/1719/1546 5848/1718/1546 3008/1720/1546 1064/1721/1546
f 904/1715/1547 4085/1714/1547 5849/1722/1547 2689/1723/1547
f 4085/1714/1548 1505/1713/1548 4084/1719/1548 5849/1722/1548
f 5849/1722/1549 4084/1719/1549 1064/1721/1549 3009/1724/1549
f 2689/1723/1550 5849/1722/1550 3009/1724/1550 400/1725/1550
f 400/1725/1551 3009/1724/1551 5850/1726/1551 2690/1727/1551
f 3009/1724/1552 1064/1721/1552 4086/1728/1552 5850/1726/1552
f 5850/1726/1553 4086/1728/1553 1506/1729/1553 4089/1730/1553
f 2690/1727/1554 5850/1726/1554 4089/1730/1554 905/1731/1554
f 1064/1721/1555 3008/1720/1555 5851/1732/1555 4086/1728/1555
f 3008/1720/1556 420/1405/1556 2730/1407/1556 5851/1732/1556
f 5851/1732/1557 2730/1407/1557 925/1411/1557 4087/1733/1557
f 4086/1728/1558 5851/1732/1558 4087/1733/1558 1506/1729/1558
f 1506/1729/1559 4087/1733/1559 5852/1734/1559 4088/1735/1559
f 4087/1733/1560 925/1411/1560 2731/1419/1560 5852/1734/1560
f 5852/1734/1561 2731/1419/1561 421/1421/1561 3010/1736/1561
f 4088/1735/1562 5852/1734/1562 3010/1736/1562 1065/1737/1562
f 905/1731/1563 4089/1730/1563 5853/1738/1563 2691/1739/1563
f 4089/1730/1564 1506/1729/1564 4088/1735/1564 5853/1738/1564
f 5853/1738/1565 4088/1735/1565 1065/1737/1565 3011/1740/1565
f 2691/1739/1566 5853/1738/1566 3011/1740/1566 401/1741/1566
f 401/1741/1567 3011/1740/1567 5854/1742/1567 2692/1743/1567
f 3011/1740/1568 1065/1737/1568 4090/1744/1568 5854/1742/1568
f 5854/1742/1569 4090/1744/1569 1507/1745/1569 4093/1746/1569
f 2692/1743/1570 5854/1742/1570 4093/1746/1570 906/1747/1570
f 1065/1737/1571 3010/1736/1571 5855/1748/1571 4090/1744/1571
f 3010/1736/1572 421/1421/1572 2732/1423/1572 5855/1748/1572
f 5855/1748/1573 2732/1423/1573 926/1427/1573 4091/1749/1573
f 4090/1744/1574 5855/1748/1574 4091/1749/1574 1507/1745/1574
f 1507/1745/1575 4091/1749/1575 5856/1750/1575 4092/1751/1575
f 4091/1749/1576 926/1427/1576 2733/1435/1576 5856/1750/1576
f 5856/1750/1577 2733/1435/1577 422/1437/1577 3012/1752/1577
f 4092/1751/1578 5856/1750/1578 3012/1752/1578 1066/1753/1578
f 906/1747/1579 4093/1746/1579 5857/1754/1579 2693/1755/1579
f 4093/1746/1580 1507/1745/1580 4092/1751/1580 5857/1754/1580
f 5857/1754/1581 4092/1751/1581 1066/1753/1581 3013/1756/1581
f 2693/1755/1582 5857/1754/1582 3013/1756/1582 402/1757/1582
f 402/1757/1583 3013/1756/1583 5858/1758/1583 2694/1759/1583
f 3013/1756/1584 1066/1753/1584 4094/1760/1584 5858/1758/1584
f 5858/1758/1585 4094/1760/1585 1508/1761/1585 4097/1762/1585
f 2694/1759/1586 5858/1758/1586 4097/1762/1586 907/1763/1586
f 1066/1753/1587 3012/1752/1587 5859/1764/1587 4094/1760/1587
f 3012/1752/1588 422/1437/1588 2734/1439/1588 5859/1764/1588
f 5859/1764/1589 2734/1439/1589 927/1443/1589 4095/1765/1589
f 4094/1760/1590 5859/1764/1590 4095/1765/1590 1508/1761/1590
f 1508/1761/1591 4095/1765/1591 5860/1766/1591 4096/1767/1591
f 4095/1765/1592 927/1443/1592 2735/1451/1592 5860/1766/1592
f 5860/1766/1593 2735/1451/1593 423/1453/1593 3014/1768/1593
f 4096/1767/1594 5860/1766/1594 3014/1768/1594 1067/1769/1594
f 907/1763/1595 4097/1762/1595 5861/1770/1595 2695/1771/1595
f 4097/1762/1596 1508/1761/1596 4096/1767/1596 5861/1770/1596
f 5861/1770/1597 4096/1767/1597 1067/1769/1597 3015/1772/1597
f 2695/1771/1598 5861/1770/1598 3015/1772/1598 403/1773/1598
f 403/1773/1599 3015/1772/1599 5862/1774/1599 2696/1775/1599
f 3015/1772/1600 1067/1769/1600 4098/1776/1600 5862/1774/1600
f 5862/1774/1601 4098/1776/1601 1509/1777/1601 4101/1778/1601
f 2696/1775/1602 5862/1774/1602 4101/1778/1602 908/1779/1602
f 1067/1769/1603 3014/1768/1603 5863/1780/1603 4098/1776/1603
f 3014/1768/1604 423/1453/1604 2736/1455/1604 5863/1780/1604
f 5863/1780/1605 2736/1455/1605 928/1459/1605 4099/1781/1605
f 4098/1776/1606 5863/1780/1606 4099/1781/1606 1509/1777/1606
f 1509/1777/1607 4099/1781/1607 5864/1782/1607 4100/1783/1607
f 4099/1781/1608 928/1459/1608 2737/1465/1608 5864/1782/1608
f 5864/1782/1609 2737/1465/1609 424/359/1609 3016/357/1609
f 4100/1783/1610 5864/1782/1610 3016/357/1610 1068/353/1610
f 908/1779/1611 4101/1778/1611 5865/1784/1611 2697/1785/1611
f 4101/1778/1612 1509/1777/1612 4100/1783/1612 5865/1784/1612
f 5865/1784/1613 4100/1783/1613 1068/353/1613 3017/351/1613
f 2697/1785/1614 5865/1784/1614 3017/351/1614 404/339/1614
f 10/1786/1615 1871/1787/1615 5866/1788/1615 2618/1789/1615
f 1871/1787/1616 495/1790/1616 4102/1791/1616 5866/1788/1616
f 5866/1788/1617 4102/1791/1617 1510/1792/1617 4105/1793/1617
f 2618/1789/1618 5866/1788/1618 4105/1793/1618 869/1794/1618
f 495/1790/1619 1870/1795/1619 5867/1796/1619 4102/1791/1619
f 1870/1795/1620 9/1466/1620 2658/1469/1620 5867/1796/1620
f 5867/1796/1621 2658/1469/1621 889/1474/1621 4103/1797/1621
f 4102/1791/1622 5867/1796/1622 4103/1797/1622 1510/1792/1622
f 1510/1792/1623 4103/1797/1623 5868/1798/1623 4104/1799/1623
f 4103/1797/1624 889/1474/1624 2659/1483/1624 5868/1798/1624
f 5868/1798/1625 2659/1483/1625 385/1485/1625 3018/1800/1625
f 4104/1799/1626 5868/1798/1626 3018/1800/1626 1069/1801/1626
f 869/1794/1627 4105/1793/1627 5869/1802/1627 2619/1803/1627
f 4105/1793/1628 1510/1792/1628 4104/1799/1628 5869/1802/1628
f 5869/1802/1629 4104/1799/1629 1069/1801/1629 3019/1804/1629
f 2619/1803/1630 5869/1802/1630 3019/1804/1630 365/1805/1630
f 365/1805/1631 3019/1804/1631 5870/1806/1631 2620/1807/1631
f 3019/1804/1632 1069/1801/1632 4106/1808/1632 5870/1806/1632
f 5870/1806/1633 4106/1808/1633 1511/1809/1633 4109/1810/1633
f 2620/1807/1634 5870/1806/1634 4109/1810/1634 870/1811/1634
f 1069/1801/1635 3018/1800/1635 5871/1812/1635 4106/1808/1635
f 3018/1800/1636 385/1485/1636 2660/1487/1636 5871/1812/1636
f 5871/1812/1637 2660/1487/1637 890/1491/1637 4107/1813/1637
f 4106/1808/1638 5871/1812/1638 4107/1813/1638 1511/1809/1638
f 1511/1809/1639 4107/1813/1639 5872/1814/1639 4108/1815/1639
f 4107/1813/1640 890/1491/1640 2661/1499/1640 5872/1814/1640
f 5872/1814/1641 2661/1499/1641 386/1501/1641 3020/1816/1641
f 4108/1815/1642 5872/1814/1642 3020/1816/1642 1070/1817/1642
f 870/1811/1643 4109/1810/1643 5873/1818/1643 2621/1819/1643
f 4109/1810/1644 1511/1809/1644 4108/1815/1644 5873/1818/1644
f 5873/1818/1645 4108/1815/1645 1070/1817/1645 3021/1820/1645
f 2621/1819/1646 5873/1818/1646 3021/1820/1646 366/1821/1646
f 366/1821/1647 3021/1820/1647 5874/1822/1647 2622/1823/1647
f 3021/1820/1648 1070/1817/1648 4110/1824/1648 5874/1822/1648
f 5874/1822/1649 4110/1824/1649 1512/1825/1649 4113/1826/1649
f 2622/1823/1650 5874/1822/1650 4113/1826/1650 871/1827/1650
f 1070/1817/1651 3020/1816/1651 5875/1828/1651 4110/1824/1651
f 3020/1816/1652 386/1501/1652 2662/1503/1652 5875/1828/1652
f 5875/1828/1653 2662/1503/1653 891/1507/1653 4111/1829/1653
f 4110/1824/1654 5875/1828/1654 4111/1829/1654 1512/1825/1654
f 1512/1825/1655 4111/1829/1655 5876/1830/1655 4112/1831/1655
f 4111/1829/1656 891/1507/1656 2663/1515/1656 5876/1830/1656
f 5876/1830/1657 2663/1515/1657 387/1517/1657 3022/1832/1657
f 4112/1831/1658 5876/1830/1658 3022/1832/1658 1071/1833/1658
f 871/1827/1659 4113/1826/1659 5877/1834/1659 2623/1835/1659
f 4113/1826/1660 1512/1825/1660 4112/1831/1660 5877/1834/1660
f 5877/1834/1661 4112/1831/1661 1071/1833/1661 3023/1836/1661
f 2623/1835/1662 5877/1834/1662 3023/1836/1662 367/1837/1662
f 367/1837/1663 3023/1836/1663 5878/1838/1663 2624/1839/1663
f 3023/1836/1664 1071/1833/1664 4114/1840/1664 5878/1838/1664
f 5878/1838/1665 4114/1840/1665 1513/1841/1665 4117/1842/1665
f 2624/1839/1666 5878/1838/1666 4117/1842/1666 872/1843/1666
f 1071/1833/1667 3022/1832/1667 5879/1844/1667 4114/1840/1667
f 3022/1832/1668 387/1517/1668 2664/1519/1668 5879/1844/1668
f 5879/1844/1669 2664/1519/1669 892/1523/1669 4115/1845/1669
f 4114/1840/1670 5879/1844/1670 4115/1845/1670 1513/1841/1670
f 1513/1841/1671 4115/1845/1671 5880/1846/1671 4116/1847/1671
f 4115/1845/1672 892/1523/1672 2665/1531/1672 5880/1846/1672
f 5880/1846/1673 2665/1531/1673 388/1533/1673 3024/1848/1673
f 4116/1847/1674 5880/1846/1674 3024/1848/1674 1072/1849/1674
f 872/1843/1675 4117/1842/1675 5881/1850/1675 2625/1851/1675
f 4117/1842/1676 1513/1841/1676 4116/1847/1676 5881/1850/1676
f 5881/1850/1677 4116/1847/1677 1072/1849/1677 3025/1852/1677
f 2625/1851/1678 5881/1850/1678 3025/1852/1678 368/1853/1678
f 368/1853/1679 3025/1852/1679 5882/1854/1679 2626/1855/1679
f 3025/1852/1680 1072/1849/1680 4118/1856/1680 5882/1854/1680
f 5882/1854/1681 4118/1856/1681 1514/1857/1681 4121/1858/1681
f 2626/1855/1682 5882/1854/1682 4121/1858/1682 873/1859/1682
f 1072/1849/1683 3024/1848/1683 5883/1860/1683 4118/1856/1683
f 3024/1848/1684 388/1533/1684 2666/1535/1684 5883/1860/1684
f 5883/1860/1685 2666/1535/1685 893/1539/1685 4119/1861/1685
f 4118/1856/1686 5883/1860/1686 4119/1861/1686 1514/1857/1686
f 1514/1857/1687 4119/1861/1687 5884/1862/1687 4120/1863/1687
f 4119/1861/1688 893/1539/1688 2667/1547/1688 5884/1862/1688
f 5884/1862/1689 2667/1547/1689 389/1549/1689 3026/1864/1689
f 4120/1863/1690 5884/1862/1690 3026/1864/1690 1073/1865/1690
f 873/1859/1691 4121/1858/1691 5885/1866/1691 2627/1867/1691
f 4121/1858/1692 1514/1857/1692 4120/1863/1692 5885/1866/1692
f 5885/1866/1693 4120/1863/1693 1073/1865/1693 3027/1868/1693
f 2627/1867/1694 5885/1866/1694 3027/1868/1694 369/1869/1694
f 369/1869/1695 3027/1868/1695 5886/1870/1695 2628/1871/1695
f 3027/1868/1696 1073/1865/1696 4122/1872/1696 5886/1870/1696
f 5886/1870/1697 4122/1872/1697 1515/1873/1697 4125/1874/1697
f 2628/1871/1698 5886/1870/1698 4125/1874/1698 874/1875/1698
f 1073/1865/1699 3026/1864/1699 5887/1876/1699 4122/1872/1699
f 3026/1864/1700 389/1549/1700 2668/1551/1700 5887/1876/1700
f 5887/1876/1701 2668/1551/1701 894/1555/1701 4123/1877/1701
f 4122/1872/1702 5887/1876/1702 4123/1877/1702 1515/1873/1702
f 1515/1873/1703 4123/1877/1703 5888/1878/1703 4124/1879/1703
f 4123/1877/1704 894/1555/1704 2669/1563/1704 5888/1878/1704
f 5888/1878/1705 2669/1563/1705 390/1565/1705 3028/1880/1705
f 4124/1879/1706 5888/1878/1706 3028/1880/1706 1074/1881/1706
f 874/1875/1707 4125/1874/1707 5889/1882/1707 2629/1883/1707
f 4125/1874/1708 1515/1873/1708 4124/1879/1708 5889/1882/1708
f 5889/1882/1709 4124/1879/1709 1074/1881/1709 3029/1884/1709
f 2629/1883/1710 5889/1882/1710 3029/1884/1710 370/1885/1710
f 370/1885/1711 3029/1884/1711 5890/1886/1711 2630/1887/1711
f 3029/1884/1712 1074/1881/1712 4126/1888/1712 5890/1886/1712
f 5890/1886/1713 4126/1888/1713 1516/1889/1713 4129/1890/1713
f 2630/1887/1714 5890/1886/1714 4129/1890/1714 875/1891/1714
f 1074/1881/1715 3028/1880/1715 5891/1892/1715 4126/1888/1715
f 3028/1880/1716 390/1565/1716 2670/1567/1716 5891/1892/1716
f 5891/1892/1717 2670/1567/1717 895/1571/1717 4127/1893/1717
f 4126/1888/1718 5891/1892/1718 4127/1893/1718 1516/1889/1718
f 1516/1889/1719 4127/1893/1719 5892/1894/1719 4128/1895/1719
f 4127/1893/1720 895/1571/1720 2671/1579/1720 5892/1894/1720
f 5892/1894/1721 2671/1579/1721 391/1581/1721 3030/1896/1721
f 4128/1895/1722 5892/1894/1722 3030/1896/1722 1075/1897/1722
f 875/1891/1723 4129/1890/1723 5893/1898/1723 2631/1899/1723
f 4129/1890/1724 1516/1889/1724 4128/1895/1724 5893/1898/1724
f 5893/1898/1725 4128/1895/1725 1075/1897/1725 3031/1900/1725
f 2631/1899/1726 5893/1898/1726 3031/1900/1726 371/1901/1726
f 371/1901/1727 3031/1900/1727 5894/1902/1727 2632/1903/1727
f 3031/1900/1728 1075/1897/1728 4130/1904/1728 5894/1902/1728
f 5894/1902/1729 4130/1904/1729 1517/1905/1729 4133/1906/1729
f 2632/1903/1730 5894/1902/1730 4133/1906/1730 876/1907/1730
f 1075/1897/1731 3030/1896/1731 5895/1908/1731 4130/1904/1731
f 3030/1896/1732 391/1581/1732 2672/1583/1732 5895/1908/1732
f 5895/1908/1733 2672/1583/1733 896/1587/1733 4131/1909/1733
f 4130/1904/1734 5895/1908/1734 4131/1909/1734 1517/1905/1734
f 1517/1905/1735 4131/1909/1735 5896/1910/1735 4132/1911/1735
f 4131/1909/1736 896/1587/1736 2673/1595/1736 5896/1910/1736
f 5896/1910/1737 2673/1595/1737 392/1597/1737 3032/1912/1737
f 4132/1911/1738 5896/1910/1738 3032/1912/1738 1076/1913/1738
f 876/1907/1739 4133/1906/1739 5897/1914/1739 2633/1915/1739
f 4133/1906/1740 1517/1905/1740 4132/1911/1740 5897/1914/1740
f 5897/1914/1741 4132/1911/1741 1076/1913/1741 3033/1916/1741
f 2633/1915/1742 5897/1914/1742 3033/1916/1742 372/1917/1742
f 372/1917/1743 3033/1916/1743 5898/1918/1743 2634/1919/1743
f 3033/1916/1744 1076/1913/1744 4134/1920/1744 5898/1918/1744
f 5898/1918/1745 4134/1920/1745 1518/1921/1745 4137/1922/1745
f 2634/1919/1746 5898/1918/1746 4137/1922/1746 877/1923/1746
f 1076/1913/1747 3032/1912/1747 5899/1924/1747 4134/1920/1747
f 3032/1912/1748 392/1597/1748 2674/1599/1748 5899/1924/1748
f 5899/1924/1749 2674/1599/1749 897/1603/1749 4135/1925/1749
f 4134/1920/1750 5899/1924/1750 4135/1925/1750 1518/1921/1750
f 1518/1921/1751 4135/1925/1751 5900/1926/1751 4136/1927/1751
f 4135/1925/1752 897/1603/1752 2675/1611/1752 5900/1926/1752
f 5900/1926/1753 2675/1611/1753 393/1613/1753 3034/1928/1753
f 4136/1927/1754 5900/1926/1754 3034/1928/1754 1077/1929/1754
f 877/1923/1755 4137/1922/1755 5901/1930/1755 2635/1931/1755
f 4137/1922/1756 1518/1921/1756 4136/1927/1756 5901/1930/1756
f 5901/1930/1757 4136/1927/1757 1077/1929/1757 3035/1932/1757
f 2635/1931/1758 5901/1930/1758 3035/1932/1758 373/1933/1758
f 373/1933/1759 3035/1932/1759 5902/1934/1759 2636/1935/1759
f 3035/1932/1760 1077/1929/1760 4138/1936/1760 5902/1934/1760
f 5902/1934/1761 4138/1936/1761 1519/1937/1761 4141/1938/1761
f 2636/1935/1762 5902/1934/1762 4141/1938/1762 878/1939/1762
f 1077/1929/1763 3034/1928/1763 5903/1940/1763 4138/1936/1763
f 3034/1928/1764 393/1613/1764 2676/1615/1764 5903/1940/1764
f 5903/1940/1765 2676/1615/1765 898/1619/1765 4139/1941/1765
f 4138/1936/1766 5903/1940/1766 4139/1941/1766 1519/1937/1766
f 1519/1937/1767 4139/1941/1767 5904/1942/1767 4140/1943/1767
f 4139/1941/1768 898/1619/1768 2677/1627/1768 5904/1942/1768
f 5904/1942/1769 2677/1627/1769 394/1629/1769 3036/1944/1769
f 4140/1943/1770 5904/1942/1770 3036/1944/1770 1078/1945/1770
f 878/1939/1771 4141/1938/1771 5905/1946/1771 2637/1947/1771
f 4141/1938/1772 1519/1937/1772 4140/1943/1772 5905/1946/1772
f 5905/1946/1773 4140/1943/1773 1078/1945/1773 3037/1948/1773
f 2637/1947/1774 5905/1946/1774 3037/1948/1774 374/1949/1774
f 374/1949/1775 3037/1948/1775 5906/1950/1775 2638/1951/1775
f 3037/1948/1776 1078/1945/1776 4142/1952/1776 5906/1950/1776
f 5906/1950/1777 4142/1952/1777 1520/1953/1777 4145/1954/1777
f 2638/1951/1778 5906/1950/1778 4145/1954/1778 879/1955/1778
f 1078/1945/1779 3036/1944/1779 5907/1956/1779 4142/1952/1779
f 3036/1944/1780 394/1629/1780 2678/1631/1780 5907/1956/1780
f 5907/1956/1781 2678/1631/1781 899/1635/1781 4143/1957/1781
f 4142/1952/1782 5907/1956/1782 4143/1957/1782 1520/1953/1782
f 1520/1953/1783 4143/1957/1783 5908/1958/1783 4144/1959/1783
f 4143/1957/1784 899/1635/1784 2679/1643/1784 5908/1958/1784
f 5908/1958/1785 2679/1643/1785 395/1645/1785 3038/1960/1785
f 4144/1959/1786 5908/1958/1786 3038/1960/1786 1079/1961/1786
f 879/1955/1787 4145/1954/1787 5909/1962/1787 2639/1963/1787
f 4145/1954/1788 1520/1953/1788 4144/1959/1788 5909/1962/1788
f 5909/1962/1789 4144/1959/1789 1079/1961/1789 3039/1964/1789
f 2639/1963/1790 5909/1962/1790 3039/1964/1790 375/1965/1790
f 375/1965/1791 3039/1964/1791 5910/1966/1791 2640/1967/1791
f 3039/1964/1792 1079/1961/1792 4146/1968/1792 5910/1966/1792
f 5910/1966/1793 4146/1968/1793 1521/1969/1793 4149/1970/1793
f 2640/1967/1794 5910/1966/1794 4149/1970/1794 880/1971/1794
f 1079/1961/1795 3038/1960/1795 5911/1972/1795 4146/1968/1795
f 3038/1960/1796 395/1645/1796 2680/1647/1796 5911/1972/1796
f 5911/1972/1797 2680/1647/1797 900/1651/1797 4147/1973/1797
f 4146/1968/1798 5911/1972/1798 4147/1973/1798 1521/1969/1798
f 1521/1969/1799 4147/1973/1799 5912/1974/1799 4148/1975/1799
f 4147/1973/1800 900/1651/1800 2681/1659/1800 5912/1974/1800
f 5912/1974/1801 2681/1659/1801 396/1661/1801 3040/1976/1801
f 4148/1975/1802 5912/1974/1802 3040/1976/1802 1080/1977/1802
f 880/1971/1803 4149/1970/1803 5913/1978/1803 2641/1979/1803
f 4149/1970/1804 1521/1969/1804 4148/1975/1804 5913/1978/1804
f 5913/1978/1805 4148/1975/1805 1080/1977/1805 3041/1980/1805
f 2641/1979/1806 5913/1978/1806 3041/1980/1806 376/1981/1806
f 376/1981/1807 3041/1980/1807 5914/1982/1807 2642/1983/1807
f 3041/1980/1808 1080/1977/1808 4150/1984/1808 5914/1982/1808
f 5914/1982/1809 4150/1984/1809 1522/1985/1809 4153/1986/1809
f 2642/1983/1810 5914/1982/1810 4153/1986/1810 881/1987/1810
f 1080/1977/1811 3040/1976/1811 5915/1988/1811 4150/1984/1811
f 3040/1976/1812 396/1661/1812 2682/1663/1812 5915/1988/1812
f 5915/1988/1813 2682/1663/1813 901/1667/1813 4151/1989/1813
f 4150/1984/1814 5915/1988/1814 4151/1989/1814 1522/1985/1814
f 1522/1985/1815 4151/1989/1815 5916/1990/1815 4152/1991/1815
f 4151/1989/1816 901/1667/1816 2683/1675/1816 5916/1990/1816
f 5916/1990/1817 2683/1675/1817 397/1677/1817 3042/1992/1817
f 4152/1991/1818 5916/1990/1818 3042/1992/1818 1081/1993/1818
f 881/1987/1819 4153/1986/1819 5917/1994/1819 2643/1995/1819
f 4153/1986/1820 1522/1985/1820 4152/1991/1820 5917/1994/1820
f 5917/1994/1821 4152/1991/1821 1081/1993/1821 3043/1996/1821
f 2643/1995/1822 5917/1994/1822 3043/1996/1822 377/1997/1822
f 377/1997/1823 3043/1996/1823 5918/1998/1823 2644/1999/1823
f 3043/1996/1824 1081/1993/1824 4154/2000/1824 5918/1998/1824
f 5918/1998/1825 4154/2000/1825 1523/2001/1825 4157/2002/1825
f 2644/1999/1826 5918/1998/1826 4157/2002/1826 882/2003/1826
f 1081/1993/1827 3042/1992/1827 5919/2004/1827 4154/2000/1827
f 3042/1992/1828 397/1677/1828 2684/1679/1828 5919/2004/1828
f 5919/2004/1829 2684/1679/1829 902/1683/1829 4155/2005/1829
f 4154/2000/1830 5919/2004/1830 4155/2005/1830 1523/2001/1830
f 1523/2001/1831 4155/2005/1831 5920/2006/1831 4156/2007/1831
f 4155/2005/1832 902/1683/1832 2685/1691/1832 5920/2006/1832
f 5920/2006/1833 2685/1691/1833 398/1693/1833 3044/2008/1833
f 4156/2007/1834 5920/2006/1834 3044/2008/1834 1082/2009/1834
f 882/2003/1835 4157/2002/1835 5921/2010/1835 2645/2011/1835
f 4157/2002/1836 1523/2001/1836 4156/2007/1836 5921/2010/1836
f 5921/2010/1837 4156/2007/1837 1082/2009/1837 3045/2012/1837
f 2645/2011/1838 5921/2010/1838 3045/2012/1838 378/2013/1838
f 378/2013/1839 3045/2012/1839 5922/2014/1839 2646/2015/1839
f 3045/2012/1840 1082/2009/1840 4158/2016/1840 5922/2014/1840
f 5922/2014/1841 4158/2016/1841 1524/2017/1841 4161/2018/1841
f 2646/2015/1842 5922/2014/1842 4161/2018/1842 883/2019/1842
f 1082/2009/1843 3044/2008/1843 5923/2020/1843 4158/2016/1843
f 3044/2008/1844 398/1693/1844 2686/1695/1844 5923/2020/1844
f 5923/2020/1845 2686/1695/1845 903/1699/1845 4159/2021/1845
f 4158/2016/1846 5923/2020/1846 4159/2021/1846 1524/2017/1846
f 1524/2017/1847 4159/2021/1847 5924/2022/1847 4160/2023/1847
f 4159/2021/1848 903/1699/1848 2687/1707/1848 5924/2022/1848
f 5924/2022/1849 2687/1707/1849 399/1709/1849 3046/2024/1849
f 4160/2023/1850 5924/2022/1850 3046/2024/1850 1083/2025/1850
f 883/2019/1851 4161/2018/1851 5925/2026/1851 2647/2027/1851
f 4161/2018/1852 1524/2017/1852 4160/2023/1852 5925/2026/1852
f 5925/2026/1853 4160/2023/1853 1083/2025/1853 3047/2028/1853
f 2647/2027/1854 5925/2026/1854 3047/2028/1854 379/2029/1854
f 379/2029/1855 3047/2028/1855 5926/2030/1855 2648/2031/1855
f 3047/2028/1856 1083/2025/1856 4162/2032/1856 5926/2030/1856
f 5926/2030/1857 4162/2032/1857 1525/2033/1857 4165/2034/1857
f 2648/2031/1858 5926/2030/1858 4165/2034/1858 884/2035/1858
f 1083/2025/1859 3046/2024/1859 5927/2036/1859 4162/2032/1859
f 3046/2024/1860 399/1709/1860 2688/1711/1860 5927/2036/1860
f 5927/2036/1861 2688/1711/1861 904/1715/1861 4163/2037/1861
f 4162/2032/1862 5927/2036/1862 4163/2037/1862 1525/2033/1862
f 1525/2033/1863 4163/2037/1863 5928/2038/1863 4164/2039/1863
f 4163/2037/1864 904/1715/1864 2689/1723/1864 5928/2038/1864
f 5928/2038/1865 2689/1723/1865 400/1725/1865 3048/2040/1865
f 4164/2039/1866 5928/2038/1866 3048/2040/1866 1084/2041/1866
f 884/2035/1867 4165/2034/1867 5929/2042/1867 2649/2043/1867
f 4165/2034/1868 1525/2033/1868 4164/2039/1868 5929/2042/1868
f 5929/2042/1869 4164/2039/1869 1084/2041/1869 3049/2044/1869
f 2649/2043/1870 5929/2042/1870 3049/2044/1870 380/2045/1870
f 380/2045/1871 3049/2044/1871 5930/2046/1871 2650/2047/1871
f 3049/2044/1872 1084/2041/1872 4166/2048/1872 5930/2046/1872
f 5930/2046/1873 4166/2048/1873 1526/2049/1873 4169/2050/1873
f 2650/2047/1874 5930/2046/1874 4169/2050/1874 885/2051/1874
f 1084/2041/1875 3048/2040/1875 5931/2052/1875 4166/2048/1875
f 3048/2040/1876 400/1725/1876 2690/1727/1876 5931/2052/1876
f 5931/2052/1877 2690/1727/1877 905/1731/1877 4167/2053/1877
f 4166/2048/1878 5931/2052/1878 4167/2053/1878 1526/2049/1878
f 1526/2049/1879 4167/2053/1879 5932/2054/1879 4168/2055/1879
f 4167/2053/1880 905/1731/1880 2691/1739/1880 5932/2054/1880
f 5932/2054/1881 2691/1739/1881 401/1741/1881 3050/2056/1881
f 4168/2055/1882 5932/2054/1882 3050/2056/1882 1085/2057/1882
f 885/2051/1883 4169/2050/1883 5933/2058/1883 2651/2059/1883
f 4169/2050/1884 1526/2049/1884 4168/2055/1884 5933/2058/1884
f 5933/2058/1885 4168/2055/1885 1085/2057/1885 3051/2060/1885
f 2651/2059/1886 5933/2058/1886 3051/2060/1886 381/2061/1886
f 381/2061/1887 3051/2060/1887 5934/2062/1887 2652/2063/1887
f 3051/2060/1888 1085/2057/1888 4170/2064/1888 5934/2062/1888
f 5934/2062/1889 4170/2064/1889 1527/2065/1889 4173/2066/1889
f 2652/2063/1890 5934/2062/1890 4173/2066/1890 886/2067/1890
f 1085/2057/1891 3050/2056/1891 5935/2068/1891 4170/2064/1891
f 3050/2056/1892 401/1741/1892 2692/1743/1892 5935/2068/1892
f 5935/2068/1893 2692/1743/1893 906/1747/1893 4171/2069/1893
f 4170/2064/1894 5935/2068/1894 4171/2069/1894 1527/2065/1894
f 1527/2065/1895 4171/2069/1895 5936/2070/1895 4172/2071/1895
f 4171/2069/1896 906/1747/1896 2693/1755/1896 5936/2070/1896
f 5936/2070/1897 2693/1755/1897 402/1757/1897 3052/2072/1897
f 4172/2071/1898 5936/2070/1898 3052/2072/1898 1086/2073/1898
f 886/2067/1899 4173/2066/1899 5937/2074/1899 2653/2075/1899
f 4173/2066/1900 1527/2065/1900 4172/2071/1900 5937/2074/1900
f 5937/2074/1901 4172/2071/1901 1086/2073/1901 3053/2076/1901
f 2653/2075/1902 5937/2074/1902 3053/2076/1902 382/2077/1902
f 382/2077/1903 3053/2076/1903 5938/2078/1903 2654/2079/1903
f 3053/2076/1904 1086/2073/1904 4174/2080/1904 5938/2078/1904
f 5938/2078/1905 4174/2080/1905 1528/2081/1905 4177/2082/1905
f 2654/2079/1906 5938/2078/1906 4177/2082/1906 887/2083/1906
f 1086/2073/1907 3052/2072/1907 5939/2084/1907 4174/2080/1907
f 3052/2072/1908 402/1757/1908 2694/1759/1908 5939/2084/1908
f 5939/2084/1909 2694/1759/1909 907/1763/1909 4175/2085/1909
f 4174/2080/1910 5939/2084/1910 4175/2085/1910 1528/2081/1910
f 1528/2081/1911 4175/2085/1911 5940/2086/1911 4176/2087/1911
f 4175/2085/1912 907/1763/1912 2695/1771/1912 5940/2086/1912
f 5940/2086/1913 2695/1771/1913 403/1773/1913 3054/2088/1913
f 4176/2087/1914 5940/2086/1914 3054/2088/1914 1087/2089/1914
f 887/2083/1915 4177/2082/1915 5941/2090/1915 2655/2091/1915
f 4177/2082/1916 1528/2081/1916 4176/2087/1916 5941/2090/1916
f 5941/2090/1917 4176/2087/1917 1087/2089/1917 3055/2092/1917
f 2655/2091/1918 5941/2090/1918 3055/2092/1918 383/2093/1918
f 383/2093/1919 3055/2092/1919 5942/2094/1919 2656/2095/1919
f 3055/2092/1920 1087/2089/1920 4178/2096/1920 5942/2094/1920
f 5942/2094/1921 4178/2096/1921 1529/2097/1921 4181/2098/1921
f 2656/2095/1922 5942/2094/1922 4181/2098/1922 888/2099/1922
f 1087/2089/1923 3054/2088/1923 5943/2100/1923 4178/2096/1923
f 3054/2088/1924 403/1773/1924 2696/1775/1924 5943/2100/1924
f 5943/2100/1925 2696/1775/1925 908/1779/1925 4179/2101/1925
f 4178/2096/1926 5943/2100/1926 4179/2101/1926 1529/2097/1926
f 1529/2097/1927 4179/2101/1927 5944/2102/1927 4180/2103/1927
f 4179/2101/1928 908/1779/1928 2697/1785/1928 5944/2102/1928
f 5944/2102/1929 2697/1785/1929 404/339/1929 3056/337/1929
f 4180/2103/1930 5944/2102/1930 3056/337/1930 1088/333/1930
f 888/2099/1931 4181/2098/1931 5945/2104/1931 2657/2105/1931
f 4181/2098/1932 1529/2097/1932 4180/2103/1932 5945/2104/1932
f 5945/2104/1933 4180/2103/1933 1088/333/1933 3057/331/1933
f 2657/2105/1934 5945/2104/1934 3057/331/1934 384/319/1934
f 11/2106/1935 1853/2107/1935 5946/2108/1935 2578/2109/1935
f 1853/2107/1936 486/2110/1936 4182/2111/1936 5946/2108/1936
f 5946/2108/1937 4182/2111/1937 1530/2112/1937 4185/2113/1937
f 2578/2109/1938 5946/2108/1938 4185/2113/1938 849/2114/1938
f 486/2110/1939 1852/2115/1939 5947/2116/1939 4182/2111/1939
f 1852/2115/1940 10/1786/1940 2618/1789/1940 5947/2116/1940
f 5947/2116/1941 2618/1789/1941 869/1794/1941 4183/2117/1941
f 4182/2111/1942 5947/2116/1942 4183/2117/1942 1530/2112/1942
f 1530/2112/1943 4183/2117/1943 5948/2118/1943 4184/2119/1943
f 4183/2117/1944 869/1794/1944 2619/1803/1944 5948/2118/1944
f 5948/2118/1945 2619/1803/1945 365/1805/1945 3058/2120/1945
f 4184/2119/1946 5948/2118/1946 3058/2120/1946 1089/2121/1946
f 849/2114/1947 4185/2113/1947 5949/2122/1947 2579/2123/1947
f 4185/2113/1948 1530/2112/1948 4184/2119/1948 5949/2122/1948
f 5949/2122/1949 4184/2119/1949 1089/2121/1949 3059/2124/1949
f 2579/2123/1950 5949/2122/1950 3059/2124/1950 345/2125/1950
f 345/2125/1951 3059/2124/1951 5950/2126/1951 2580/2127/1951
f 3059/2124/1952 1089/2121/1952 4186/2128/1952 5950/2126/1952
f 5950/2126/1953 4186/2128/1953 1531/2129/1953 4189/2130/1953
f 2580/2127/1954 5950/2126/1954 4189/2130/1954 850/2131/1954
f 1089/2121/1955 3058/2120/1955 5951/2132/1955 4186/2128/1955
f 3058/2120/1956 365/1805/1956 2620/1807/1956 5951/2132/1956
f 5951/2132/1957 2620/1807/1957 870/1811/1957 4187/2133/1957
f 4186/2128/1958 5951/2132/1958 4187/2133/1958 1531/2129/1958
f 1531/2129/1959 4187/2133/1959 5952/2134/1959 4188/2135/1959
f 4187/2133/1960 870/1811/1960 2621/1819/1960 5952/2134/1960
f 5952/2134/1961 2621/1819/1961 366/1821/1961 3060/2136/1961
f 4188/2135/1962 5952/2134/1962 3060/2136/1962 1090/2137/1962
f 850/2131/1963 4189/2130/1963 5953/2138/1963 2581/2139/1963
f 4189/2130/1964 1531/2129/1964 4188/2135/1964 5953/2138/1964
f 5953/2138/1965 4188/2135/1965 1090/2137/1965 3061/2140/1965
f 2581/2139/1966 5953/2138/1966 3061/2140/1966 346/2141/1966
f 346/2141/1967 3061/2140/1967 5954/2142/1967 2582/2143/1967
f 3061/2140/1968 1090/2137/1968 4190/2144/1968 5954/2142/1968
f 5954/2142/1969 4190/2144/1969 1532/2145/1969 4193/2146/1969
f 2582/2143/1970 5954/2142/1970 4193/2146/1970 851/2147/1970
f 1090/2137/1971 3060/2136/1971 5955/2148/1971 4190/2144/1971
f 3060/2136/1972 366/1821/1972 2622/1823/1972 5955/2148/1972
f 5955/2148/1973 2622/1823/1973 871/1827/1973 4191/2149/1973
f 4190/2144/1974 5955/2148/1974 4191/2149/1974 1532/2145/1974
f 1532/2145/1975 4191/2149/1975 5956/2150/1975 4192/2151/1975
f 4191/2149/1976 871/1827/1976 2623/1835/1976 5956/2150/1976
f 5956/2150/1977 2623/1835/1977 367/1837/1977 3062/2152/1977
f 4192/2151/1978 5956/2150/1978 3062/2152/1978 1091/2153/1978
f 851/2147/1979 4193/2146/1979 5957/2154/1979 2583/2155/1979
f 4193/2146/1980 1532/2145/1980 4192/2151/1980 5957/2154/1980
f 5957/2154/1981 4192/2151/1981 1091/2153/1981 3063/2156/1981
f 2583/2155/1982 5957/2154/1982 3063/2156/1982 347/2157/1982
f 347/2157/1983 3063/2156/1983 5958/2158/1983 2584/2159/1983
f 3063/2156/1984 1091/2153/1984 4194/2160/1984 5958/2158/1984
f 5958/2158/1985 4194/2160/1985 1533/2161/1985 4197/2162/1985
f 2584/2159/1986 5958/2158/1986 4197/2162/1986 852/2163/1986
f 1091/2153/1987 3062/2152/1987 5959/2164/1987 4194/2160/1987
f 3062/2152/1988 367/1837/1988 2624/1839/1988 5959/2164/1988
f 5959/2164/1989 2624/1839/1989 872/1843/1989 4195/2165/1989
f 4194/2160/1990 5959/2164/1990 4195/2165/1990 1533/2161/1990
f 1533/2161/1991 4195/2165/1991 5960/2166/1991 4196/2167/1991
f 4195/2165/1992 872/1843/1992 2625/1851/1992 5960/2166/1992
f 5960/2166/1993 2625/1851/1993 368/1853/1993 3064/2168/1993
f 4196/2167/1994 5960/2166/1994 3064/2168/1994 1092/2169/1994
f 852/2163/1995 4197/2162/1995 5961/2170/1995 2585/2171/1995
f 4197/2162/1996 1533/2161/1996 4196/2167/1996 5961/2170/1996
f 5961/2170/1997 4196/2167/1997 1092/2169/1997 3065/2172/1997
f 2585/2171/1998 5961/2170/1998 3065/2172/1998 348/2173/1998
f 348/2173/1999 3065/2172/1999 5962/2174/1999 2586/2175/1999
f 3065/2172/2000 1092/2169/2000 4198/2176/2000 5962/2174/2000
f 5962/2174/2001 4198/2176/2001 1534/2177/2001 4201/2178/2001
f 2586/2175/2002 5962/2174/2002 4201/2178/2002 853/2179/2002
f 1092/2169/2003 3064/2168/2003 5963/2180/2003 4198/2176/2003
f 3064/2168/2004 368/1853/2004 2626/1855/2004 5963/2180/2004
f 5963/2180/2005 2626/1855/2005 873/1859/2005 4199/2181/2005
f 4198/2176/2006 5963/2180/2006 4199/2181/2006 1534/2177/2006
f 1534/2177/2007 4199/2181/2007 5964/2182/2007 4200/2183/2007
f 4199/2181/2008 873/1859/2008 2627/1867/2008 5964/2182/2008
f 5964/2182/2009 2627/1867/2009 369/1869/2009 3066/2184/2009
f 4200/2183/2010 5964/2182/2010 3066/2184/2010 1093/2185/2010
f 853/2179/2011 4201/2178/2011 5965/2186/2011 2587/2187/2011
f 4201/2178/2012 1534/2177/2012 4200/2183/2012 5965/2186/2012
f 5965/2186/2013 4200/2183/2013 1093/2185/2013 3067/2188/2013
f 2587/2187/2014 5965/2186/2014 3067/2188/2014 349/2189/2014
f 349/2189/2015 3067/2188/2015 5966/2190/2015 2588/2191/2015
f 3067/2188/2016 1093/2185/2016 4202/2192/2016 5966/2190/2016
f 5966/2190/2017 4202/2192/2017 1535/2193/2017 4205/2194/2017
f 2588/2191/2018 5966/2190/2018 4205/2194/2018 854/2195/2018
f 1093/2185/2019 3066/2184/2019 5967/2196/2019 4202/2192/2019
f 3066/2184/2020 369/1869/2020 2628/1871/2020 5967/2196/2020
f 5967/2196/2021 2628/1871/2021 874/1875/2021 4203/2197/2021
f 4202/2192/2022 5967/2196/2022 4203/2197/2022 1535/2193/2022
f 1535/2193/2023 4203/2197/2023 5968/2198/2023 4204/2199/2023
f 4203/2197/2024 874/1875/2024 2629/1883/2024 5968/2198/2024
f 5968/2198/2025 2629/1883/2025 370/1885/2025 3068/2200/2025
f 4204/2199/2026 5968/2198/2026 3068/2200/2026 1094/2201/2026
f 854/2195/2027 4205/2194/2027 5969/2202/2027 2589/2203/2027
f 4205/2194/2028 1535/2193/2028 4204/2199/2028 5969/2202/2028
f 5969/2202/2029 4204/2199/2029 1094/2201/2029 3069/2204/2029
f 2589/2203/2030 5969/2202/2030 3069/2204/2030 350/2205/2030
f 350/2205/2031 3069/2204/2031 5970/2206/2031 2590/2207/2031
f 3069/2204/2032 1094/2201/2032 4206/2208/2032 5970/2206/2032
f 5970/2206/2033 4206/2208/2033 1536/2209/2033 4209/2210/2033
f 2590/2207/2034 5970/2206/2034 4209/2210/2034 855/2211/2034
f 1094/2201/2035 3068/2200/2035 5971/2212/2035 4206/2208/2035
f 3068/2200/2036 370/1885/2036 2630/1887/2036 5971/2212/2036
f 5971/2212/2037 2630/1887/2037 875/1891/2037 4207/2213/2037
f 4206/2208/2038 5971/2212/2038 4207/2213/2038 1536/2209/2038
f 1536/2209/2039 4207/2213/2039 5972/2214/2039 4208/2215/2039
f 4207/2213/2040 875/1891/2040 2631/1899/2040 5972/2214/2040
f 5972/2214/2041 2631/1899/2041 371/1901/2041 3070/2216/2041
f 4208/2215/2042 5972/2214/2042 3070/2216/2042 1095/2217/2042
f 855/2211/2043 4209/2210/2043 5973/2218/2043 2591/2219/2043
f 4209/2210/2044 1536/2209/2044 4208/2215/2044 5973/2218/2044
f 5973/2218/2045 4208/2215/2045 1095/2217/2045 3071/2220/2045
f 2591/2219/2046 5973/2218/2046 3071/2220/2046 351/2221/2046
f 351/2221/2047 3071/2220/2047 5974/2222/2047 2592/2223/2047
f 3071/2220/2048 1095/2217/2048 4210/2224/2048 5974/2222/2048
f 5974/2222/2049 4210/2224/2049 1537/2225/2049 4213/2226/2049
f 2592/2223/2050 5974/2222/2050 4213/2226/2050 856/2227/2050
f 1095/2217/2051 3070/2216/2051 5975/2228/2051 4210/2224/2051
f 3070/2216/2052 371/1901/2052 2632/1903/2052 5975/2228/2052
f 5975/2228/2053 2632/1903/2053 876/1907/2053 4211/2229/2053
f 4210/2224/2054 5975/2228/2054 4211/2229/2054 1537/2225/2054
f 1537/2225/2055 4211/2229/2055 5976/2230/2055 4212/2231/2055
f 4211/2229/2056 876/1907/2056 2633/1915/2056 5976/2230/2056
f 5976/2230/2057 2633/1915/2057 372/1917/2057 3072/2232/2057
f 4212/2231/2058 5976/2230/2058 3072/2232/2058 1096/2233/2058
f 856/2227/2059 4213/2226/2059 5977/2234/2059 2593/2235/2059
f 4213/2226/2060 1537/2225/2060 4212/2231/2060 5977/2234/2060
f 5977/2234/2061 4212/2231/2061 1096/2233/2061 3073/2236/2061
f 2593/2235/2062 5977/2234/2062 3073/2236/2062 352/2237/2062
f 352/2237/2063 3073/2236/2063 5978/2238/2063 2594/2239/2063
f 3073/2236/2064 1096/2233/2064 4214/2240/2064 5978/2238/2064
f 5978/2238/2065 4214/2240/2065 1538/2241/2065 4217/2242/2065
f 2594/2239/2066 5978/2238/2066 4217/2242/2066 857/2243/2066
f 1096/2233/2067 3072/2232/2067 5979/2244/2067 4214/2240/2067
f 3072/2232/2068 372/1917/2068 2634/1919/2068 5979/2244/2068
f 5979/2244/2069 2634/1919/2069 877/1923/2069 4215/2245/2069
f 4214/2240/2070 5979/2244/2070 4215/2245/2070 1538/2241/2070
f 1538/2241/2071 4215/2245/2071 5980/2246/2071 4216/2247/2071
f 4215/2245/2072 877/1923/2072 2635/1931/2072 5980/2246/2072
f 5980/2246/2073 2635/1931/2073 373/1933/2073 3074/2248/2073
f 4216/2247/2074 5980/2246/2074 3074/2248/2074 1097/2249/2074
f 857/2243/2075 4217/2242/2075 5981/2250/2075 2595/2251/2075
f 4217/2242/2076 1538/2241/2076 4216/2247/2076 5981/2250/2076
f 5981/2250/2077 4216/2247/2077 1097/2249/2077 3075/2252/2077
f 2595/2251/2078 5981/2250/2078 3075/2252/2078 353/2253/2078
f 353/2253/2079 3075/2252/2079 5982/2254/2079 2596/2255/2079
f 3075/2252/2080 1097/2249/2080 4218/2256/2080 5982/2254/2080
f 5982/2254/2081 4218/2256/2081 1539/2257/2081 4221/2258/2081
f 2596/2255/2082 5982/2254/2082 4221/2258/2082 858/2259/2082
f 1097/2249/2083 3074/2248/2083 5983/2260/2083 4218/2256/2083
f 3074/2248/2084 373/1933/2084 2636/1935/2084 5983/2260/2084
f 5983/2260/2085 2636/1935/2085 878/1939/2085 4219/2261/2085
f 4218/2256/2086 5983/2260/2086 4219/2261/2086 1539/2257/2086
f 1539/2257/2087 4219/2261/2087 5984/2262/2087 4220/2263/2087
f 4219/2261/2088 878/1939/2088 2637/1947/2088 5984/2262/2088
f 5984/2262/2089 2637/1947/2089 374/1949/2089 3076/2264/2089
f 4220/2263/2090 5984/2262/2090 3076/2264/2090 1098/2265/2090
f 858/2259/2091 4221/2258/2091 5985/2266/2091 2597/2267/2091
f 4221/2258/2092 1539/2257/2092 4220/2263/2092 5985/2266/2092
f 5985/2266/2093 4220/2263/2093 1098/2265/2093 3077/2268/2093
f 2597/2267/2094 5985/2266/2094 3077/2268/2094 354/2269/2094
f 354/2269/2095 3077/2268/2095 5986/2270/2095 2598/2271/2095
f 3077/2268/2096 1098/2265/2096 4222/2272/2096 5986/2270/2096
f 5986/2270/2097 4222/2272/2097 1540/2273/2097 4225/2274/2097
f 2598/2271/2098 5986/2270/2098 4225/2274/2098 859/2275/2098
f 1098/2265/2099 3076/2264/2099 5987/2276/2099 4222/2272/2099
f 3076/2264/2100 374/1949/2100 2638/1951/2100 5987/2276/2100
f 5987/2276/2101 2638/1951/2101 879/1955/2101 4223/2277/2101
f 4222/2272/2102 5987/2276/2102 4223/2277/2102 1540/2273/2102
f 1540/2273/2103 4223/2277/2103 5988/2278/2103 4224/2279/2103
f 4223/2277/2104 879/1955/2104 2639/1963/2104 5988/2278/2104
f 5988/2278/2105 2639/1963/2105 375/1965/2105 3078/2280/2105
f 4224/2279/2106 5988/2278/2106 3078/2280/2106 1099/2281/2106
f 859/2275/2107 4225/2274/2107 5989/2282/2107 2599/2283/2107
f 4225/2274/2108 1540/2273/2108 4224/2279/2108 5989/2282/2108
f 5989/2282/2109 4224/2279/2109 1099/2281/2109 3079/2284/2109
f 2599/2283/2110 5989/2282/2110 3079/2284/2110 355/2285/2110
f 355/2285/2111 3079/2284/2111 5990/2286/2111 2600/2287/2111
f 3079/2284/2112 1099/2281/2112 4226/2288/2112 5990/2286/2112
f 5990/2286/2113 4226/2288/2113 1541/2289/2113 4229/2290/2113
f 2600/2287/2114 5990/2286/2114 4229/2290/2114 860/2291/2114
f 1099/2281/2115 3078/2280/2115 5991/2292/2115 4226/2288/2115
f 3078/2280/2116 375/1965/2116 2640/1967/2116 5991/2292/2116
f 5991/2292/2117 2640/1967/2117 880/1971/2117 4227/2293/2117
f 4226/2288/2118 5991/2292/2118 4227/2293/2118 1541/2289/2118
f 1541/2289/2119 4227/2293/2119 5992/2294/2119 4228/2295/2119
f 4227/2293/2120 880/1971/2120 2641/1979/2120 5992/2294/2120
f 5992/2294/2121 2641/1979/2121 376/1981/2121 3080/2296/2121
f 4228/2295/2122 5992/2294/2122 3080/2296/2122 1100/2297/2122
f 860/2291/2123 4229/2290/2123 5993/2298/2123 2601/2299/2123
f 4229/2290/2124 1541/2289/2124 4228/2295/2124 5993/2298/2124
f 5993/2298/2125 4228/2295/2125 1100/2297/2125 3081/2300/2125
f 2601/2299/2126 5993/2298/2126 3081/2300/2126 356/2301/2126
f 356/2301/2127 3081/2300/2127 5994/2302/2127 2602/2303/2127
f 3081/2300/2128 1100/2297/2128 4230/2304/2128 5994/2302/2128
f 5994/2302/2129 4230/2304/2129 1542/2305/2129 4233/2306/2129
f 2602/2303/2130 5994/2302/2130 4233/2306/2130 861/2307/2130
f 1100/2297/2131 3080/2296/2131 5995/2308/2131 4230/2304/2131
f 3080/2296/2132 376/1981/2132 2642/1983/2132 5995/2308/2132
f 5995/2308/2133 2642/1983/2133 881/1987/2133 4231/2309/2133
f 4230/2304/2134 5995/2308/2134 4231/2309/2134 1542/2305/2134
f 1542/2305/2135 4231/2309/2135 5996/2310/2135 4232/2311/2135
f 4231/2309/2136 881/1987/2136 2643/1995/2136 5996/2310/2136
f 5996/2310/2137 2643/1995/2137 377/1997/2137 3082/2312/2137
f 4232/2311/2138 5996/2310/2138 3082/2312/2138 1101/2313/2138
f 861/2307/2139 4233/2306/2139 5997/2314/2139 2603/2315/2139
f 4233/2306/2140 1542/2305/2140 4232/2311/2140 5997/2314/2140
f 5997/2314/2141 4232/2311/2141 1101/2313/2141 3083/2316/2141
f 2603/2315/2142 5997/2314/2142 3083/2316/2142 357/2317/2142
f 357/2317/2143 3083/2316/2143 5998/2318/2143 2604/2319/2143
f 3083/2316/2144 1101/2313/2144 4234/2320/2144 5998/2318/2144
f 5998/2318/2145 4234/2320/2145 1543/2321/2145 4237/2322/2145
f 2604/2319/2146 5998/2318/2146 4237/2322/2146 862/2323/2146
f 1101/2313/2147 3082/2312/2147 5999/2324/2147 4234/2320/2147
f 3082/2312/2148 377/1997/2148 2644/1999/2148 5999/2324/2148
f 5999/2324/2149 2644/1999/2149 882/2003/2149 4235/2325/2149
f 4234/2320/2150 5999/2324/2150 4235/2325/2150 1543/2321/2150
f 1543/2321/2151 4235/2325/2151 6000/2326/2151 4236/2327/2151
f 4235/2325/2152 882/2003/2152 2645/2011/2152 6000/2326/2152
f 6000/2326/2153 2645/2011/2153 378/2013/2153 3084/2328/2153
f 4236/2327/2154 6000/2326/2154 3084/2328/2154 1102/2329/2154
f 862/2323/2155 4237/2322/2155 6001/2330/2155 2605/2331/2155
f 4237/2322/2156 1543/2321/2156 4236/2327/2156 6001/2330/2156
f 6001/2330/2157 4236/2327/2157 1102/2329/2157 3085/2332/2157
f 2605/2331/2158 6001/2330/2158 3085/2332/2158 358/2333/2158
f 358/2333/2159 3085/2332/2159 6002/2334/2159 2606/2335/2159
f 3085/2332/2160 1102/2329/2160 4238/2336/2160 6002/2334/2160
f 6002/2334/2161 4238/2336/2161 1544/2337/2161 4241/2338/2161
f 2606/2335/2162 6002/2334/2162 4241/2338/2162 863/2339/2162
f 1102/2329/2163 3084/2328/2163 6003/2340/2163 4238/2336/2163
f 3084/2328/2164 378/2013/2164 2646/2015/2164 6003/2340/2164
f 6003/2340/2165 2646/2015/2165 883/2019/2165 4239/2341/2165
f 4238/2336/2166 6003/2340/2166 4239/2341/2166 1544/2337/2166
f 1544/2337/2167 4239/2341/2167 6004/2342/2167 4240/2343/2167
f 4239/2341/2168 883/2019/2168 2647/2027/2168 6004/2342/2168
f 6004/2342/2169 2647/2027/2169 379/2029/2169 3086/2344/2169
f 4240/2343/2170 6004/2342/2170 3086/2344/2170 1103/2345/2170
f 863/2339/2171 4241/2338/2171 6005/2346/2171 2607/2347/2171
f 4241/2338/2172 1544/2337/2172 4240/2343/2172 6005/2346/2172
f 6005/2346/2173 4240/2343/2173 1103/2345/2173 3087/2348/2173
f 2607/2347/2174 6005/2346/2174 3087/2348/2174 359/2349/2174
f 359/2349/2175 3087/2348/2175 6006/2350/2175 2608/2351/2175
f 3087/2348/2176 1103/2345/2176 4242/2352/2176 6006/2350/2176
f 6006/2350/2177 4242/2352/2177 1545/2353/2177 4245/2354/2177
f 2608/2351/2178 6006/2350/2178 4245/2354/2178 864/2355/2178
f 1103/2345/2179 3086/2344/2179 6007/2356/2179 4242/2352/2179
f 3086/2344/2180 379/2029/2180 2648/2031/2180 6007/2356/2180
f 6007/2356/2181 2648/2031/2181 884/2035/2181 4243/2357/2181
f 4242/2352/2182 6007/2356/2182 4243/2357/2182 1545/2353/2182
f 1545/2353/2183 4243/2357/2183 6008/2358/2183 4244/2359/2183
f 4243/2357/2184 884/2035/2184 2649/2043/2184 6008/2358/2184
f 6008/2358/2185 2649/2043/2185 380/2045/2185 3088/2360/2185
f 4244/2359/2186 6008/2358/2186 3088/2360/2186 1104/2361/2186
f 864/2355/2187 4245/2354/2187 6009/2362/2187 2609/2363/2187
f 4245/2354/2188 1545/2353/2188 4244/2359/2188 6009/2362/2188
f 6009/2362/2189 4244/2359/2189 1104/2361/2189 3089/2364/2189
f 2609/2363/2190 6009/2362/2190 3089/2364/2190 360/2365/2190
f 360/2365/2191 3089/2364/2191 6010/2366/2191 2610/2367/2191
f 3089/2364/2192 1104/2361/2192 4246/2368/2192 6010/2366/2192
f 6010/2366/2193 4246/2368/2193 1546/2369/2193 4249/2370/2193
f 2610/2367/2194 6010/2366/2194 4249/2370/2194 865/2371/2194
f 1104/2361/2195 3088/2360/2195 6011/2372/2195 4246/2368/2195
f 3088/2360/2196 380/2045/2196 2650/2047/2196 6011/2372/2196
f 6011/2372/2197 2650/2047/2197 885/2051/2197 4247/2373/2197
f 4246/2368/2198 6011/2372/2198 4247/2373/2198 1546/2369/2198
f 1546/2369/2199 4247/2373/2199 6012/2374/2199 4248/2375/2199
f 4247/2373/2200 885/2051/2200 2651/2059/2200 6012/2374/2200
f 6012/2374/2201 2651/2059/2201 381/2061/2201 3090/2376/2201
f 4248/2375/2202 6012/2374/2202 3090/2376/2202 1105/2377/2202
f 865/2371/2203 4249/2370/2203 6013/2378/2203 2611/2379/2203
f 4249/2370/2204 1546/2369/2204 4248/2375/2204 6013/2378/2204
f 6013/2378/2205 4248/2375/2205 1105/2377/2205 3091/2380/2205
f 2611/2379/2206 6013/2378/2206 3091/2380/2206 361/2381/2206
f 361/2381/2207 3091/2380/2207 6014/2382/2207 2612/2383/2207
f 3091/2380/2208 1105/2377/2208 4250/2384/2208 6014/2382/2208
f 6014/2382/2209 4250/2384/2209 1547/2385/2209 4253/2386/2209
f 2612/2383/2210 6014/2382/2210 4253/2386/2210 866/2387/2210
f 1105/2377/2211 3090/2376/2211 6015/2388/2211 4250/2384/2211
f 3090/2376/2212 381/2061/2212 2652/2063/2212 6015/2388/2212
f 6015/2388/2213 2652/2063/2213 886/2067/2213 4251/2389/2213
f 4250/2384/2214 6015/2388/2214 4251/2389/2214 1547/2385/2214
f 1547/2385/2215 4251/2389/2215 6016/2390/2215 4252/2391/2215
f 4251/2389/2216 886/2067/2216 2653/2075/2216 6016/2390/2216
f 6016/2390/2217 2653/2075/2217 382/2077/2217 3092/2392/2217
f 4252/2391/2218 6016/2390/2218 3092/2392/2218 1106/2393/2218
f 866/2387/2219 4253/2386/2219 6017/2394/2219 2613/2395/2219
f 4253/2386/2220 1547/2385/2220 4252/2391/2220 6017/2394/2220
f 6017/2394/2221 4252/2391/2221 1106/2393/2221 3093/2396/2221
f 2613/2395/2222 6017/2394/2222 3093/2396/2222 362/2397/2222
f 362/2397/2223 3093/2396/2223 6018/2398/2223 2614/2399/2223
f 3093/2396/2224 1106/2393/2224 4254/2400/2224 6018/2398/2224
f 6018/2398/2225 4254/2400/2225 1548/2401/2225 4257/2402/2225
f 2614/2399/2226 6018/2398/2226 4257/2402/2226 867/2403/2226
f 1106/2393/2227 3092/2392/2227 6019/2404/2227 4254/2400/2227
f 3092/2392/2228 382/2077/2228 2654/2079/2228 6019/2404/2228
f 6019/2404/2229 2654/2079/2229 887/2083/2229 4255/2405/2229
f 4254/2400/2230 6019/2404/2230 4255/2405/2230 1548/2401/2230
f 1548/2401/2231 4255/2405/2231 6020/2406/2231 4256/2407/2231
f 4255/2405/2232 887/2083/2232 2655/2091/2232 6020/2406/2232
f 6020/2406/2233 2655/2091/2233 383/2093/2233 3094/2408/2233
f 4256/2407/2234 6020/2406/2234 3094/2408/2234 1107/2409/2234
f 867/2403/2235 4257/2402/2235 6021/2410/2235 2615/2411/2235
f 4257/2402/2236 1548/2401/2236 4256/2407/2236 6021/2410/2236
f 6021/2410/2237 4256/2407/2237 1107/2409/2237 3095/2412/2237
f 2615/2411/2238 6021/2410/2238 3095/2412/2238 363/2413/2238
f 363/2413/2239 3095/2412/2239 6022/2414/2239 2616/2415/2239
f 3095/2412/2240 1107/2409/2240 4258/2416/2240 6022/2414/2240
f 6022/2414/2241 4258/2416/2241 1549/2417/2241 4261/2418/2241
f 2616/2415/2242 6022/2414/2242 4261/2418/2242 868/2419/2242
f 1107/2409/2243 3094/2408/2243 6023/2420/2243 4258/2416/2243
f 3094/2408/2244 383/2093/2244 2656/2095/2244 6023/2420/2244
f 6023/2420/2245 2656/2095/2245 888/2099/2245 4259/2421/2245
f 4258/2416/2246 6023/2420/2246 4259/2421/2246 1549/2417/2246
f 1549/2417/2247 4259/2421/2247 6024/2422/2247 4260/2423/2247
f 4259/2421/2248 888/2099/2248 2657/2105/2248 6024/2422/2248
f 6024/2422/2249 2657/2105/2249 384/319/2249 3096/317/2249
f 4260/2423/2250 6024/2422/2250 3096/317/2250 1108/313/2250
f 868/2419/2251 4261/2418/2251 6025/2424/2251 2617/2425/2251
f 4261/2418/2252 1549/2417/2252 4260/2423/2252 6025/2424/2252
f 6025/2424/2253 4260/2423/2253 1108/313/2253 3097/311/2253
f 2617/2425/2254 6025/2424/2254 3097/311/2254 364/299/2254
f 12/2426/2255 1851/2427/2255 6026/2428/2255 2538/2429/2255
f 1851/2427/2256 485/2430/2256 4262/2431/2256 6026/2428/2256
f 6026/2428/2257 4262/2431/2257 1550/2432/2257 4265/2433/2257
f 2538/2429/2258 6026/2428/2258 4265/2433/2258 829/2434/2258
f 485/2430/2259 1850/2435/2259 6027/2436/2259 4262/2431/2259
f 1850/2435/2260 11/2106/2260 2578/2109/2260 6027/2436/2260
f 6027/2436/2261 2578/2109/2261 849/2114/2261 4263/2437/2261
f 4262/2431/2262 6027/2436/2262 4263/2437/2262 1550/2432/2262
f 1550/2432/2263 4263/2437/2263 6028/2438/2263 4264/2439/2263
f 4263/2437/2264 849/2114/2264 2579/2123/2264 6028/2438/2264
f 6028/2438/2265 2579/2123/2265 345/2125/2265 3098/2440/2265
f 4264/2439/2266 6028/2438/2266 3098/2440/2266 1109/2441/2266
f 829/2434/2267 4265/2433/2267 6029/2442/2267 2539/2443/2267
f 4265/2433/2268 1550/2432/2268 4264/2439/2268 6029/2442/2268
f 6029/2442/2269 4264/2439/2269 1109/2441/2269 3099/2444/2269
f 2539/2443/2270 6029/2442/2270 3099/2444/2270 325/2445/2270
f 325/2445/2271 3099/2444/2271 6030/2446/2271 2540/2447/2271
f 3099/2444/2272 1109/2441/2272 4266/2448/2272 6030/2446/2272
f 6030/2446/2273 4266/2448/2273 1551/2449/2273 4269/2450/2273
f 2540/2447/2274 6030/2446/2274 4269/2450/2274 830/2451/2274
f 1109/2441/2275 3098/2440/2275 6031/2452/2275 4266/2448/2275
f 3098/2440/2276 345/2125/2276 2580/2127/2276 6031/2452/2276
f 6031/2452/2277 2580/2127/2277 850/2131/2277 4267/2453/2277
f 4266/2448/2278 6031/2452/2278 4267/2453/2278 1551/2449/2278
f 1551/2449/2279 4267/2453/2279 6032/2454/2279 4268/2455/2279
f 4267/2453/2280 850/2131/2280 2581/2139/2280 6032/2454/2280
f 6032/2454/2281 2581/2139/2281 346/2141/2281 3100/2456/2281
f 4268/2455/2282 6032/2454/2282 3100/2456/2282 1110/2457/2282
f 830/2451/2283 4269/2450/2283 6033/2458/2283 2541/2459/2283
f 4269/2450/2284 1551/2449/2284 4268/2455/2284 6033/2458/2284
f 6033/2458/2285 4268/2455/2285 1110/2457/2285 3101/2460/2285
f 2541/2459/2286 6033/2458/2286 3101/2460/2286 326/2461/2286
f 326/2461/2287 3101/2460/2287 6034/2462/2287 2542/2463/2287
f 3101/2460/2288 1110/2457/2288 4270/2464/2288 6034/2462/2288
f 6034/2462/2289 4270/2464/2289 1552/2465/2289 4273/2466/2289
f 2542/2463/2290 6034/2462/2290 4273/2466/2290 831/2467/2290
f 1110/2457/2291 3100/2456/2291 6035/2468/2291 4270/2464/2291
f 3100/2456/2292 346/2141/2292 2582/2143/2292 6035/2468/2292
f 6035/2468/2293 2582/2143/2293 851/2147/2293 4271/2469/2293
f 4270/2464/2294 6035/2468/2294 4271/2469/2294 1552/2465/2294
f 1552/2465/2295 4271/2469/2295 6036/2470/2295 4272/2471/2295
f 4271/2469/2296 851/2147/2296 2583/2155/2296 6036/2470/2296
f 6036/2470/2297 2583/2155/2297 347/2157/2297 3102/2472/2297
f 4272/2471/2298 6036/2470/2298 3102/2472/2298 1111/2473/2298
f 831/2467/2299 4273/2466/2299 6037/2474/2299 2543/2475/2299
f 4273/2466/2300 1552/2465/2300 4272/2471/2300 6037/2474/2300
f 6037/2474/2301 4272/2471/2301 1111/2473/2301 3103/2476/2301
f 2543/2475/2302 6037/2474/2302 3103/2476/2302 327/2477/2302
f 327/2477/2303 3103/2476/2303 6038/2478/2303 2544/2479/2303
f 3103/2476/2304 1111/2473/2304 4274/2480/2304 6038/2478/2304
f 6038/2478/2305 4274/2480/2305 1553/2481/2305 4277/2482/2305
f 2544/2479/2306 6038/2478/2306 4277/2482/2306 832/2483/2306
f 1111/2473/2307 3102/2472/2307 6039/2484/2307 4274/2480/2307
f 3102/2472/2308 347/2157/2308 2584/2159/2308 6039/2484/2308
f 6039/2484/2309 2584/2159/2309 852/2163/2309 4275/2485/2309
f 4274/2480/2310 6039/2484/2310 4275/2485/2310 1553/2481/2310
f 1553/2481/2311 4275/2485/2311 6040/2486/2311 4276/2487/2311
f 4275/2485/2312 852/2163/2312 2585/2171/2312 6040/2486/2312
f 6040/2486/2313 2585/2171/2313 348/2173/2313 3104/2488/2313
f 4276/2487/2314 6040/2486/2314 3104/2488/2314 1112/2489/2314
f 832/2483/2315 4277/2482/2315 6041/2490/2315 2545/2491/2315
f 4277/2482/2316 1553/2481/2316 4276/2487/2316 6041/2490/2316
f 6041/2490/2317 4276/2487/2317 1112/2489/2317 3105/2492/2317
f 2545/2491/2318 6041/2490/2318 3105/2492/2318 328/2493/2318
f 328/2493/2319 3105/2492/2319 6042/2494/2319 2546/2495/2319
f 3105/2492/2320 1112/2489/2320 4278/2496/2320 6042/2494/2320
f 6042/2494/2321 4278/2496/2321 1554/2497/2321 4281/2498/2321
f 2546/2495/2322 6042/2494/2322 4281/2498/2322 833/2499/2322
f 1112/2489/2323 3104/2488/2323 6043/2500/2323 4278/2496/2323
f 3104/2488/2324 348/2173/2324 2586/2175/2324 6043/2500/2324
f 6043/2500/2325 2586/2175/2325 853/2179/2325 4279/2501/2325
f 4278/2496/2326 6043/2500/2326 4279/2501/2326 1554/2497/2326
f 1554/2497/2327 4279/2501/2327 6044/2502/2327 4280/2503/2327
f 4279/2501/2328 853/2179/2328 2587/2187/2328 6044/2502/2328
f 6044/2502/2329 2587/2187/2329 349/2189/2329 3106/2504/2329
f 4280/2503/2330 6044/2502/2330 3106/2504/2330 1113/2505/2330
f 833/2499/2331 4281/2498/2331 6045/2506/2331 2547/2507/2331
f 4281/2498/2332 1554/2497/2332 4280/2503/2332 6045/2506/2332
f 6045/2506/2333 4280/2503/2333 1113/2505/2333 3107/2508/2333
f 2547/2507/2334 6045/2506/2334 3107/2508/2334 329/2509/2334
f 329/2509/2335 3107/2508/2335 6046/2510/2335 2548/2511/2335
f 3107/2508/2336 1113/2505/2336 4282/2512/2336 6046/2510/2336
f 6046/2510/2337 4282/2512/2337 1555/2513/2337 4285/2514/2337
f 2548/2511/2338 6046/2510/2338 4285/2514/2338 834/2515/2338
f 1113/2505/2339 3106/2504/2339 6047/2516/2339 4282/2512/2339
f 3106/2504/2340 349/2189/2340 2588/2191/2340 6047/2516/2340
f 6047/2516/2341 2588/2191/2341 854/2195/2341 4283/2517/2341
f 4282/2512/2342 6047/2516/2342 4283/2517/2342 1555/2513/2342
f 1555/2513/2343 4283/2517/2343 6048/2518/2343 4284/2519/2343
f 4283/2517/2344 854/2195/2344 2589/2203/2344 6048/2518/2344
f 6048/2518/2345 2589/2203/2345 350/2205/2345 3108/2520/2345
f 4284/2519/2346 6048/2518/2346 3108/2520/2346 1114/2521/2346
f 834/2515/2347 4285/2514/2347 6049/2522/2347 2549/2523/2347
f 4285/2514/2348 1555/2513/2348 4284/2519/2348 6049/2522/2348
f 6049/2522/2349 4284/2519/2349 1114/2521/2349 3109/2524/2349
f 2549/2523/2350 6049/2522/2350 3109/2524/2350 330/2525/2350
f 330/2525/2351 3109/2524/2351 6050/2526/2351 2550/2527/2351
f 3109/2524/2352 1114/2521/2352 4286/2528/2352 6050/2526/2352
f 6050/2526/2353 4286/2528/2353 1556/2529/2353 4289/2530/2353
f 2550/2527/2354 6050/2526/2354 4289/2530/2354 835/2531/2354
f 1114/2521/2355 3108/2520/2355 6051/2532/2355 4286/2528/2355
f 3108/2520/2356 350/2205/2356 2590/2207/2356 6051/2532/2356
f 6051/2532/2357 2590/2207/2357 855/2211/2357 4287/2533/2357
f 4286/2528/2358 6051/2532/2358 4287/2533/2358 1556/2529/2358
f 1556/2529/2359 4287/2533/2359 6052/2534/2359 4288/2535/2359
f 4287/2533/2360 855/2211/2360 2591/2219/2360 6052/2534/2360
f 6052/2534/2361 2591/2219/2361 351/2221/2361 3110/2536/2361
f 4288/2535/2362 6052/2534/2362 3110/2536/2362 1115/2537/2362
f 835/2531/2363 4289/2530/2363 6053/2538/2363 2551/2539/2363
f 4289/2530/2364 1556/2529/2364 4288/2535/2364 6053/2538/2364
f 6053/2538/2365 4288/2535/2365 1115/2537/2365 3111/2540/2365
f 2551/2539/2366 6053/2538/2366 3111/2540/2366 331/2541/2366
f 331/2541/2367 3111/2540/2367 6054/2542/2367 2552/2543/2367
f 3111/2540/2368 1115/2537/2368 4290/2544/2368 6054/2542/2368
f 6054/2542/2369 4290/2544/2369 1557/2545/2369 4293/2546/2369
f 2552/2543/2370 6054/2542/2370 4293/2546/2370 836/2547/2370
f 1115/2537/2371 3110/2536/2371 6055/2548/2371 4290/2544/2371
f 3110/2536/2372 351/2221/2372 2592/2223/2372 6055/2548/2372
f 6055/2548/2373 2592/2223/2373 856/2227/2373 4291/2549/2373
f 4290/2544/2374 6055/2548/2374 4291/2549/2374 1557/2545/2374
f 1557/2545/2375 4291/2549/2375 6056/2550/2375 4292/2551/2375
f 4291/2549/2376 856/2227/2376 2593/2235/2376 6056/2550/2376
f 6056/2550/2377 2593/2235/2377 352/2237/2377 3112/2552/2377
f 4292/2551/2378 6056/2550/2378 3112/2552/2378 1116/2553/2378
f 836/2547/2379 4293/2546/2379 6057/2554/2379 2553/2555/2379
f 4293/2546/2380 1557/2545/2380 4292/2551/2380 6057/2554/2380
f 6057/2554/2381 4292/2551/2381 1116/2553/2381 3113/2556/2381
f 2553/2555/2382 6057/2554/2382 3113/2556/2382 332/2557/2382
f 332/2557/2383 3113/2556/2383 6058/2558/2383 2554/2559/2383
f 3113/2556/2384 1116/2553/2384 4294/2560/2384 6058/2558/2384
f 6058/2558/2385 4294/2560/2385 1558/2561/2385 4297/2562/2385
f 2554/2559/2386 6058/2558/2386 4297/2562/2386 837/2563/2386
f 1116/2553/2387 3112/2552/2387 6059/2564/2387 4294/2560/2387
f 3112/2552/2388 352/2237/2388 2594/2239/2388 6059/2564/2388
f 6059/2564/2389 2594/2239/2389 857/2243/2389 4295/2565/2389
f 4294/2560/2390 6059/2564/2390 4295/2565/2390 1558/2561/2390
f 1558/2561/2391 4295/2565/2391 6060/2566/2391 4296/2567/2391
f 4295/2565/2392 857/2243/2392 2595/2251/2392 6060/2566/2392
f 6060/2566/2393 2595/2251/2393 353/2253/2393 3114/2568/2393
f 4296/2567/2394 6060/2566/2394 3114/2568/2394 1117/2569/2394
f 837/2563/2395 4297/2562/2395 6061/2570/2395 2555/2571/2395
f 4297/2562/2396 1558/2561/2396 4296/2567/2396 6061/2570/2396
f 6061/2570/2397 4296/2567/2397 1117/2569/2397 3115/2572/2397
f 2555/2571/2398 6061/2570/2398 3115/2572/2398 333/2573/2398
f 333/2573/2399 3115/2572/2399 6062/2574/2399 2556/2575/2399
f 3115/2572/2400 1117/2569/2400 4298/2576/2400 6062/2574/2400
f 6062/2574/2401 4298/2576/2401 1559/2577/2401 4301/2578/2401
f 2556/2575/2402 6062/2574/2402 4301/2578/2402 838/2579/2402
f 1117/2569/2403 3114/2568/2403 6063/2580/2403 4298/2576/2403
f 3114/2568/2404 353/2253/2404 2596/2255/2404 6063/2580/2404
f 6063/2580/2405 2596/2255/2405 858/2259/2405 4299/2581/2405
f 4298/2576/2406 6063/2580/2406 4299/2581/2406 1559/2577/2406
f 1559/2577/2407 4299/2581/2407 6064/2582/2407 4300/2583/2407
f 4299/2581/2408 858/2259/2408 2597/2267/2408 6064/2582/2408
f 6064/2582/2409 2597/2267/2409 354/2269/2409 3116/2584/2409
f 4300/2583/2410 6064/2582/2410 3116/2584/2410 1118/2585/2410
f 838/2579/2411 4301/2578/2411 6065/2586/2411 2557/2587/2411
f 4301/2578/2412 1559/2577/2412 4300/2583/2412 6065/2586/2412
f 6065/2586/2413 4300/2583/2413 1118/2585/2413 3117/2588/2413
f 2557/2587/2414 6065/2586/2414 3117/2588/2414 334/2589/2414
f 334/2589/2415 3117/2588/2415 6066/2590/2415 2558/2591/2415
f 3117/2588/2416 1118/2585/2416 4302/2592/2416 6066/2590/2416
f 6066/2590/2417 4302/2592/2417 1560/2593/2417 4305/2594/2417
f 2558/2591/2418 6066/2590/2418 4305/2594/2418 839/2595/2418
f 1118/2585/2419 3116/2584/2419 6067/2596/2419 4302/2592/2419
f 3116/2584/2420 354/2269/2420 2598/2271/2420 6067/2596/2420
f 6067/2596/2421 2598/2271/2421 859/2275/2421 4303/2597/2421
f 4302/2592/2422 6067/2596/2422 4303/2597/2422 1560/2593/2422
f 1560/2593/2423 4303/2597/2423 6068/2598/2423 4304/2599/2423
f 4303/2597/2424 859/2275/2424 2599/2283/2424 6068/2598/2424
f 6068/2598/2425 2599/2283/2425 355/2285/2425 3118/2600/2425
f 4304/2599/2426 6068/2598/2426 3118/2600/2426 1119/2601/2426
f 839/2595/2427 4305/2594/2427 6069/2602/2427 2559/2603/2427
f 4305/2594/2428 1560/2593/2428 4304/2599/2428 6069/2602/2428
f 6069/2602/2429 4304/2599/2429 1119/2601/2429 3119/2604/2429
f 2559/2603/2430 6069/2602/2430 3119/2604/2430 335/2605/2430
f 335/2605/2431 3119/2604/2431 6070/2606/2431 2560/2607/2431
f 3119/2604/2432 1119/2601/2432 4306/2608/2432 6070/2606/2432
f 6070/2606/2433 4306/2608/2433 1561/2609/2433 4309/2610/2433
f 2560/2607/2434 6070/2606/2434 4309/2610/2434 840/2611/2434
f 1119/2601/2435 3118/2600/2435 6071/2612/2435 4306/2608/2435
f 3118/2600/2436 355/2285/2436 2600/2287/2436 6071/2612/2436
f 6071/2612/2437 2600/2287/2437 860/2291/2437 4307/2613/2437
f 4306/2608/2438 6071/2612/2438 4307/2613/2438 1561/2609/2438
f 1561/2609/2439 4307/2613/2439 6072/2614/2439 4308/2615/2439
f 4307/2613/2440 860/2291/2440 2601/2299/2440 6072/2614/2440
f 6072/2614/2441 2601/2299/2441 356/2301/2441 3120/2616/2441
f 4308/2615/2442 6072/2614/2442 3120/2616/2442 1120/2617/2442
f 840/2611/2443 4309/2610/2443 6073/2618/2443 2561/2619/2443
f 4309/2610/2444 1561/2609/2444 4308/2615/2444 6073/2618/2444
f 6073/2618/2445 4308/2615/2445 1120/2617/2445 3121/2620/2445
f 2561/2619/2446 6073/2618/2446 3121/2620/2446 336/2621/2446
f 336/2621/2447 3121/2620/2447 6074/2622/2447 2562/2623/2447
f 3121/2620/2448 1120/2617/2448 4310/2624/2448 6074/2622/2448
f 6074/2622/2449 4310/2624/2449 1562/2625/2449 4313/2626/2449
f 2562/2623/2450 6074/2622/2450 4313/2626/2450 841/2627/2450
f 1120/2617/2451 3120/2616/2451 6075/2628/2451 4310/2624/2451
f 3120/2616/2452 356/2301/2452 2602/2303/2452 6075/2628/2452
f 6075/2628/2453 2602/2303/2453 861/2307/2453 4311/2629/2453
f 4310/2624/2454 6075/2628/2454 4311/2629/2454 1562/2625/2454
f 1562/2625/2455 4311/2629/2455 6076/2630/2455 4312/2631/2455
f 4311/2629/2456 861/2307/2456 2603/2315/2456 6076/2630/2456
f 6076/2630/2457 2603/2315/2457 357/2317/2457 3122/2632/2457
f 4312/2631/2458 6076/2630/2458 3122/2632/2458 1121/2633/2458
f 841/2627/2459 4313/2626/2459 6077/2634/2459 2563/2635/2459
f 4313/2626/2460 1562/2625/2460 4312/2631/2460 6077/2634/2460
f 6077/2634/2461 4312/2631/2461 1121/2633/2461 3123/2636/2461
f 2563/2635/2462 6077/2634/2462 3123/2636/2462 337/2637/2462
f 337/2637/2463 3123/2636/2463 6078/2638/2463 2564/2639/2463
f 3123/2636/2464 1121/2633/2464 4314/2640/2464 6078/2638/2464
f 6078/2638/2465 4314/2640/2465 1563/2641/2465 4317/2642/2465
f 2564/2639/2466 6078/2638/2466 4317/2642/2466 842/2643/2466
f 1121/2633/2467 3122/2632/2467 6079/2644/2467 4314/2640/2467
f 3122/2632/2468 357/2317/2468 2604/2319/2468 6079/2644/2468
f 6079/2644/2469 2604/2319/2469 862/2323/2469 4315/2645/2469
f 4314/2640/2470 6079/2644/2470 4315/2645/2470 1563/2641/2470
f 1563/2641/2471 4315/2645/2471 6080/2646/2471 4316/2647/2471
f 4315/2645/2472 862/2323/2472 2605/2331/2472 6080/2646/2472
f 6080/2646/2473 2605/2331/2473 358/2333/2473 3124/2648/2473
f 4316/2647/2474 6080/2646/2474 3124/2648/2474 1122/2649/2474
f 842/2643/2475 4317/2642/2475 6081/2650/2475 2565/2651/2475
f 4317/2642/2476 1563/2641/2476 4316/2647/2476 6081/2650/2476
f 6081/2650/2477 4316/2647/2477 1122/2649/2477 3125/2652/2477
f 2565/2651/2478 6081/2650/2478 3125/2652/2478 338/2653/2478
f 338/2653/2479 3125/2652/2479 6082/2654/2479 2566/2655/2479
f 3125/2652/2480 1122/2649/2480 4318/2656/2480 6082/2654/2480
f 6082/2654/2481 4318/2656/2481 1564/2657/2481 4321/2658/2481
f 2566/2655/2482 6082/2654/2482 4321/2658/2482 843/2659/2482
f 1122/2649/2483 3124/2648/2483 6083/2660/2483 4318/2656/2483
f 3124/2648/2484 358/2333/2484 2606/2335/2484 6083/2660/2484
f 6083/2660/2485 2606/2335/2485 863/2339/2485 4319/2661/2485
f 4318/2656/2486 6083/2660/2486 4319/2661/2486 1564/2657/2486
f 1564/2657/2487 4319/2661/2487 6084/2662/2487 4320/2663/2487
f 4319/2661/2488 863/2339/2488 2607/2347/2488 6084/2662/2488
f 6084/2662/2489 2607/2347/2489 359/2349/2489 3126/2664/2489
f 4320/2663/2490 6084/2662/2490 3126/2664/2490 1123/2665/2490
f 843/2659/2491 4321/2658/2491 6085/2666/2491 2567/2667/2491
f 4321/2658/2492 1564/2657/2492 4320/2663/2492 6085/2666/2492
f 6085/2666/2493 4320/2663/2493 1123/2665/2493 3127/2668/2493
f 2567/2667/2494 6085/2666/2494 3127/2668/2494 339/2669/2494
f 339/2669/2495 3127/2668/2495 6086/2670/2495 2568/2671/2495
f 3127/2668/2496 1123/2665/2496 4322/2672/2496 6086/2670/2496
f 6086/2670/2497 4322/2672/2497 1565/2673/2497 4325/2674/2497
f 2568/2671/2498 6086/2670/2498 4325/2674/2498 844/2675/2498
f 1123/2665/2499 3126/2664/2499 6087/2676/2499 4322/2672/2499
f 3126/2664/2500 359/2349/2500 2608/2351/2500 6087/2676/2500
f 6087/2676/2501 2608/2351/2501 864/2355/2501 4323/2677/2501
f 4322/2672/2502 6087/2676/2502 4323/2677/2502 1565/2673/2502
f 1565/2673/2503 4323/2677/2503 6088/2678/2503 4324/2679/2503
f 4323/2677/2504 864/2355/2504 2609/2363/2504 6088/2678/2504
f 6088/2678/2505 2609/2363/2505 360/2365/2505 3128/2680/2505
f 4324/2679/2506 6088/2678/2506 3128/2680/2506 1124/2681/2506
f 844/2675/2507 4325/2674/2507 6089/2682/2507 2569/2683/2507
f 4325/2674/2508 1565/2673/2508 4324/2679/2508 6089/2682/2508
f 6089/2682/2509 4324/2679/2509 1124/2681/2509 3129/2684/2509
f 2569/2683/2510 6089/2682/2510 3129/2684/2510 340/2685/2510
f 340/2685/2511 3129/2684/2511 6090/2686/2511 2570/2687/2511
f 3129/2684/2512 1124/2681/2512 4326/2688/2512 6090/2686/2512
f 6090/2686/2513 4326/2688/2513 1566/2689/2513 4329/2690/2513
f 2570/2687/2514 6090/2686/2514 4329/2690/2514 845/2691/2514
f 1124/2681/2515 3128/2680/2515 6091/2692/2515 4326/2688/2515
f 3128/2680/2516 360/2365/2516 2610/2367/2516 6091/2692/2516
f 6091/2692/2517 2610/2367/2517 865/2371/2517 4327/2693/2517
f 4326/2688/2518 6091/2692/2518 4327/2693/2518 1566/2689/2518
f 1566/2689/2519 4327/2693/2519 6092/2694/2519 4328/2695/2519
f 4327/2693/2520 865/2371/2520 2611/2379/2520 6092/2694/2520
f 6092/2694/2521 2611/2379/2521 361/2381/2521 3130/2696/2521
f 4328/2695/2522 6092/2694/2522 3130/2696/2522 1125/2697/2522
f 845/2691/2523 4329/2690/2523 6093/2698/2523 2571/2699/2523
f 4329/2690/2524 1566/2689/2524 4328/2695/2524 6093/2698/2524
f 6093/2698/2525 4328/2695/2525 1125/2697/2525 3131/2700/2525
f 2571/2699/2526 6093/2698/2526 3131/2700/2526 341/2701/2526
f 341/2701/2527 3131/2700/2527 6094/2702/2527 2572/2703/2527
f 3131/2700/2528 1125/2697/2528 4330/2704/2528 6094/2702/2528
f 6094/2702/2529 4330/2704/2529 1567/2705/2529 4333/2706/2529
f 2572/2703/2530 6094/2702/2530 4333/2706/2530 846/2707/2530
f 1125/2697/2531 3130/2696/2531 6095/2708/2531 4330/2704/2531
f 3130/2696/2532 361/2381/2532 2612/2383/2532 6095/2708/2532
f 6095/2708/2533 2612/2383/2533 866/2387/2533 4331/2709/2533
f 4330/2704/2534 6095/2708/2534 4331/2709/2534 1567/2705/2534
f 1567/2705/2535 4331/2709/2535 6096/2710/2535 4332/2711/2535
f 4331/2709/2536 866/2387/2536 2613/2395/2536 6096/2710/2536
f 6096/2710/2537 2613/2395/2537 362/2397/2537 3132/2712/2537
f 4332/2711/2538 6096/2710/2538 3132/2712/2538 1126/2713/2538
f 846/2707/2539 4333/2706/2539 6097/2714/2539 2573/2715/2539
f 4333/2706/2540 1567/2705/2540 4332/2711/2540 6097/2714/2540
f 6097/2714/2541 4332/2711/2541 1126/2713/2541 3133/2716/2541
f 2573/2715/2542 6097/2714/2542 3133/2716/2542 342/2717/2542
f 342/2717/2543 3133/2716/2543 6098/2718/2543 2574/2719/2543
f 3133/2716/2544 1126/2713/2544 4334/2720/2544 6098/2718/2544
f 6098/2718/2545 4334/2720/2545 1568/2721/2545 4337/2722/2545
f 2574/2719/2546 6098/2718/2546 4337/2722/2546 847/2723/2546
f 1126/2713/2547 3132/2712/2547 6099/2724/2547 4334/2720/2547
f 3132/2712/2548 362/2397/2548 2614/2399/2548 6099/2724/2548
f 6099/2724/2549 2614/2399/2549 867/2403/2549 4335/2725/2549
f 4334/2720/2550 6099/2724/2550 4335/2725/2550 1568/2721/2550
f 1568/2721/2551 4335/2725/2551 6100/2726/2551 4336/2727/2551
f 4335/2725/2552 867/2403/2552 2615/2411/2552 6100/2726/2552
f 6100/2726/2553 2615/2411/2553 363/2413/2553 3134/2728/2553
f 4336/2727/2554 6100/2726/2554 3134/2728/2554 1127/2729/2554
f 847/2723/2555 4337/2722/2555 6101/2730/2555 2575/2731/2555
f 4337/2722/2556 1568/2721/2556 4336/2727/2556 6101/2730/2556
f 6101/2730/2557 4336/2727/2557 1127/2729/2557 3135/2732/2557
f 2575/2731/2558 6101/2730/2558 3135/2732/2558 343/2733/2558
f 343/2733/2559 3135/2732/2559 6102/2734/2559 2576/2735/2559
f 3135/2732/2560 1127/2729/2560 4338/2736/2560 6102/2734/2560
f 6102/2734/2561 4338/2736/2561 1569/2737/2561 4341/2738/2561
f 2576/2735/2562 6102/2734/2562 4341/2738/2562 848/2739/2562
f 1127/2729/2563 3134/2728/2563 6103/2740/2563 4338/2736/2563
f 3134/2728/2564 363/2413/2564 2616/2415/2564 6103/2740/2564
f 6103/2740/2565 2616/2415/2565 868/2419/2565 4339/2741/2565
f 4338/2736/2566 6103/2740/2566 4339/2741/2566 1569/2737/2566
f 1569/2737/2567 4339/2741/2567 6104/2742/2567 4340/2743/2567
f 4339/2741/2568 868/2419/2568 2617/2425/2568 6104/2742/2568
f 6104/2742/2569 2617/2425/2569 364/299/2569 3136/297/2569
f 4340/2743/2570 6104/2742/2570 3136/297/2570 1128/293/2570
f 848/2739/2571 4341/2738/2571 6105/2744/2571 2577/2745/2571
f 4341/2738/2572 1569/2737/2572 4340/2743/2572 6105/2744/2572
f 6105/2744/2573 4340/2743/2573 1128/293/2573 3137/291/2573
f 2577/2745/2574 6105/2744/2574 3137/291/2574 344/279/2574
f 13/2746/2575 1875/2747/2575 6106/2748/2575 2498/2749/2575
f 1875/2747/2576 497/2750/2576 4342/2751/2576 6106/2748/2576
f 6106/2748/2577 4342/2751/2577 1570/2752/2577 4345/2753/2577
f 2498/2749/2578 6106/2748/2578 4345/2753/2578 809/2754/2578
f 497/2750/2579 1874/2755/2579 6107/2756/2579 4342/2751/2579
f 1874/2755/2580 12/2426/2580 2538/2429/2580 6107/2756/2580
f 6107/2756/2581 2538/2429/2581 829/2434/2581 4343/2757/2581
f 4342/2751/2582 6107/2756/2582 4343/2757/2582 1570/2752/2582
f 1570/2752/2583 4343/2757/2583 6108/2758/2583 4344/2759/2583
f 4343/2757/2584 829/2434/2584 2539/2443/2584 6108/2758/2584
f 6108/2758/2585 2539/2443/2585 325/2445/2585 3138/2760/2585
f 4344/2759/2586 6108/2758/2586 3138/2760/2586 1129/2761/2586
f 809/2754/2587 4345/2753/2587 6109/2762/2587 2499/2763/2587
f 4345/2753/2588 1570/2752/2588 4344/2759/2588 6109/2762/2588
f 6109/2762/2589 4344/2759/2589 1129/2761/2589 3139/2764/2589
f 2499/2763/2590 6109/2762/2590 3139/2764/2590 305/2765/2590
f 305/2765/2591 3139/2764/2591 6110/2766/2591 2500/2767/2591
f 3139/2764/2592 1129/2761/2592 4346/2768/2592 6110/2766/2592
f 6110/2766/2593 4346/2768/2593 1571/2769/2593 4349/2770/2593
f 2500/2767/2594 6110/2766/2594 4349/2770/2594 810/2771/2594
f 1129/2761/2595 3138/2760/2595 6111/2772/2595 4346/2768/2595
f 3138/2760/2596 325/2445/2596 2540/2447/2596 6111/2772/2596
f 6111/2772/2597 2540/2447/2597 830/2451/2597 4347/2773/2597
f 4346/2768/2598 6111/2772/2598 4347/2773/2598 1571/2769/2598
f 1571/2769/2599 4347/2773/2599 6112/2774/2599 4348/2775/2599
f 4347/2773/2600 830/2451/2600 2541/2459/2600 6112/2774/2600
f 6112/2774/2601 2541/2459/2601 326/2461/2601 3140/2776/2601
f 4348/2775/2602 6112/2774/2602 3140/2776/2602 1130/2777/2602
f 810/2771/2603 4349/2770/2603 6113/2778/2603 2501/2779/2603
f 4349/2770/2604 1571/2769/2604 4348/2775/2604 6113/2778/2604
f 6113/2778/2605 4348/2775/2605 1130/2777/2605 3141/2780/2605
f 2501/2779/2606 6113/2778/2606 3141/2780/2606 306/2781/2606
f 306/2781/2607 3141/2780/2607 6114/2782/2607 2502/2783/2607
f 3141/2780/2608 1130/2777/2608 4350/2784/2608 6114/2782/2608
f 6114/2782/2609 4350/2784/2609 1572/2785/2609 4353/2786/2609
f 2502/2783/2610 6114/2782/2610 4353/2786/2610 811/2787/2610
f 1130/2777/2611 3140/2776/2611 6115/2788/2611 4350/2784/2611
f 3140/2776/2612 326/2461/2612 2542/2463/2612 6115/2788/2612
f 6115/2788/2613 2542/2463/2613 831/2467/2613 4351/2789/2613
f 4350/2784/2614 6115/2788/2614 4351/2789/2614 1572/2785/2614
f 1572/2785/2615 4351/2789/2615 6116/2790/2615 4352/2791/2615
f 4351/2789/2616 831/2467/2616 2543/2475/2616 6116/2790/2616
f 6116/2790/2617 2543/2475/2617 327/2477/2617 3142/2792/2617
f 4352/2791/2618 6116/2790/2618 3142/2792/2618 1131/2793/2618
f 811/2787/2619 4353/2786/2619 6117/2794/2619 2503/2795/2619
f 4353/2786/2620 1572/2785/2620 4352/2791/2620 6117/2794/2620
f 6117/2794/2621 4352/2791/2621 1131/2793/2621 3143/2796/2621
f 2503/2795/2622 6117/2794/2622 3143/2796/2622 307/2797/2622
f 307/2797/2623 3143/2796/2623 6118/2798/2623 2504/2799/2623
f 3143/2796/2624 1131/2793/2624 4354/2800/2624 6118/2798/2624
f 6118/2798/2625 4354/2800/2625 1573/2801/2625 4357/2802/2625
f 2504/2799/2626 6118/2798/2626 4357/2802/2626 812/2803/2626
f 1131/2793/2627 3142/2792/2627 6119/2804/2627 4354/2800/2627
f 3142/2792/2628 327/2477/2628 2544/2479/2628 6119/2804/2628
f 6119/2804/2629 2544/2479/2629 832/2483/2629 4355/2805/2629
f 4354/2800/2630 6119/2804/2630 4355/2805/2630 1573/2801/2630
f 1573/2801/2631 4355/2805/2631 6120/2806/2631 4356/2807/2631
f 4355/2805/2632 832/2483/2632 2545/2491/2632 6120/2806/2632
f 6120/2806/2633 2545/2491/2633 328/2493/2633 3144/2808/2633
f 4356/2807/2634 6120/2806/2634 3144/2808/2634 1132/2809/2634
f 812/2803/2635 4357/2802/2635 6121/2810/2635 2505/2811/2635
f 4357/2802/2636 1573/2801/2636 4356/2807/2636 6121/2810/2636
f 6121/2810/2637 4356/2807/2637 1132/2809/2637 3145/2812/2637
f 2505/2811/2638 6121/2810/2638 3145/2812/2638 308/2813/2638
f 308/2813/2639 3145/2812/2639 6122/2814/2639 2506/2815/2639
f 3145/2812/2640 1132/2809/2640 4358/2816/2640 6122/2814/2640
f 6122/2814/2641 4358/2816/2641 1574/2817/2641 4361/2818/2641
f 2506/2815/2642 6122/2814/2642 4361/2818/2642 813/2819/2642
f 1132/2809/2643 3144/2808/2643 6123/2820/2643 4358/2816/2643
f 3144/2808/2644 328/2493/2644 2546/2495/2644 6123/2820/2644
f 6123/2820/2645 2546/2495/2645 833/2499/2645 4359/2821/2645
f 4358/2816/2646 6123/2820/2646 4359/2821/2646 1574/2817/2646
f 1574/2817/2647 4359/2821/2647 6124/2822/2647 4360/2823/2647
f 4359/2821/2648 833/2499/2648 2547/2507/2648 6124/2822/2648
f 6124/2822/2649 2547/2507/2649 329/2509/2649 3146/2824/2649
f 4360/2823/2650 6124/2822/2650 3146/2824/2650 1133/2825/2650
f 813/2819/2651 4361/2818/2651 6125/2826/2651 2507/2827/2651
f 4361/2818/2652 1574/2817/2652 4360/2823/2652 6125/2826/2652
f 6125/2826/2653 4360/2823/2653 1133/2825/2653 3147/2828/2653
f 2507/2827/2654 6125/2826/2654 3147/2828/2654 309/2829/2654
f 309/2829/2655 3147/2828/2655 6126/2830/2655 2508/2831/2655
f 3147/2828/2656 1133/2825/2656 4362/2832/2656 6126/2830/2656
f 6126/2830/2657 4362/2832/2657 1575/2833/2657 4365/2834/2657
f 2508/2831/2658 6126/2830/2658 4365/2834/2658 814/2835/2658
f 1133/2825/2659 3146/2824/2659 6127/2836/2659 4362/2832/2659
f 3146/2824/2660 329/2509/2660 2548/2511/2660 6127/2836/2660
f 6127/2836/2661 2548/2511/2661 834/2515/2661 4363/2837/2661
f 4362/2832/2662 6127/2836/2662 4363/2837/2662 1575/2833/2662
f 1575/2833/2663 4363/2837/2663 6128/2838/2663 4364/2839/2663
f 4363/2837/2664 834/2515/2664 2549/2523/2664 6128/2838/2664
f 6128/2838/2665 2549/2523/2665 330/2525/2665 3148/2840/2665
f 4364/2839/2666 6128/2838/2666 3148/2840/2666 1134/2841/2666
f 814/2835/2667 4365/2834/2667 6129/2842/2667 2509/2843/2667
f 4365/2834/2668 1575/2833/2668 4364/2839/2668 6129/2842/2668
f 6129/2842/2669 4364/2839/2669 1134/2841/2669 3149/2844/2669
f 2509/2843/2670 6129/2842/2670 3149/2844/2670 310/2845/2670
f 310/2845/2671 3149/2844/2671 6130/2846/2671 2510/2847/2671
f 3149/2844/2672 1134/2841/2672 4366/2848/2672 6130/2846/2672
f 6130/2846/2673 4366/2848/2673 1576/2849/2673 4369/2850/2673
f 2510/2847/2674 6130/2846/2674 4369/2850/2674 815/2851/2674
f 1134/2841/2675 3148/2840/2675 6131/2852/2675 4366/2848/2675
f 3148/2840/2676 330/2525/2676 2550/2527/2676 6131/2852/2676
f 6131/2852/2677 2550/2527/2677 835/2531/2677 4367/2853/2677
f 4366/2848/2678 6131/2852/2678 4367/2853/2678 1576/2849/2678
f 1576/2849/2679 4367/2853/2679 6132/2854/2679 4368/2855/2679
f 4367/2853/2680 835/2531/2680 2551/2539/2680 6132/2854/2680
f 6132/2854/2681 2551/2539/2681 331/2541/2681 3150/2856/2681
f 4368/2855/2682 6132/2854/2682 3150/2856/2682 1135/2857/2682
f 815/2851/2683 4369/2850/2683 6133/2858/2683 2511/2859/2683
f 4369/2850/2684 1576/2849/2684 4368/2855/2684 6133/2858/2684
f 6133/2858/2685 4368/2855/2685 1135/2857/2685 3151/2860/2685
f 2511/2859/2686 6133/2858/2686 3151/2860/2686 311/2861/2686
f 311/2861/2687 3151/2860/2687 6134/2862/2687 2512/2863/2687
f 3151/2860/2688 1135/2857/2688 4370/2864/2688 6134/2862/2688
f 6134/2862/2689 4370/2864/2689 1577/2865/2689 4373/2866/2689
f 2512/2863/2690 6134/2862/2690 4373/2866/2690 816/2867/2690
f 1135/2857/2691 3150/2856/2691 6135/2868/2691 4370/2864/2691
f 3150/2856/2692 331/2541/2692 2552/2543/2692 6135/2868/2692
f 6135/2868/2693 2552/2543/2693 836/2547/2693 4371/2869/2693
f 4370/2864/2694 6135/2868/2694 4371/2869/2694 1577/2865/2694
f 1577/2865/2695 4371/2869/2695 6136/2870/2695 4372/2871/2695
f 4371/2869/2696 836/2547/2696 2553/2555/2696 6136/2870/2696
f 6136/2870/2697 2553/2555/2697 332/2557/2697 3152/2872/2697
f 4372/2871/2698 6136/2870/2698 3152/2872/2698 1136/2873/2698
f 816/2867/2699 4373/2866/2699 6137/2874/2699 2513/2875/2699
f 4373/2866/2700 1577/2865/2700 4372/2871/2700 6137/2874/2700
f 6137/2874/2701 4372/2871/2701 1136/2873/2701 3153/2876/2701
f 2513/2875/2702 6137/2874/2702 3153/2876/2702 312/2877/2702
f 312/2877/2703 3153/2876/2703 6138/2878/2703 2514/2879/2703
f 3153/2876/2704 1136/2873/2704 4374/2880/2704 6138/2878/2704
f 6138/2878/2705 4374/2880/2705 1578/2881/2705 4377/2882/2705
f 2514/2879/2706 6138/2878/2706 4377/2882/2706 817/2883/2706
f 1136/2873/2707 3152/2872/2707 6139/2884/2707 4374/2880/2707
f 3152/2872/2708 332/2557/2708 2554/2559/2708 6139/2884/2708
f 6139/2884/2709 2554/2559/2709 837/2563/2709 4375/2885/2709
f 4374/2880/2710 6139/2884/2710 4375/2885/2710 1578/2881/2710
f 1578/2881/2711 4375/2885/2711 6140/2886/2711 4376/2887/2711
f 4375/2885/2712 837/2563/2712 2555/2571/2712 6140/2886/2712
f 6140/2886/2713 2555/2571/2713 333/2573/2713 3154/2888/2713
f 4376/2887/2714 6140/2886/2714 3154/2888/2714 1137/2889/2714
f 817/2883/2715 4377/2882/2715 6141/2890/2715 2515/2891/2715
f 4377/2882/2716 1578/2881/2716 4376/2887/2716 6141/2890/2716
f 6141/2890/2717 4376/2887/2717 1137/2889/2717 3155/2892/2717
f 2515/2891/2718 6141/2890/2718 3155/2892/2718 313/2893/2718
f 313/2893/2719 3155/2892/2719 6142/2894/2719 2516/2895/2719
f 3155/2892/2720 1137/2889/2720 4378/2896/2720 6142/2894/2720
f 6142/2894/2721 4378/2896/2721 1579/2897/2721 4381/2898/2721
f 2516/2895/2722 6142/2894/2722 4381/2898/2722 818/2899/2722
f 1137/2889/2723 3154/2888/2723 6143/2900/2723 4378/2896/2723
f 3154/2888/2724 333/2573/2724 2556/2575/2724 6143/2900/2724
f 6143/2900/2725 2556/2575/2725 838/2579/2725 4379/2901/2725
f 4378/2896/2726 6143/2900/2726 4379/2901/2726 1579/2897/2726
f 1579/2897/2727 4379/2901/2727 6144/2902/2727 4380/2903/2727
f 4379/2901/2728 838/2579/2728 2557/2587/2728 6144/2902/2728
f 6144/2902/2729 2557/2587/2729 334/2589/2729 3156/2904/2729
f 4380/2903/2730 6144/2902/2730 3156/2904/2730 1138/2905/2730
f 818/2899/2731 4381/2898/2731 6145/2906/2731 2517/2907/2731
f 4381/2898/2732 1579/2897/2732 4380/2903/2732 6145/2906/2732
f 6145/2906/2733 4380/2903/2733 1138/2905/2733 3157/2908/2733
f 2517/2907/2734 6145/2906/2734 3157/2908/2734 314/2909/2734
f 314/2909/2735 3157/2908/2735 6146/2910/2735 2518/2911/2735
f 3157/2908/2736 1138/2905/2736 4382/2912/2736 6146/2910/2736
f 6146/2910/2737 4382/2912/2737 1580/2913/2737 4385/2914/2737
f 2518/2911/2738 6146/2910/2738 4385/2914/2738 819/2915/2738
f 1138/2905/2739 3156/2904/2739 6147/2916/2739 4382/2912/2739
f 3156/2904/2740 334/2589/2740 2558/2591/2740 6147/2916/2740
f 6147/2916/2741 2558/2591/2741 839/2595/2741 4383/2917/2741
f 4382/2912/2742 6147/2916/2742 4383/2917/2742 1580/2913/2742
f 1580/2913/2743 4383/2917/2743 6148/2918/2743 4384/2919/2743
f 4383/2917/2744 839/2595/2744 2559/2603/2744 6148/2918/2744
f 6148/2918/2745 2559/2603/2745 335/2605/2745 3158/2920/2745
f 4384/2919/2746 6148/2918/2746 3158/2920/2746 1139/2921/2746
f 819/2915/2747 4385/2914/2747 6149/2922/2747 2519/2923/2747
f 4385/2914/2748 1580/2913/2748 4384/2919/2748 6149/2922/2748
f 6149/2922/2749 4384/2919/2749 1139/2921/2749 3159/2924/2749
f 2519/2923/2750 6149/2922/2750 3159/2924/2750 315/2925/2750
f 315/2925/2751 3159/2924/2751 6150/2926/2751 2520/2927/2751
f 3159/2924/2752 1139/2921/2752 4386/2928/2752 6150/2926/2752
f 6150/2926/2753 4386/2928/2753 1581/2929/2753 4389/2930/2753
f 2520/2927/2754 6150/2926/2754 4389/2930/2754 820/2931/2754
f 1139/2921/2755 3158/2920/2755 6151/2932/2755 4386/2928/2755
f 3158/2920/2756 335/2605/2756 2560/2607/2756 6151/2932/2756
f 6151/2932/2757 2560/2607/2757 840/2611/2757 4387/2933/2757
f 4386/2928/2758 6151/2932/2758 4387/2933/2758 1581/2929/2758
f 1581/2929/2759 4387/2933/2759 6152/2934/2759 4388/2935/2759
f 4387/2933/2760 840/2611/2760 2561/2619/2760 6152/2934/2760
f 6152/2934/2761 2561/2619/2761 336/2621/2761 3160/2936/2761
f 4388/2935/2762 6152/2934/2762 3160/2936/2762 1140/2937/2762
f 820/2931/2763 4389/2930/2763 6153/2938/2763 2521/2939/2763
f 4389/2930/2764 1581/2929/2764 4388/2935/2764 6153/2938/2764
f 6153/2938/2765 4388/2935/2765 1140/2937/2765 3161/2940/2765
f 2521/2939/2766 6153/2938/2766 3161/2940/2766 316/2941/2766
f 316/2941/2767 3161/2940/2767 6154/2942/2767 2522/2943/2767
f 3161/2940/2768 1140/2937/2768 4390/2944/2768 6154/2942/2768
f 6154/2942/2769 4390/2944/2769 1582/2945/2769 4393/2946/2769
f 2522/2943/2770 6154/2942/2770 4393/2946/2770 821/2947/2770
f 1140/2937/2771 3160/2936/2771 6155/2948/2771 4390/2944/2771
f 3160/2936/2772 336/2621/2772 2562/2623/2772 6155/2948/2772
f 6155/2948/2773 2562/2623/2773 841/2627/2773 4391/2949/2773
f 4390/2944/2774 6155/2948/2774 4391/2949/2774 1582/2945/2774
f 1582/2945/2775 4391/2949/2775 6156/2950/2775 4392/2951/2775
f 4391/2949/2776 841/2627/2776 2563/2635/2776 6156/2950/2776
f 6156/2950/2777 2563/2635/2777 337/2637/2777 3162/2952/2777
f 4392/2951/2778 6156/2950/2778 3162/2952/2778 1141/2953/2778
f 821/2947/2779 4393/2946/2779 6157/2954/2779 2523/2955/2779
f 4393/2946/2780 1582/2945/2780 4392/2951/2780 6157/2954/2780
f 6157/2954/2781 4392/2951/2781 1141/2953/2781 3163/2956/2781
f 2523/2955/2782 6157/2954/2782 3163/2956/2782 317/2957/2782
f 317/2957/2783 3163/2956/2783 6158/2958/2783 2524/2959/2783
f 3163/2956/2784 1141/2953/2784 4394/2960/2784 6158/2958/2784
f 6158/2958/2785 4394/2960/2785 1583/2961/2785 4397/2962/2785
f 2524/2959/2786 6158/2958/2786 4397/2962/2786 822/2963/2786
f 1141/2953/2787 3162/2952/2787 6159/2964/2787 4394/2960/2787
f 3162/2952/2788 337/2637/2788 2564/2639/2788 6159/2964/2788
f 6159/2964/2789 2564/2639/2789 842/2643/2789 4395/2965/2789
f 4394/2960/2790 6159/2964/2790 4395/2965/2790 1583/2961/2790
f 1583/2961/2791 4395/2965/2791 6160/2966/2791 4396/2967/2791
f 4395/2965/2792 842/2643/2792 2565/2651/2792 6160/2966/2792
f 6160/2966/2793 2565/2651/2793 338/2653/2793 3164/2968/2793
f 4396/2967/2794 6160/2966/2794 3164/2968/2794 1142/2969/2794
f 822/2963/2795 4397/2962/2795 6161/2970/2795 2525/2971/2795
f 4397/2962/2796 1583/2961/2796 4396/2967/2796 6161/2970/2796
f 6161/2970/2797 4396/2967/2797 1142/2969/2797 3165/2972/2797
f 2525/2971/2798 6161/2970/2798 3165/2972/2798 318/2973/2798
f 318/2973/2799 3165/2972/2799 6162/2974/2799 2526/2975/2799
f 3165/2972/2800 1142/2969/2800 4398/2976/2800 6162/2974/2800
f 6162/2974/2801 4398/2976/2801 1584/2977/2801 4401/2978/2801
f 2526/2975/2802 6162/2974/2802 4401/2978/2802 823/2979/2802
f 1142/2969/2803 3164/2968/2803 6163/2980/2803 4398/2976/2803
f 3164/2968/2804 338/2653/2804 2566/2655/2804 6163/2980/2804
f 6163/2980/2805 2566/2655/2805 843/2659/2805 4399/2981/2805
f 4398/2976/2806 6163/2980/2806 4399/2981/2806 1584/2977/2806
f 1584/2977/2807 4399/2981/2807 6164/2982/2807 4400/2983/2807
f 4399/2981/2808 843/2659/2808 2567/2667/2808 6164/2982/2808
f 6164/2982/2809 2567/2667/2809 339/2669/2809 3166/2984/2809
f 4400/2983/2810 6164/2982/2810 3166/2984/2810 1143/2985/2810
f 823/2979/2811 4401/2978/2811 6165/2986/2811 2527/2987/2811
f 4401/2978/2812 1584/2977/2812 4400/2983/2812 6165/2986/2812
f 6165/2986/2813 4400/2983/2813 1143/2985/2813 3167/2988/2813
f 2527/2987/2814 6165/2986/2814 3167/2988/2814 319/2989/2814
f 319/2989/2815 3167/2988/2815 6166/2990/2815 2528/2991/2815
f 3167/2988/2816 1143/2985/2816 4402/2992/2816 6166/2990/2816
f 6166/2990/2817 4402/2992/2817 1585/2993/2817 4405/2994/2817
f 2528/2991/2818 6166/2990/2818 4405/2994/2818 824/2995/2818
f 1143/2985/2819 3166/2984/2819 6167/2996/2819 4402/2992/2819
f 3166/2984/2820 339/2669/2820 2568/2671/2820 6167/2996/2820
f 6167/2996/2821 2568/2671/2821 844/2675/2821 4403/2997/2821
f 4402/2992/2822 6167/2996/2822 4403/2997/2822 1585/2993/2822
f 1585/2993/2823 4403/2997/2823 6168/2998/2823 4404/2999/2823
f 4403/2997/2824 844/2675/2824 2569/2683/2824 6168/2998/2824
f 6168/2998/2825 2569/2683/2825 340/2685/2825 3168/3000/2825
f 4404/2999/2826 6168/2998/2826 3168/3000/2826 1144/3001/2826
f 824/2995/2827 4405/2994/2827 6169/3002/2827 2529/3003/2827
f 4405/2994/2828 1585/2993/2828 4404/2999/2828 6169/3002/2828
f 6169/3002/2829 4404/2999/2829 1144/3001/2829 3169/3004/2829
f 2529/3003/2830 6169/3002/2830 3169/3004/2830 320/3005/2830
f 320/3005/2831 3169/3004/2831 6170/3006/2831 2530/3007/2831
f 3169/3004/2832 1144/3001/2832 4406/3008/2832 6170/3006/2832
f 6170/3006/2833 4406/3008/2833 1586/3009/2833 4409/3010/2833
f 2530/3007/2834 6170/3006/2834 4409/3010/2834 825/3011/2834
f 1144/3001/2835 3168/3000/2835 6171/3012/2835 4406/3008/2835
f 3168/3000/2836 340/2685/2836 2570/2687/2836 6171/3012/2836
f 6171/3012/2837 2570/2687/2837 845/2691/2837 4407/3013/2837
f 4406/3008/2838 6171/3012/2838 4407/3013/2838 1586/3009/2838
f 1586/3009/2839 4407/3013/2839 6172/3014/2839 4408/3015/2839
f 4407/3013/2840 845/2691/2840 2571/2699/2840 6172/3014/2840
f 6172/3014/2841 2571/2699/2841 341/2701/2841 3170/3016/2841
f 4408/3015/2842 6172/3014/2842 3170/3016/2842 1145/3017/2842
f 825/3011/2843 4409/3010/2843 6173/3018/2843 2531/3019/2843
f 4409/3010/2844 1586/3009/2844 4408/3015/2844 6173/3018/2844
f 6173/3018/2845 4408/3015/2845 1145/3017/2845 3171/3020/2845
f 2531/3019/2846 6173/3018/2846 3171/3020/2846 321/3021/2846
f 321/3021/2847 3171/3020/2847 6174/3022/2847 2532/3023/2847
f 3171/3020/2848 1145/3017/2848 4410/3024/2848 6174/3022/2848
f 6174/3022/2849 4410/3024/2849 1587/3025/2849 4413/3026/2849
f 2532/3023/2850 6174/3022/2850 4413/3026/2850 826/3027/2850
f 1145/3017/2851 3170/3016/2851 6175/3028/2851 4410/3024/2851
f 3170/3016/2852 341/2701/2852 2572/2703/2852 6175/3028/2852
f 6175/3028/2853 2572/2703/2853 846/2707/2853 4411/3029/2853
f 4410/3024/2854 6175/3028/2854 4411/3029/2854 1587/3025/2854
f 1587/3025/2855 4411/3029/2855 6176/3030/2855 4412/3031/2855
f 4411/3029/2856 846/2707/2856 2573/2715/2856 6176/3030/2856
f 6176/3030/2857 2573/2715/2857 342/2717/2857 3172/3032/2857
f 4412/3031/2858 6176/3030/2858 3172/3032/2858 1146/3033/2858
f 826/3027/2859 4413/3026/2859 6177/3034/2859 2533/3035/2859
f 4413/3026/2860 1587/3025/2860 4412/3031/2860 6177/3034/2860
f 6177/3034/2861 4412/3031/2861 1146/3033/2861 3173/3036/2861
f 2533/3035/2862 6177/3034/2862 3173/3036/2862 322/3037/2862
f 322/3037/2863 3173/3036/2863 6178/3038/2863 2534/3039/2863
f 3173/3036/2864 1146/3033/2864 4414/3040/2864 6178/3038/2864
f 6178/3038/2865 4414/3040/2865 1588/3041/2865 4417/3042/2865
f 2534/3039/2866 6178/3038/2866 4417/3042/2866 827/3043/2866
f 1146/3033/2867 3172/3032/2867 6179/3044/2867 4414/3040/2867
f 3172/3032/2868 342/2717/2868 2574/2719/2868 6179/3044/2868
f 6179/3044/2869 2574/2719/2869 847/2723/2869 4415/3045/2869
f 4414/3040/2870 6179/3044/2870 4415/3045/2870 1588/3041/2870
f 1588/3041/2871 4415/3045/2871 6180/3046/2871 4416/3047/2871
f 4415/3045/2872 847/2723/2872 2575/2731/2872 6180/3046/2872
f 6180/3046/2873 2575/2731/2873 343/2733/2873 3174/3048/2873
f 4416/3047/2874 6180/3046/2874 3174/3048/2874 1147/3049/2874
f 827/3043/2875 4417/3042/2875 6181/3050/2875 2535/3051/2875
f 4417/3042/2876 1588/3041/2876 4416/3047/2876 6181/3050/2876
f 6181/3050/2877 4416/3047/2877 1147/3049/2877 3175/3052/2877
f 2535/3051/2878 6181/3050/2878 3175/3052/2878 323/3053/2878
f 323/3053/2879 3175/3052/2879 6182/3054/2879 2536/3055/2879
f 3175/3052/2880 1147/3049/2880 4418/3056/2880 6182/3054/2880
f 6182/3054/2881 4418/3056/2881 1589/3057/2881 4421/3058/2881
f 2536/3055/2882 6182/3054/2882 4421/3058/2882 828/3059/2882
f 1147/3049/2883 3174/3048/2883 6183/3060/2883 4418/3056/2883
f 3174/3048/2884 343/2733/2884 2576/2735/2884 6183/3060/2884
f 6183/3060/2885 2576/2735/2885 848/2739/2885 4419/3061/2885
f 4418/3056/2886 6183/3060/2886 4419/3061/2886 1589/3057/2886
f 1589/3057/2887 4419/3061/2887 6184/3062/2887 4420/3063/2887
f 4419/3061/2888 848/2739/2888 2577/2745/2888 6184/3062/2888
f 6184/3062/2889 2577/2745/2889 344/279/2889 3176/277/2889
f 4420/3063/2890 6184/3062/2890 3176/277/2890 1148/273/2890
f 828/3059/2891 4421/3058/2891 6185/3064/2891 2537/3065/2891
f 4421/3058/2892 1589/3057/2892 4420/3063/2892 6185/3064/2892
f 6185/3064/2893 4420/3063/2893 1148/273/2893 3177/271/2893
f 2537/3065/2894 6185/3064/2894 3177/271/2894 324/259/2894
f 14/3066/2895 1877/3067/2895 6186/3068/2895 2458/3069/2895
f 1877/3067/2896 498/3070/2896 4422/3071/2896 6186/3068/2896
f 6186/3068/2897 4422/3071/2897 1590/3072/2897 4425/3073/2897
f 2458/3069/2898 6186/3068/2898 4425/3073/2898 789/3074/2898
f 498/3070/2899 1876/3075/2899 6187/3076/2899 4422/3071/2899
f 1876/3075/2900 13/2746/2900 2498/2749/2900 6187/3076/2900
f 6187/3076/2901 2498/2749/2901 809/2754/2901 4423/3077/2901
f 4422/3071/2902 6187/3076/2902 4423/3077/2902 1590/3072/2902
f 1590/3072/2903 4423/3077/2903 6188/3078/2903 4424/3079/2903
f 4423/3077/2904 809/2754/2904 2499/2763/2904 6188/3078/2904
f 6188/3078/2905 2499/2763/2905 305/2765/2905 3178/3080/2905
f 4424/3079/2906 6188/3078/2906 3178/3080/2906 1149/3081/2906
f 789/3074/2907 4425/3073/2907 6189/3082/2907 2459/3083/2907
f 4425/3073/2908 1590/3072/2908 4424/3079/2908 6189/3082/2908
f 6189/3082/2909 4424/3079/2909 1149/3081/2909 3179/3084/2909
f 2459/3083/2910 6189/3082/2910 3179/3084/2910 285/3085/2910
f 285/3085/2911 3179/3084/2911 6190/3086/2911 2460/3087/2911
f 3179/3084/2912 1149/3081/2912 4426/3088/2912 6190/3086/2912
f 6190/3086/2913 4426/3088/2913 1591/3089/2913 4429/3090/2913
f 2460/3087/2914 6190/3086/2914 4429/3090/2914 790/3091/2914
f 1149/3081/2915 3178/3080/2915 6191/3092/2915 4426/3088/2915
f 3178/3080/2916 305/2765/2916 2500/2767/2916 6191/3092/2916
f 6191/3092/2917 2500/2767/2917 810/2771/2917 4427/3093/2917
f 4426/3088/2918 6191/3092/2918 4427/3093/2918 1591/3089/2918
f 1591/3089/2919 4427/3093/2919 6192/3094/2919 4428/3095/2919
f 4427/3093/2920 810/2771/2920 2501/2779/2920 6192/3094/2920
f 6192/3094/2921 2501/2779/2921 306/2781/2921 3180/3096/2921
f 4428/3095/2922 6192/3094/2922 3180/3096/2922 1150/3097/2922
f 790/3091/2923 4429/3090/2923 6193/3098/2923 2461/3099/2923
f 4429/3090/2924 1591/3089/2924 4428/3095/2924 6193/3098/2924
f 6193/3098/2925 4428/3095/2925 1150/3097/2925 3181/3100/2925
f 2461/3099/2926 6193/3098/2926 3181/3100/2926 286/3101/2926
f 286/3101/2927 3181/3100/2927 6194/3102/2927 2462/3103/2927
f 3181/3100/2928 1150/3097/2928 4430/3104/2928 6194/3102/2928
f 6194/3102/2929 4430/3104/2929 1592/3105/2929 4433/3106/2929
f 2462/3103/2930 6194/3102/2930 4433/3106/2930 791/3107/2930
f 1150/3097/2931 3180/3096/2931 6195/3108/2931 4430/3104/2931
f 3180/3096/2932 306/2781/2932 2502/2783/2932 6195/3108/2932
f 6195/3108/2933 2502/2783/2933 811/2787/2933 4431/3109/2933
f 4430/3104/2934 6195/3108/2934 4431/3109/2934 1592/3105/2934
f 1592/3105/2935 4431/3109/2935 6196/3110/2935 4432/3111/2935
f 4431/3109/2936 811/2787/2936 2503/2795/2936 6196/3110/2936
f 6196/3110/2937 2503/2795/2937 307/2797/2937 3182/3112/2937
f 4432/3111/2938 6196/3110/2938 3182/3112/2938 1151/3113/2938
f 791/3107/2939 4433/3106/2939 6197/3114/2939 2463/3115/2939
f 4433/3106/2940 1592/3105/2940 4432/3111/2940 6197/3114/2940
f 6197/3114/2941 4432/3111/2941 1151/3113/2941 3183/3116/2941
f 2463/3115/2942 6197/3114/2942 3183/3116/2942 287/3117/2942
f 287/3117/2943 3183/3116/2943 6198/3118/2943 2464/3119/2943
f 3183/3116/2944 1151/3113/2944 4434/3120/2944 6198/3118/2944
f 6198/3118/2945 4434/3120/2945 1593/3121/2945 4437/3122/2945
f 2464/3119/2946 6198/3118/2946 4437/3122/2946 792/3123/2946
f 1151/3113/2947 3182/3112/2947 6199/3124/2947 4434/3120/2947
f 3182/3112/2948 307/2797/2948 2504/2799/2948 6199/3124/2948
f 6199/3124/2949 2504/2799/2949 812/2803/2949 4435/3125/2949
f 4434/3120/2950 6199/3124/2950 4435/3125/2950 1593/3121/2950
f 1593/3121/2951 4435/3125/2951 6200/3126/2951 4436/3127/2951
f 4435/3125/2952 812/2803/2952 2505/2811/2952 6200/3126/2952
f 6200/3126/2953 2505/2811/2953 308/2813/2953 3184/3128/2953
f 4436/3127/2954 6200/3126/2954 3184/3128/2954 1152/3129/2954
f 792/3123/2955 4437/3122/2955 6201/3130/2955 2465/3131/2955
f 4437/3122/2956 1593/3121/2956 4436/3127/2956 6201/3130/2956
f 6201/3130/2957 4436/3127/2957 1152/3129/2957 3185/3132/2957
f 2465/3131/2958 6201/3130/2958 3185/3132/2958 288/3133/2958
f 288/3133/2959 3185/3132/2959 6202/3134/2959 2466/3135/2959
f 3185/3132/2960 1152/3129/2960 4438/3136/2960 6202/3134/2960
f 6202/3134/2961 4438/3136/2961 1594/3137/2961 4441/3138/2961
f 2466/3135/2962 6202/3134/2962 4441/3138/2962 793/3139/2962
f 1152/3129/2963 3184/3128/2963 6203/3140/2963 4438/3136/2963
f 3184/3128/2964 308/2813/2964 2506/2815/2964 6203/3140/2964
f 6203/3140/2965 2506/2815/2965 813/2819/2965 4439/3141/2965
f 4438/3136/2966 6203/3140/2966 4439/3141/2966 1594/3137/2966
f 1594/3137/2967 4439/3141/2967 6204/3142/2967 4440/3143/2967
f 4439/3141/2968 813/2819/2968 2507/2827/2968 6204/3142/2968
f 6204/3142/2969 2507/2827/2969 309/2829/2969 3186/3144/2969
f 4440/3143/2970 6204/3142/2970 3186/3144/2970 1153/3145/2970
f 793/3139/2971 4441/3138/2971 6205/3146/2971 2467/3147/2971
f 4441/3138/2972 1594/3137/2972 4440/3143/2972 6205/3146/2972
f 6205/3146/2973 4440/3143/2973 1153/3145/2973 3187/3148/2973
f 2467/3147/2974 6205/3146/2974 3187/3148/2974 289/3149/2974
f 289/3149/2975 3187/3148/2975 6206/3150/2975 2468/3151/2975
f 3187/3148/2976 1153/3145/2976 4442/3152/2976 6206/3150/2976
f 6206/3150/2977 4442/3152/2977 1595/3153/2977 4445/3154/2977
f 2468/3151/2978 6206/3150/2978 4445/3154/2978 794/3155/2978
f 1153/3145/2979 3186/3144/2979 6207/3156/2979 4442/3152/2979
f 3186/3144/2980 309/2829/2980 2508/2831/2980 6207/3156/2980
f 6207/3156/2981 2508/2831/2981 814/2835/2981 4443/3157/2981
f 4442/3152/2982 6207/3156/2982 4443/3157/2982 1595/3153/2982
f 1595/3153/2983 4443/3157/2983 6208/3158/2983 4444/3159/2983
f 4443/3157/2984 814/2835/2984 2509/2843/2984 6208/3158/2984
f 6208/3158/2985 2509/2843/2985 310/2845/2985 3188/3160/2985
f 4444/3159/2986 6208/3158/2986 3188/3160/2986 1154/3161/2986
f 794/3155/2987 4445/3154/2987 6209/3162/2987 2469/3163/2987
f 4445/3154/2988 1595/3153/2988 4444/3159/2988 6209/3162/2988
f 6209/3162/2989 4444/3159/2989 1154/3161/2989 3189/3164/2989
f 2469/3163/2990 6209/3162/2990 3189/3164/2990 290/3165/2990
f 290/3165/2991 3189/3164/2991 6210/3166/2991 2470/3167/2991
f 3189/3164/2992 1154/3161/2992 4446/3168/2992 6210/3166/2992
f 6210/3166/2993 4446/3168/2993 1596/3169/2993 4449/3170/2993
f 2470/3167/2994 6210/3166/2994 4449/3170/2994 795/3171/2994
f 1154/3161/2995 3188/3160/2995 6211/3172/2995 4446/3168/2995
f 3188/3160/2996 310/2845/2996 2510/2847/2996 6211/3172/2996
f 6211/3172/2997 2510/2847/2997 815/2851/2997 4447/3173/2997
f 4446/3168/2998 6211/3172/2998 4447/3173/2998 1596/3169/2998
f 1596/3169/2999 4447/3173/2999 6212/3174/2999 4448/3175/2999
f 4447/3173/3000 815/2851/3000 2511/2859/3000 6212/3174/3000
f 6212/3174/3001 2511/2859/3001 311/2861/3001 3190/3176/3001
f 4448/3175/3002 6212/3174/3002 3190/3176/3002 1155/3177/3002
f 795/3171/3003 4449/3170/3003 6213/3178/3003 2471/3179/3003
f 4449/3170/3004 1596/3169/3004 4448/3175/3004 6213/3178/3004
f 6213/3178/3005 4448/3175/3005 1155/3177/3005 3191/3180/3005
f 2471/3179/3006 6213/3178/3006 3191/3180/3006 291/3181/3006
f 291/3181/3007 3191/3180/3007 6214/3182/3007 2472/3183/3007
f 3191/3180/3008 1155/3177/3008 4450/3184/3008 6214/3182/3008
f 6214/3182/3009 4450/3184/3009 1597/3185/3009 4453/3186/3009
f 2472/3183/3010 6214/3182/3010 4453/3186/3010 796/3187/3010
f 1155/3177/3011 3190/3176/3011 6215/3188/3011 4450/3184/3011
f 3190/3176/3012 311/2861/3012 2512/2863/3012 6215/3188/3012
f 6215/3188/3013 2512/2863/3013 816/2867/3013 4451/3189/3013
f 4450/3184/3014 6215/3188/3014 4451/3189/3014 1597/3185/3014
f 1597/3185/3015 4451/3189/3015 6216/3190/3015 4452/3191/3015
f 4451/3189/3016 816/2867/3016 2513/2875/3016 6216/3190/3016
f 6216/3190/3017 2513/2875/3017 312/2877/3017 3192/3192/3017
f 4452/3191/3018 6216/3190/3018 3192/3192/3018 1156/3193/3018
f 796/3187/3019 4453/3186/3019 6217/3194/3019 2473/3195/3019
f 4453/3186/3020 1597/3185/3020 4452/3191/3020 6217/3194/3020
f 6217/3194/3021 4452/3191/3021 1156/3193/3021 3193/3196/3021
f 2473/3195/3022 6217/3194/3022 3193/3196/3022 292/3197/3022
f 292/3197/3023 3193/3196/3023 6218/3198/3023 2474/3199/3023
f 3193/3196/3024 1156/3193/3024 4454/3200/3024 6218/3198/3024
f 6218/3198/3025 4454/3200/3025 1598/3201/3025 4457/3202/3025
f 2474/3199/3026 6218/3198/3026 4457/3202/3026 797/3203/3026
f 1156/3193/3027 3192/3192/3027 6219/3204/3027 4454/3200/3027
f 3192/3192/3028 312/2877/3028 2514/2879/3028 6219/3204/3028
f 6219/3204/3029 2514/2879/3029 817/2883/3029 4455/3205/3029
f 4454/3200/3030 6219/3204/3030 4455/3205/3030 1598/3201/3030
f 1598/3201/3031 4455/3205/3031 6220/3206/3031 4456/3207/3031
f 4455/3205/3032 817/2883/3032 2515/2891/3032 6220/3206/3032
f 6220/3206/3033 2515/2891/3033 313/2893/3033 3194/3208/3033
f 4456/3207/3034 6220/3206/3034 3194/3208/3034 1157/3209/3034
f 797/3203/3035 4457/3202/3035 6221/3210/3035 2475/3211/3035
f 4457/3202/3036 1598/3201/3036 4456/3207/3036 6221/3210/3036
f 6221/3210/3037 4456/3207/3037 1157/3209/3037 3195/3212/3037
f 2475/3211/3038 6221/3210/3038 3195/3212/3038 293/3213/3038
f 293/3213/3039 3195/3212/3039 6222/3214/3039 2476/3215/3039
f 3195/3212/3040 1157/3209/3040 4458/3216/3040 6222/3214/3040
f 6222/3214/3041 4458/3216/3041 1599/3217/3041 4461/3218/3041
f 2476/3215/3042 6222/3214/3042 4461/3218/3042 798/3219/3042
f 1157/3209/3043 3194/3208/3043 6223/3220/3043 4458/3216/3043
f 3194/3208/3044 313/2893/3044 2516/2895/3044 6223/3220/3044
f 6223/3220/3045 2516/2895/3045 818/2899/3045 4459/3221/3045
f 4458/3216/3046 6223/3220/3046 4459/3221/3046 1599/3217/3046
f 1599/3217/3047 4459/3221/3047 6224/3222/3047 4460/3223/3047
f 4459/3221/3048 818/2899/3048 2517/2907/3048 6224/3222/3048
f 6224/3222/3049 2517/2907/3049 314/2909/3049 3196/3224/3049
f 4460/3223/3050 6224/3222/3050 3196/3224/3050 1158/3225/3050
f 798/3219/3051 4461/3218/3051 6225/3226/3051 2477/3227/3051
f 4461/3218/3052 1599/3217/3052 4460/3223/3052 6225/3226/3052
f 6225/3226/3053 4460/3223/3053 1158/3225/3053 3197/3228/3053
f 2477/3227/3054 6225/3226/3054 3197/3228/3054 294/3229/3054
f 294/3229/3055 3197/3228/3055 6226/3230/3055 2478/3231/3055
f 3197/3228/3056 1158/3225/3056 4462/3232/3056 6226/3230/3056
f 6226/3230/3057 4462/3232/3057 1600/3233/3057 4465/3234/3057
f 2478/3231/3058 6226/3230/3058 4465/3234/3058 799/3235/3058
f 1158/3225/3059 3196/3224/3059 6227/3236/3059 4462/3232/3059
f 3196/3224/3060 314/2909/3060 2518/2911/3060 6227/3236/3060
f 6227/3236/3061 2518/2911/3061 819/2915/3061 4463/3237/3061
f 4462/3232/3062 6227/3236/3062 4463/3237/3062 1600/3233/3062
f 1600/3233/3063 4463/3237/3063 6228/3238/3063 4464/3239/3063
f 4463/3237/3064 819/2915/3064 2519/2923/3064 6228/3238/3064
f 6228/3238/3065 2519/2923/3065 315/2925/3065 3198/3240/3065
f 4464/3239/3066 6228/3238/3066 3198/3240/3066 1159/3241/3066
f 799/3235/3067 4465/3234/3067 6229/3242/3067 2479/3243/3067
f 4465/3234/3068 1600/3233/3068 4464/3239/3068 6229/3242/3068
f 6229/3242/3069 4464/3239/3069 1159/3241/3069 3199/3244/3069
f 2479/3243/3070 6229/3242/3070 3199/3244/3070 295/3245/3070
f 295/3245/3071 3199/3244/3071 6230/3246/3071 2480/3247/3071
f 3199/3244/3072 1159/3241/3072 4466/3248/3072 6230/3246/3072
f 6230/3246/3073 4466/3248/3073 1601/3249/3073 4469/3250/3073
f 2480/3247/3074 6230/3246/3074 4469/3250/3074 800/3251/3074
f 1159/3241/3075 3198/3240/3075 6231/3252/3075 4466/3248/3075
f 3198/3240/3076 315/2925/3076 2520/2927/3076 6231/3252/3076
f 6231/3252/3077 2520/2927/3077 820/2931/3077 4467/3253/3077
f 4466/3248/3078 6231/3252/3078 4467/3253/3078 1601/3249/3078
f 1601/3249/3079 4467/3253/3079 6232/3254/3079 4468/3255/3079
f 4467/3253/3080 820/2931/3080 2521/2939/3080 6232/3254/3080
f 6232/3254/3081 2521/2939/3081 316/2941/3081 3200/3256/3081
f 4468/3255/3082 6232/3254/3082 3200/3256/3082 1160/3257/3082
f 800/3251/3083 4469/3250/3083 6233/3258/3083 2481/3259/3083
f 4469/3250/3084 1601/3249/3084 4468/3255/3084 6233/3258/3084
f 6233/3258/3085 4468/3255/3085 1160/3257/3085 3201/3260/3085
f 2481/3259/3086 6233/3258/3086 3201/3260/3086 296/3261/3086
f 296/3261/3087 3201/3260/3087 6234/3262/3087 2482/3263/3087
f 3201/3260/3088 1160/3257/3088 4470/3264/3088 6234/3262/3088
f 6234/3262/3089 4470/3264/3089 1602/3265/3089 4473/3266/3089
f 2482/3263/3090 6234/3262/3090 4473/3266/3090 801/3267/3090
f 1160/3257/3091 3200/3256/3091 6235/3268/3091 4470/3264/3091
f 3200/3256/3092 316/2941/3092 2522/2943/3092 6235/3268/3092
f 6235/3268/3093 2522/2943/3093 821/2947/3093 4471/3269/3093
f 4470/3264/3094 6235/3268/3094 4471/3269/3094 1602/3265/3094
f 1602/3265/3095 4471/3269/3095 6236/3270/3095 4472/3271/3095
f 4471/3269/3096 821/2947/3096 2523/2955/3096 6236/3270/3096
f 6236/3270/3097 2523/2955/3097 317/2957/3097 3202/3272/3097
f 4472/3271/3098 6236/3270/3098 3202/3272/3098 1161/3273/3098
f 801/3267/3099 4473/3266/3099 6237/3274/3099 2483/3275/3099
f 4473/3266/3100 1602/3265/3100 4472/3271/3100 6237/3274/3100
f 6237/3274/3101 4472/3271/3101 1161/3273/3101 3203/3276/3101
f 2483/3275/3102 6237/3274/3102 3203/3276/3102 297/3277/3102
f 297/3277/3103 3203/3276/3103 6238/3278/3103 2484/3279/3103
f 3203/3276/3104 1161/3273/3104 4474/3280/3104 6238/3278/3104
f 6238/3278/3105 4474/3280/3105 1603/3281/3105 4477/3282/3105
f 2484/3279/3106 6238/3278/3106 4477/3282/3106 802/3283/3106
f 1161/3273/3107 3202/3272/3107 6239/3284/3107 4474/3280/3107
f 3202/3272/3108 317/2957/3108 2524/2959/3108 6239/3284/3108
f 6239/3284/3109 2524/2959/3109 822/2963/3109 4475/3285/3109
f 4474/3280/3110 6239/3284/3110 4475/3285/3110 1603/3281/3110
f 1603/3281/3111 4475/3285/3111 6240/3286/3111 4476/3287/3111
f 4475/3285/3112 822/2963/3112 2525/2971/3112 6240/3286/3112
f 6240/3286/3113 2525/2971/3113 318/2973/3113 3204/3288/3113
f 4476/3287/3114 6240/3286/3114 3204/3288/3114 1162/3289/3114
f 802/3283/3115 4477/3282/3115 6241/3290/3115 2485/3291/3115
f 4477/3282/3116 1603/3281/3116 4476/3287/3116 6241/3290/3116
f 6241/3290/3117 4476/3287/3117 1162/3289/3117 3205/3292/3117
f 2485/3291/3118 6241/3290/3118 3205/3292/3118 298/3293/3118
f 298/3293/3119 3205/3292/3119 6242/3294/3119 2486/3295/3119
f 3205/3292/3120 1162/3289/3120 4478/3296/3120 6242/3294/3120
f 6242/3294/3121 4478/3296/3121 1604/3297/3121 4481/3298/3121
f 2486/3295/3122 6242/3294/3122 4481/3298/3122 803/3299/3122
f 1162/3289/3123 3204/3288/3123 6243/3300/3123 4478/3296/3123
f 3204/3288/3124 318/2973/3124 2526/2975/3124 6243/3300/3124
f 6243/3300/3125 2526/2975/3125 823/2979/3125 4479/3301/3125
f 4478/3296/3126 6243/3300/3126 4479/3301/3126 1604/3297/3126
f 1604/3297/3127 4479/3301/3127 6244/3302/3127 4480/3303/3127
f 4479/3301/3128 823/2979/3128 2527/2987/3128 6244/3302/3128
f 6244/3302/3129 2527/2987/3129 319/2989/3129 3206/3304/3129
f 4480/3303/3130 6244/3302/3130 3206/3304/3130 1163/3305/3130
f 803/3299/3131 4481/3298/3131 6245/3306/3131 2487/3307/3131
f 4481/3298/3132 1604/3297/3132 4480/3303/3132 6245/3306/3132
f 6245/3306/3133 4480/3303/3133 1163/3305/3133 3207/3308/3133
f 2487/3307/3134 6245/3306/3134 3207/3308/3134 299/3309/3134
f 299/3309/3135 3207/3308/3135 6246/3310/3135 2488/3311/3135
f 3207/3308/3136 1163/3305/3136 4482/3312/3136 6246/3310/3136
f 6246/3310/3137 4482/3312/3137 1605/3313/3137 4485/3314/3137
f 2488/3311/3138 6246/3310/3138 4485/3314/3138 804/3315/3138
f 1163/3305/3139 3206/3304/3139 6247/3316/3139 4482/3312/3139
f 3206/3304/3140 319/2989/3140 2528/2991/3140 6247/3316/3140
f 6247/3316/3141 2528/2991/3141 824/2995/3141 4483/3317/3141
f 4482/3312/3142 6247/3316/3142 4483/3317/3142 1605/3313/3142
f 1605/3313/3143 4483/3317/3143 6248/3318/3143 4484/3319/3143
f 4483/3317/3144 824/2995/3144 2529/3003/3144 6248/3318/3144
f 6248/3318/3145 2529/3003/3145 320/3005/3145 3208/3320/3145
f 4484/3319/3146 6248/3318/3146 3208/3320/3146 1164/3321/3146
f 804/3315/3147 4485/3314/3147 6249/3322/3147 2489/3323/3147
f 4485/3314/3148 1605/3313/3148 4484/3319/3148 6249/3322/3148
f 6249/3322/3149 4484/3319/3149 1164/3321/3149 3209/3324/3149
f 2489/3323/3150 6249/3322/3150 3209/3324/3150 300/3325/3150
f 300/3325/3151 3209/3324/3151 6250/3326/3151 2490/3327/3151
f 3209/3324/3152 1164/3321/3152 4486/3328/3152 6250/3326/3152
f 6250/3326/3153 4486/3328/3153 1606/3329/3153 4489/3330/3153
f 2490/3327/3154 6250/3326/3154 4489/3330/3154 805/3331/3154
f 1164/3321/3155 3208/3320/3155 6251/3332/3155 4486/3328/3155
f 3208/3320/3156 320/3005/3156 2530/3007/3156 6251/3332/3156
f 6251/3332/3157 2530/3007/3157 825/3011/3157 4487/3333/3157
f 4486/3328/3158 6251/3332/3158 4487/3333/3158 1606/3329/3158
f 1606/3329/3159 4487/3333/3159 6252/3334/3159 4488/3335/3159
f 4487/3333/3160 825/3011/3160 2531/3019/3160 6252/3334/3160
f 6252/3334/3161 2531/3019/3161 321/3021/3161 3210/3336/3161
f 4488/3335/3162 6252/3334/3162 3210/3336/3162 1165/3337/3162
f 805/3331/3163 4489/3330/3163 6253/3338/3163 2491/3339/3163
f 4489/3330/3164 1606/3329/3164 4488/3335/3164 6253/3338/3164
f 6253/3338/3165 4488/3335/3165 1165/3337/3165 3211/3340/3165
f 2491/3339/3166 6253/3338/3166 3211/3340/3166 301/3341/3166
f 301/3341/3167 3211/3340/3167 6254/3342/3167 2492/3343/3167
f 3211/3340/3168 1165/3337/3168 4490/3344/3168 6254/3342/3168
f 6254/3342/3169 4490/3344/3169 1607/3345/3169 4493/3346/3169
f 2492/3343/3170 6254/3342/3170 4493/3346/3170 806/3347/3170
f 1165/3337/3171 3210/3336/3171 6255/3348/3171 4490/3344/3171
f 3210/3336/3172 321/3021/3172 2532/3023/3172 6255/3348/3172
f 6255/3348/3173 2532/3023/3173 826/3027/3173 4491/3349/3173
f 4490/3344/3174 6255/3348/3174 4491/3349/3174 1607/3345/3174
f 1607/3345/3175 4491/3349/3175 6256/3350/3175 4492/3351/3175
f 4491/3349/3176 826/3027/3176 2533/3035/3176 6256/3350/3176
f 6256/3350/3177 2533/3035/3177 322/3037/3177 3212/3352/3177
f 4492/3351/3178 6256/3350/3178 3212/3352/3178 1166/3353/3178
f 806/3347/3179 4493/3346/3179 6257/3354/3179 2493/3355/3179
f 4493/3346/3180 1607/3345/3180 4492/3351/3180 6257/3354/3180
f 6257/3354/3181 4492/3351/3181 1166/3353/3181 3213/3356/3181
f 2493/3355/3182 6257/3354/3182 3213/3356/3182 302/3357/3182
f 302/3357/3183 3213/3356/3183 6258/3358/3183 2494/3359/3183
f 3213/3356/3184 1166/3353/3184 4494/3360/3184 6258/3358/3184
f 6258/3358/3185 4494/3360/3185 1608/3361/3185 4497/3362/3185
f 2494/3359/3186 6258/3358/3186 4497/3362/3186 807/3363/3186
f 1166/3353/3187 3212/3352/3187 6259/3364/3187 4494/3360/3187
f 3212/3352/3188 322/3037/3188 2534/3039/3188 6259/3364/3188
f 6259/3364/3189 2534/3039/3189 827/3043/3189 4495/3365/3189
f 4494/3360/3190 6259/3364/3190 4495/3365/3190 1608/3361/3190
f 1608/3361/3191 4495/3365/3191 6260/3366/3191 4496/3367/3191
f 4495/3365/3192 827/3043/3192 2535/3051/3192 6260/3366/3192
f 6260/3366/3193 2535/3051/3193 323/3053/3193 3214/3368/3193
f 4496/3367/3194 6260/3366/3194 3214/3368/3194 1167/3369/3194
f 807/3363/3195 4497/3362/3195 6261/3370/3195 2495/3371/3195
f 4497/3362/3196 1608/3361/3196 4496/3367/3196 6261/3370/3196
f 6261/3370/3197 4496/3367/3197 1167/3369/3197 3215/3372/3197
f 2495/3371/3198 6261/3370/3198 3215/3372/3198 303/3373/3198
f 303/3373/3199 3215/3372/3199 6262/3374/3199 2496/3375/3199
f 3215/3372/3200 1167/3369/3200 4498/3376/3200 6262/3374/3200
f 6262/3374/3201 4498/3376/3201 1609/3377/3201 4501/3378/3201
f 2496/3375/3202 6262/3374/3202 4501/3378/3202 808/3379/3202
f 1167/3369/3203 3214/3368/3203 6263/3380/3203 4498/3376/3203
f 3214/3368/3204 323/3053/3204 2536/3055/3204 6263/3380/3204
f 6263/3380/3205 2536/3055/3205 828/3059/3205 4499/3381/3205
f 4498/3376/3206 6263/3380/3206 4499/3381/3206 1609/3377/3206
f 1609/3377/3207 4499/3381/3207 6264/3382/3207 4500/3383/3207
f 4499/3381/3208 828/3059/3208 2537/3065/3208 6264/3382/3208
f 6264/3382/3209 2537/3065/3209 324/259/3209 3216/257/3209
f 4500/3383/3210 6264/3382/3210 3216/257/3210 1168/253/3210
f 808/3379/3211 4501/3378/3211 6265/3384/3211 2497/3385/3211
f 4501/3378/3212 1609/3377/3212 4500/3383/3212 6265/3384/3212
f 6265/3384/3213 4500/3383/3213 1168/253/3213 3217/251/3213
f 2497/3385/3214 6265/3384/3214 3217/251/3214 304/239/3214
f 15/3386/3215 1879/3387/3215 6266/3388/3215 2418/3389/3215
f 1879/3387/3216 499/3390/3216 4502/3391/3216 6266/3388/3216
f 6266/3388/3217 4502/3391/3217 1610/3392/3217 4505/3393/3217
f 2418/3389/3218 6266/3388/3218 4505/3393/3218 769/3394/3218
f 499/3390/3219 1878/3395/3219 6267/3396/3219 4502/3391/3219
f 1878/3395/3220 14/3066/3220 2458/3069/3220 6267/3396/3220
f 6267/3396/3221 2458/3069/3221 789/3074/3221 4503/3397/3221
f 4502/3391/3222 6267/3396/3222 4503/3397/3222 1610/3392/3222
f 1610/3392/3223 4503/3397/3223 6268/3398/3223 4504/3399/3223
f 4503/3397/3224 789/3074/3224 2459/3083/3224 6268/3398/3224
f 6268/3398/3225 2459/3083/3225 285/3085/3225 3218/3400/3225
f 4504/3399/3226 6268/3398/3226 3218/3400/3226 1169/3401/3226
f 769/3394/3227 4505/3393/3227 6269/3402/3227 2419/3403/3227
f 4505/3393/3228 1610/3392/3228 4504/3399/3228 6269/3402/3228
f 6269/3402/3229 4504/3399/3229 1169/3401/3229 3219/3404/3229
f 2419/3403/3230 6269/3402/3230 3219/3404/3230 265/3405/3230
f 265/3405/3231 3219/3404/3231 6270/3406/3231 2420/3407/3231
f 3219/3404/3232 1169/3401/3232 4506/3408/3232 6270/3406/3232
f 6270/3406/3233 4506/3408/3233 1611/3409/3233 4509/3410/3233
f 2420/3407/3234 6270/3406/3234 4509/3410/3234 770/3411/3234
f 1169/3401/3235 3218/3400/3235 6271/3412/3235 4506/3408/3235
f 3218/3400/3236 285/3085/3236 2460/3087/3236 6271/3412/3236
f 6271/3412/3237 2460/3087/3237 790/3091/3237 4507/3413/3237
f 4506/3408/3238 6271/3412/3238 4507/3413/3238 1611/3409/3238
f 1611/3409/3239 4507/3413/3239 6272/3414/3239 4508/3415/3239
f 4507/3413/3240 790/3091/3240 2461/3099/3240 6272/3414/3240
f 6272/3414/3241 2461/3099/3241 286/3101/3241 3220/3416/3241
f 4508/3415/3242 6272/3414/3242 3220/3416/3242 1170/3417/3242
f 770/3411/3243 4509/3410/3243 6273/3418/3243 2421/3419/3243
f 4509/3410/3244 1611/3409/3244 4508/3415/3244 6273/3418/3244
f 6273/3418/3245 4508/3415/3245 1170/3417/3245 3221/3420/3245
f 2421/3419/3246 6273/3418/3246 3221/3420/3246 266/3421/3246
f 266/3421/3247 3221/3420/3247 6274/3422/3247 2422/3423/3247
f 3221/3420/3248 1170/3417/3248 4510/3424/3248 6274/3422/3248
f 6274/3422/3249 4510/3424/3249 1612/3425/3249 4513/3426/3249
f 2422/3423/3250 6274/3422/3250 4513/3426/3250 771/3427/3250
f 1170/3417/3251 3220/3416/3251 6275/3428/3251 4510/3424/3251
f 3220/3416/3252 286/3101/3252 2462/3103/3252 6275/3428/3252
f 6275/3428/3253 2462/3103/3253 791/3107/3253 4511/3429/3253
f 4510/3424/3254 6275/3428/3254 4511/3429/3254 1612/3425/3254
f 1612/3425/3255 4511/3429/3255 6276/3430/3255 4512/3431/3255
f 4511/3429/3256 791/3107/3256 2463/3115/3256 6276/3430/3256
f 6276/3430/3257 2463/3115/3257 287/3117/3257 3222/3432/3257
f 4512/3431/3258 6276/3430/3258 3222/3432/3258 1171/3433/3258
f 771/3427/3259 4513/3426/3259 6277/3434/3259 2423/3435/3259
f 4513/3426/3260 1612/3425/3260 4512/3431/3260 6277/3434/3260
f 6277/3434/3261 4512/3431/3261 1171/3433/3261 3223/3436/3261
f 2423/3435/3262 6277/3434/3262 3223/3436/3262 267/3437/3262
f 267/3437/3263 3223/3436/3263 6278/3438/3263 2424/3439/3263
f 3223/3436/3264 1171/3433/3264 4514/3440/3264 6278/3438/3264
f 6278/3438/3265 4514/3440/3265 1613/3441/3265 4517/3442/3265
f 2424/3439/3266 6278/3438/3266 4517/3442/3266 772/3443/3266
f 1171/3433/3267 3222/3432/3267 6279/3444/3267 4514/3440/3267
f 3222/3432/3268 287/3117/3268 2464/3119/3268 6279/3444/3268
f 6279/3444/3269 2464/3119/3269 792/3123/3269 4515/3445/3269
f 4514/3440/3270 6279/3444/3270 4515/3445/3270 1613/3441/3270
f 1613/3441/3271 4515/3445/3271 6280/3446/3271 4516/3447/3271
f 4515/3445/3272 792/3123/3272 2465/3131/3272 6280/3446/3272
f 6280/3446/3273 2465/3131/3273 288/3133/3273 3224/3448/3273
f 4516/3447/3274 6280/3446/3274 3224/3448/3274 1172/3449/3274
f 772/3443/3275 4517/3442/3275 6281/3450/3275 2425/3451/3275
f 4517/3442/3276 1613/3441/3276 4516/3447/3276 6281/3450/3276
f 6281/3450/3277 4516/3447/3277 1172/3449/3277 3225/3452/3277
f 2425/3451/3278 6281/3450/3278 3225/3452/3278 268/3453/3278
f 268/3453/3279 3225/3452/3279 6282/3454/3279 2426/3455/3279
f 3225/3452/3280 1172/3449/3280 4518/3456/3280 6282/3454/3280
f 6282/3454/3281 4518/3456/3281 1614/3457/3281 4521/3458/3281
f 2426/3455/3282 6282/3454/3282 4521/3458/3282 773/3459/3282
f 1172/3449/3283 3224/3448/3283 6283/3460/3283 4518/3456/3283
f 3224/3448/3284 288/3133/3284 2466/3135/3284 6283/3460/3284
f 6283/3460/3285 2466/3135/3285 793/3139/3285 4519/3461/3285
f 4518/3456/3286 6283/3460/3286 4519/3461/3286 1614/3457/3286
f 1614/3457/3287 4519/3461/3287 6284/3462/3287 4520/3463/3287
f 4519/3461/3288 793/3139/3288 2467/3147/3288 6284/3462/3288
f 6284/3462/3289 2467/3147/3289 289/3149/3289 3226/3464/3289
f 4520/3463/3290 6284/3462/3290 3226/3464/3290 1173/3465/3290
f 773/3459/3291 4521/3458/3291 6285/3466/3291 2427/3467/3291
f 4521/3458/3292 1614/3457/3292 4520/3463/3292 6285/3466/3292
f 6285/3466/3293 4520/3463/3293 1173/3465/3293 3227/3468/3293
f 2427/3467/3294 6285/3466/3294 3227/3468/3294 269/3469/3294
f 269/3469/3295 3227/3468/3295 6286/3470/3295 2428/3471/3295
f 3227/3468/3296 1173/3465/3296 4522/3472/3296 6286/3470/3296
f 6286/3470/3297 4522/3472/3297 1615/3473/3297 4525/3474/3297
f 2428/3471/3298 6286/3470/3298 4525/3474/3298 774/3475/3298
f 1173/3465/3299 3226/3464/3299 6287/3476/3299 4522/3472/3299
f 3226/3464/3300 289/3149/3300 2468/3151/3300 6287/3476/3300
f 6287/3476/3301 2468/3151/3301 794/3155/3301 4523/3477/3301
f 4522/3472/3302 6287/3476/3302 4523/3477/3302 1615/3473/3302
f 1615/3473/3303 4523/3477/3303 6288/3478/3303 4524/3479/3303
f 4523/3477/3304 794/3155/3304 2469/3163/3304 6288/3478/3304
f 6288/3478/3305 2469/3163/3305 290/3165/3305 3228/3480/3305
f 4524/3479/3306 6288/3478/3306 3228/3480/3306 1174/3481/3306
f 774/3475/3307 4525/3474/3307 6289/3482/3307 2429/3483/3307
f 4525/3474/3308 1615/3473/3308 4524/3479/3308 6289/3482/3308
f 6289/3482/3309 4524/3479/3309 1174/3481/3309 3229/3484/3309
f 2429/3483/3310 6289/3482/3310 3229/3484/3310 270/3485/3310
f 270/3485/3311 3229/3484/3311 6290/3486/3311 2430/3487/3311
f 3229/3484/3312 1174/3481/3312 4526/3488/3312 6290/3486/3312
f 6290/3486/3313 4526/3488/3313 1616/3489/3313 4529/3490/3313
f 2430/3487/3314 6290/3486/3314 4529/3490/3314 775/3491/3314
f 1174/3481/3315 3228/3480/3315 6291/3492/3315 4526/3488/3315
f 3228/3480/3316 290/3165/3316 2470/3167/3316 6291/3492/3316
f 6291/3492/3317 2470/3167/3317 795/3171/3317 4527/3493/3317
f 4526/3488/3318 6291/3492/3318 4527/3493/3318 1616/3489/3318
f 1616/3489/3319 4527/3493/3319 6292/3494/3319 4528/3495/3319
f 4527/3493/3320 795/3171/3320 2471/3179/3320 6292/3494/3320
f 6292/3494/3321 2471/3179/3321 291/3181/3321 3230/3496/3321
f 4528/3495/3322 6292/3494/3322 3230/3496/3322 1175/3497/3322
f 775/3491/3323 4529/3490/3323 6293/3498/3323 2431/3499/3323
f 4529/3490/3324 1616/3489/3324 4528/3495/3324 6293/3498/3324
f 6293/3498/3325 4528/3495/3325 1175/3497/3325 3231/3500/3325
f 2431/3499/3326 6293/3498/3326 3231/3500/3326 271/3501/3326
f 271/3501/3327 3231/3500/3327 6294/3502/3327 2432/3503/3327
f 3231/3500/3328 1175/3497/3328 4530/3504/3328 6294/3502/3328
f 6294/3502/3329 4530/3504/3329 1617/3505/3329 4533/3506/3329
f 2432/3503/3330 6294/3502/3330 4533/3506/3330 776/3507/3330
f 1175/3497/3331 3230/3496/3331 6295/3508/3331 4530/3504/3331
f 3230/3496/3332 291/3181/3332 2472/3183/3332 6295/3508/3332
f 6295/3508/3333 2472/3183/3333 796/3187/3333 4531/3509/3333
f 4530/3504/3334 6295/3508/3334 4531/3509/3334 1617/3505/3334
f 1617/3505/3335 4531/3509/3335 6296/3510/3335 4532/3511/3335
f 4531/3509/3336 796/3187/3336 2473/3195/3336 6296/3510/3336
f 6296/3510/3337 2473/3195/3337 292/3197/3337 3232/3512/3337
f 4532/3511/3338 6296/3510/3338 3232/3512/3338 1176/3513/3338
f 776/3507/3339 4533/3506/3339 6297/3514/3339 2433/3515/3339
f 4533/3506/3340 1617/3505/3340 4532/3511/3340 6297/3514/3340
f 6297/3514/3341 4532/3511/3341 1176/3513/3341 3233/3516/3341
f 2433/3515/3342 6297/3514/3342 3233/3516/3342 272/3517/3342
f 272/3517/3343 3233/3516/3343 6298/3518/3343 2434/3519/3343
f 3233/3516/3344 1176/3513/3344 4534/3520/3344 6298/3518/3344
f 6298/3518/3345 4534/3520/3345 1618/3521/3345 4537/3522/3345
f 2434/3519/3346 6298/3518/3346 4537/3522/3346 777/3523/3346
f 1176/3513/3347 3232/3512/3347 6299/3524/3347 4534/3520/3347
f 3232/3512/3348 292/3197/3348 2474/3199/3348 6299/3524/3348
f 6299/3524/3349 2474/3199/3349 797/3203/3349 4535/3525/3349
f 4534/3520/3350 6299/3524/3350 4535/3525/3350 1618/3521/3350
f 1618/3521/3351 4535/3525/3351 6300/3526/3351 4536/3527/3351
f 4535/3525/3352 797/3203/3352 2475/3211/3352 6300/3526/3352
f 6300/3526/3353 2475/3211/3353 293/3213/3353 3234/3528/3353
f 4536/3527/3354 6300/3526/3354 3234/3528/3354 1177/3529/3354
f 777/3523/3355 4537/3522/3355 6301/3530/3355 2435/3531/3355
f 4537/3522/3356 1618/3521/3356 4536/3527/3356 6301/3530/3356
f 6301/3530/3357 4536/3527/3357 1177/3529/3357 3235/3532/3357
f 2435/3531/3358 6301/3530/3358 3235/3532/3358 273/3533/3358
f 273/3533/3359 3235/3532/3359 6302/3534/3359 2436/3535/3359
f 3235/3532/3360 1177/3529/3360 4538/3536/3360 6302/3534/3360
f 6302/3534/3361 4538/3536/3361 1619/3537/3361 4541/3538/3361
f 2436/3535/3362 6302/3534/3362 4541/3538/3362 778/3539/3362
f 1177/3529/3363 3234/3528/3363 6303/3540/3363 4538/3536/3363
f 3234/3528/3364 293/3213/3364 2476/3215/3364 6303/3540/3364
f 6303/3540/3365 2476/3215/3365 798/3219/3365 4539/3541/3365
f 4538/3536/3366 6303/3540/3366 4539/3541/3366 1619/3537/3366
f 1619/3537/3367 4539/3541/3367 6304/3542/3367 4540/3543/3367
f 4539/3541/3368 798/3219/3368 2477/3227/3368 6304/3542/3368
f 6304/3542/3369 2477/3227/3369 294/3229/3369 3236/3544/3369
f 4540/3543/3370 6304/3542/3370 3236/3544/3370 1178/3545/3370
f 778/3539/3371 4541/3538/3371 6305/3546/3371 2437/3547/3371
f 4541/3538/3372 1619/3537/3372 4540/3543/3372 6305/3546/3372
f 6305/3546/3373 4540/3543/3373 1178/3545/3373 3237/3548/3373
f 2437/3547/3374 6305/3546/3374 3237/3548/3374 274/3549/3374
f 274/3549/3375 3237/3548/3375 6306/3550/3375 2438/3551/3375
f 3237/3548/3376 1178/3545/3376 4542/3552/3376 6306/3550/3376
f 6306/3550/3377 4542/3552/3377 1620/3553/3377 4545/3554/3377
f 2438/3551/3378 6306/3550/3378 4545/3554/3378 779/3555/3378
f 1178/3545/3379 3236/3544/3379 6307/3556/3379 4542/3552/3379
f 3236/3544/3380 294/3229/3380 2478/3231/3380 6307/3556/3380
f 6307/3556/3381 2478/3231/3381 799/3235/3381 4543/3557/3381
f 4542/3552/3382 6307/3556/3382 4543/3557/3382 1620/3553/3382
f 1620/3553/3383 4543/3557/3383 6308/3558/3383 4544/3559/3383
f 4543/3557/3384 799/3235/3384 2479/3243/3384 6308/3558/3384
f 6308/3558/3385 2479/3243/3385 295/3245/3385 3238/3560/3385
f 4544/3559/3386 6308/3558/3386 3238/3560/3386 1179/3561/3386
f 779/3555/3387 4545/3554/3387 6309/3562/3387 2439/3563/3387
f 4545/3554/3388 1620/3553/3388 4544/3559/3388 6309/3562/3388
f 6309/3562/3389 4544/3559/3389 1179/3561/3389 3239/3564/3389
f 2439/3563/3390 6309/3562/3390 3239/3564/3390 275/3565/3390
f 275/3565/3391 3239/3564/3391 6310/3566/3391 2440/3567/3391
f 3239/3564/3392 1179/3561/3392 4546/3568/3392 6310/3566/3392
f 6310/3566/3393 4546/3568/3393 1621/3569/3393 4549/3570/3393
f 2440/3567/3394 6310/3566/3394 4549/3570/3394 780/3571/3394
f 1179/3561/3395 3238/3560/3395 6311/3572/3395 4546/3568/3395
f 3238/3560/3396 295/3245/3396 2480/3247/3396 6311/3572/3396
f 6311/3572/3397 2480/3247/3397 800/3251/3397 4547/3573/3397
f 4546/3568/3398 6311/3572/3398 4547/3573/3398 1621/3569/3398
f 1621/3569/3399 4547/3573/3399 6312/3574/3399 4548/3575/3399
f 4547/3573/3400 800/3251/3400 2481/3259/3400 6312/3574/3400
f 6312/3574/3401 2481/3259/3401 296/3261/3401 3240/3576/3401
f 4548/3575/3402 6312/3574/3402 3240/3576/3402 1180/3577/3402
f 780/3571/3403 4549/3570/3403 6313/3578/3403 2441/3579/3403
f 4549/3570/3404 1621/3569/3404 4548/3575/3404 6313/3578/3404
f 6313/3578/3405 4548/3575/3405 1180/3577/3405 3241/3580/3405
f 2441/3579/3406 6313/3578/3406 3241/3580/3406 276/3581/3406
f 276/3581/3407 3241/3580/3407 6314/3582/3407 2442/3583/3407
f 3241/3580/3408 1180/3577/3408 4550/3584/3408 6314/3582/3408
f 6314/3582/3409 4550/3584/3409 1622/3585/3409 4553/3586/3409
f 2442/3583/3410 6314/3582/3410 4553/3586/3410 781/3587/3410
f 1180/3577/3411 3240/3576/3411 6315/3588/3411 4550/3584/3411
f 3240/3576/3412 296/3261/3412 2482/3263/3412 6315/3588/3412
f 6315/3588/3413 2482/3263/3413 801/3267/3413 4551/3589/3413
f 4550/3584/3414 6315/3588/3414 4551/3589/3414 1622/3585/3414
f 1622/3585/3415 4551/3589/3415 6316/3590/3415 4552/3591/3415
f 4551/3589/3416 801/3267/3416 2483/3275/3416 6316/3590/3416
f 6316/3590/3417 2483/3275/3417 297/3277/3417 3242/3592/3417
f 4552/3591/3418 6316/3590/3418 3242/3592/3418 1181/3593/3418
f 781/3587/3419 4553/3586/3419 6317/3594/3419 2443/3595/3419
f 4553/3586/3420 1622/3585/3420 4552/3591/3420 6317/3594/3420
f 6317/3594/3421 4552/3591/3421 1181/3593/3421 3243/3596/3421
f 2443/3595/3422 6317/3594/3422 3243/3596/3422 277/3597/3422
f 277/3597/3423 3243/3596/3423 6318/3598/3423 2444/3599/3423
f 3243/3596/3424 1181/3593/3424 4554/3600/3424 6318/3598/3424
f 6318/3598/3425 4554/3600/3425 1623/3601/3425 4557/3602/3425
f 2444/3599/3426 6318/3598/3426 4557/3602/3426 782/3603/3426
f 1181/3593/3427 3242/3592/3427 6319/3604/3427 4554/3600/3427
f 3242/3592/3428 297/3277/3428 2484/3279/3428 6319/3604/3428
f 6319/3604/3429 2484/3279/3429 802/3283/3429 4555/3605/3429
f 4554/3600/3430 6319/3604/3430 4555/3605/3430 1623/3601/3430
f 1623/3601/3431 4555/3605/3431 6320/3606/3431 4556/3607/3431
f 4555/3605/3432 802/3283/3432 2485/3291/3432 6320/3606/3432
f 6320/3606/3433 2485/3291/3433 298/3293/3433 3244/3608/3433
f 4556/3607/3434 6320/3606/3434 3244/3608/3434 1182/3609/3434
f 782/3603/3435 4557/3602/3435 6321/3610/3435 2445/3611/3435
f 4557/3602/3436 1623/3601/3436 4556/3607/3436 6321/3610/3436
f 6321/3610/3437 4556/3607/3437 1182/3609/3437 3245/3612/3437
f 2445/3611/3438 6321/3610/3438 3245/3612/3438 278/3613/3438
f 278/3613/3439 3245/3612/3439 6322/3614/3439 2446/3615/3439
f 3245/3612/3440 1182/3609/3440 4558/3616/3440 6322/3614/3440
f 6322/3614/3441 4558/3616/3441 1624/3617/3441 4561/3618/3441
f 2446/3615/3442 6322/3614/3442 4561/3618/3442 783/3619/3442
f 1182/3609/3443 3244/3608/3443 6323/3620/3443 4558/3616/3443
f 3244/3608/3444 298/3293/3444 2486/3295/3444 6323/3620/3444
f 6323/3620/3445 2486/3295/3445 803/3299/3445 4559/3621/3445
f 4558/3616/3446 6323/3620/3446 4559/3621/3446 1624/3617/3446
f 1624/3617/3447 4559/3621/3447 6324/3622/3447 4560/3623/3447
f 4559/3621/3448 803/3299/3448 2487/3307/3448 6324/3622/3448
f 6324/3622/3449 2487/3307/3449 299/3309/3449 3246/3624/3449
f 4560/3623/3450 6324/3622/3450 3246/3624/3450 1183/3625/3450
f 783/3619/3451 4561/3618/3451 6325/3626/3451 2447/3627/3451
f 4561/3618/3452 1624/3617/3452 4560/3623/3452 6325/3626/3452
f 6325/3626/3453 4560/3623/3453 1183/3625/3453 3247/3628/3453
f 2447/3627/3454 6325/3626/3454 3247/3628/3454 279/3629/3454
f 279/3629/3455 3247/3628/3455 6326/3630/3455 2448/3631/3455
f 3247/3628/3456 1183/3625/3456 4562/3632/3456 6326/3630/3456
f 6326/3630/3457 4562/3632/3457 1625/3633/3457 4565/3634/3457
f 2448/3631/3458 6326/3630/3458 4565/3634/3458 784/3635/3458
f 1183/3625/3459 3246/3624/3459 6327/3636/3459 4562/3632/3459
f 3246/3624/3460 299/3309/3460 2488/3311/3460 6327/3636/3460
f 6327/3636/3461 2488/3311/3461 804/3315/3461 4563/3637/3461
f 4562/3632/3462 6327/3636/3462 4563/3637/3462 1625/3633/3462
f 1625/3633/3463 4563/3637/3463 6328/3638/3463 4564/3639/3463
f 4563/3637/3464 804/3315/3464 2489/3323/3464 6328/3638/3464
f 6328/3638/3465 2489/3323/3465 300/3325/3465 3248/3640/3465
f 4564/3639/3466 6328/3638/3466 3248/3640/3466 1184/3641/3466
f 784/3635/3467 4565/3634/3467 6329/3642/3467 2449/3643/3467
f 4565/3634/3468 1625/3633/3468 4564/3639/3468 6329/3642/3468
f 6329/3642/3469 4564/3639/3469 1184/3641/3469 3249/3644/3469
f 2449/3643/3470 6329/3642/3470 3249/3644/3470 280/3645/3470
f 280/3645/3471 3249/3644/3471 6330/3646/3471 2450/3647/3471
f 3249/3644/3472 1184/3641/3472 4566/3648/3472 6330/3646/3472
f 6330/3646/3473 4566/3648/3473 1626/3649/3473 4569/3650/3473
f 2450/3647/3474 6330/3646/3474 4569/3650/3474 785/3651/3474
f 1184/3641/3475 3248/3640/3475 6331/3652/3475 4566/3648/3475
f 3248/3640/3476 300/3325/3476 2490/3327/3476 6331/3652/3476
f 6331/3652/3477 2490/3327/3477 805/3331/3477 4567/3653/3477
f 4566/3648/3478 6331/3652/3478 4567/3653/3478 1626/3649/3478
f 1626/3649/3479 4567/3653/3479 6332/3654/3479 4568/3655/3479
f 4567/3653/3480 805/3331/3480 2491/3339/3480 6332/3654/3480
f 6332/3654/3481 2491/3339/3481 301/3341/3481 3250/3656/3481
f 4568/3655/3482 6332/3654/3482 3250/3656/3482 1185/3657/3482
f 785/3651/3483 4569/3650/3483 6333/3658/3483 2451/3659/3483
f 4569/3650/3484 1626/3649/3484 4568/3655/3484 6333/3658/3484
f 6333/3658/3485 4568/3655/3485 1185/3657/3485 3251/3660/3485
f 2451/3659/3486 6333/3658/3486 3251/3660/3486 281/3661/3486
f 281/3661/3487 3251/3660/3487 6334/3662/3487 2452/3663/3487
f 3251/3660/3488 1185/3657/3488 4570/3664/3488 6334/3662/3488
f 6334/3662/3489 4570/3664/3489 1627/3665/3489 4573/3666/3489
f 2452/3663/3490 6334/3662/3490 4573/3666/3490 786/3667/3490
f 1185/3657/3491 3250/3656/3491 6335/3668/3491 4570/3664/3491
f 3250/3656/3492 301/3341/3492 2492/3343/3492 6335/3668/3492
f 6335/3668/3493 2492/3343/3493 806/3347/3493 4571/3669/3493
f 4570/3664/3494 6335/3668/3494 4571/3669/3494 1627/3665/3494
f 1627/3665/3495 4571/3669/3495 6336/3670/3495 4572/3671/3495
f 4571/3669/3496 806/3347/3496 2493/3355/3496 6336/3670/3496
f 6336/3670/3497 2493/3355/3497 302/3357/3497 3252/3672/3497
f 4572/3671/3498 6336/3670/3498 3252/3672/3498 1186/3673/3498
f 786/3667/3499 4573/3666/3499 6337/3674/3499 2453/3675/3499
f 4573/3666/3500 1627/3665/3500 4572/3671/3500 6337/3674/3500
f 6337/3674/3501 4572/3671/3501 1186/3673/3501 3253/3676/3501
f 2453/3675/3502 6337/3674/3502 3253/3676/3502 282/3677/3502
f 282/3677/3503 3253/3676/3503 6338/3678/3503 2454/3679/3503
f 3253/3676/3504 1186/3673/3504 4574/3680/3504 6338/3678/3504
f 6338/3678/3505 4574/3680/3505 1628/3681/3505 4577/3682/3505
f 2454/3679/3506 6338/3678/3506 4577/3682/3506 787/3683/3506
f 1186/3673/3507 3252/3672/3507 6339/3684/3507 4574/3680/3507
f 3252/3672/3508 302/3357/3508 2494/3359/3508 6339/3684/3508
f 6339/3684/3509 2494/3359/3509 807/3363/3509 4575/3685/3509
f 4574/3680/3510 6339/3684/3510 4575/3685/3510 1628/3681/3510
f 1628/3681/3511 4575/3685/3511 6340/3686/3511 4576/3687/3511
f 4575/3685/3512 807/3363/3512 2495/3371/3512 6340/3686/3512
f 6340/3686/3513 2495/3371/3513 303/3373/3513 3254/3688/3513
f 4576/3687/3514 6340/3686/3514 3254/3688/3514 1187/3689/3514
f 787/3683/3515 4577/3682/3515 6341/3690/3515 2455/3691/3515
f 4577/3682/3516 1628/3681/3516 4576/3687/3516 6341/3690/3516
f 6341/3690/3517 4576/3687/3517 1187/3689/3517 3255/3692/3517
f 2455/3691/3518 6341/3690/3518 3255/3692/3518 283/3693/3518
f 283/3693/3519 3255/3692/3519 6342/3694/3519 2456/3695/3519
f 3255/3692/3520 1187/3689/3520 4578/3696/3520 6342/3694/3520
f 6342/3694/3521 4578/3696/3521 1629/3697/3521 4581/3698/3521
f 2456/3695/3522 6342/3694/3522 4581/3698/3522 788/3699/3522
f 1187/3689/3523 3254/3688/3523 6343/3700/3523 4578/3696/3523
f 3254/3688/3524 303/3373/3524 2496/3375/3524 6343/3700/3524
f 6343/3700/3525 2496/3375/3525 808/3379/3525 4579/3701/3525
f 4578/3696/3526 6343/3700/3526 4579/3701/3526 1629/3697/3526
f 1629/3697/3527 4579/3701/3527 6344/3702/3527 4580/3703/3527
f 4579/3701/3528 808/3379/3528 2497/3385/3528 6344/3702/3528
f 6344/3702/3529 2497/3385/3529 304/239/3529 3256/237/3529
f 4580/3703/3530 6344/3702/3530 3256/237/3530 1188/233/3530
f 788/3699/3531 4581/3698/3531 6345/3704/3531 2457/3705/3531
f 4581/3698/3532 1629/3697/3532 4580/3703/3532 6345/3704/3532
f 6345/3704/3533 4580/3703/3533 1188/233/3533 3257/231/3533
f 2457/3705/3534 6345/3704/3534 3257/231/3534 284/219/3534
f 16/3706/3535 1881/3707/3535 6346/3708/3535 2378/3709/3535
f 1881/3707/3536 500/3710/3536 4582/3711/3536 6346/3708/3536
f 6346/3708/3537 4582/3711/3537 1630/3712/3537 4585/3713/3537
f 2378/3709/3538 6346/3708/3538 4585/3713/3538 749/3714/3538
f 500/3710/3539 1880/3715/3539 6347/3716/3539 4582/3711/3539
f 1880/3715/3540 15/3386/3540 2418/3389/3540 6347/3716/3540
f 6347/3716/3541 2418/3389/3541 769/3394/3541 4583/3717/3541
f 4582/3711/3542 6347/3716/3542 4583/3717/3542 1630/3712/3542
f 1630/3712/3543 4583/3717/3543 6348/3718/3543 4584/3719/3543
f 4583/3717/3544 769/3394/3544 2419/3403/3544 6348/3718/3544
f 6348/3718/3545 2419/3403/3545 265/3405/3545 3258/3720/3545
f 4584/3719/3546 6348/3718/3546 3258/3720/3546 1189/3721/3546
f 749/3714/3547 4585/3713/3547 6349/3722/3547 2379/3723/3547
f 4585/3713/3548 1630/3712/3548 4584/3719/3548 6349/3722/3548
f 6349/3722/3549 4584/3719/3549 1189/3721/3549 3259/3724/3549
f 2379/3723/3550 6349/3722/3550 3259/3724/3550 245/3725/3550
f 245/3725/3551 3259/3724/3551 6350/3726/3551 2380/3727/3551
f 3259/3724/3552 1189/3721/3552 4586/3728/3552 6350/3726/3552
f 6350/3726/3553 4586/3728/3553 1631/3729/3553 4589/3730/3553
f 2380/3727/3554 6350/3726/3554 4589/3730/3554 750/3731/3554
f 1189/3721/3555 3258/3720/3555 6351/3732/3555 4586/3728/3555
f 3258/3720/3556 265/3405/3556 2420/3407/3556 6351/3732/3556
f 6351/3732/3557 2420/3407/3557 770/3411/3557 4587/3733/3557
f 4586/3728/3558 6351/3732/3558 4587/3733/3558 1631/3729/3558
f 1631/3729/3559 4587/3733/3559 6352/3734/3559 4588/3735/3559
f 4587/3733/3560 770/3411/3560 2421/3419/3560 6352/3734/3560
f 6352/3734/3561 2421/3419/3561 266/3421/3561 3260/3736/3561
f 4588/3735/3562 6352/3734/3562 3260/3736/3562 1190/3737/3562
f 750/3731/3563 4589/3730/3563 6353/3738/3563 2381/3739/3563
f 4589/3730/3564 1631/3729/3564 4588/3735/3564 6353/3738/3564
f 6353/3738/3565 4588/3735/3565 1190/3737/3565 3261/3740/3565
f 2381/3739/3566 6353/3738/3566 3261/3740/3566 246/3741/3566
f 246/3741/3567 3261/3740/3567 6354/3742/3567 2382/3743/3567
f 3261/3740/3568 1190/3737/3568 4590/3744/3568 6354/3742/3568
f 6354/3742/3569 4590/3744/3569 1632/3745/3569 4593/3746/3569
f 2382/3743/3570 6354/3742/3570 4593/3746/3570 751/3747/3570
f 1190/3737/3571 3260/3736/3571 6355/3748/3571 4590/3744/3571
f 3260/3736/3572 266/3421/3572 2422/3423/3572 6355/3748/3572
f 6355/3748/3573 2422/3423/3573 771/3427/3573 4591/3749/3573
f 4590/3744/3574 6355/3748/3574 4591/3749/3574 1632/3745/3574
f 1632/3745/3575 4591/3749/3575 6356/3750/3575 4592/3751/3575
f 4591/3749/3576 771/3427/3576 2423/3435/3576 6356/3750/3576
f 6356/3750/3577 2423/3435/3577 267/3437/3577 3262/3752/3577
f 4592/3751/3578 6356/3750/3578 3262/3752/3578 1191/3753/3578
f 751/3747/3579 4593/3746/3579 6357/3754/3579 2383/3755/3579
f 4593/3746/3580 1632/3745/3580 4592/3751/3580 6357/3754/3580
f 6357/3754/3581 4592/3751/3581 1191/3753/3581 3263/3756/3581
f 2383/3755/3582 6357/3754/3582 3263/3756/3582 247/3757/3582
f 247/3757/3583 3263/3756/3583 6358/3758/3583 2384/3759/3583
f 3263/3756/3584 1191/3753/3584 4594/3760/3584 6358/3758/3584
f 6358/3758/3585 4594/3760/3585 1633/3761/3585 4597/3762/3585
f 2384/3759/3586 6358/3758/3586 4597/3762/3586 752/3763/3586
f 1191/3753/3587 3262/3752/3587 6359/3764/3587 4594/3760/3587
f 3262/3752/3588 267/3437/3588 2424/3439/3588 6359/3764/3588
f 6359/3764/3589 2424/3439/3589 772/3443/3589 4595/3765/3589
f 4594/3760/3590 6359/3764/3590 4595/3765/3590 1633/3761/3590
f 1633/3761/3591 4595/3765/3591 6360/3766/3591 4596/3767/3591
f 4595/3765/3592 772/3443/3592 2425/3451/3592 6360/3766/3592
f 6360/3766/3593 2425/3451/3593 268/3453/3593 3264/3768/3593
f 4596/3767/3594 6360/3766/3594 3264/3768/3594 1192/3769/3594
f 752/3763/3595 4597/3762/3595 6361/3770/3595 2385/3771/3595
f 4597/3762/3596 1633/3761/3596 4596/3767/3596 6361/3770/3596
f 6361/3770/3597 4596/3767/3597 1192/3769/3597 3265/3772/3597
f 2385/3771/3598 6361/3770/3598 3265/3772/3598 248/3773/3598
f 248/3773/3599 3265/3772/3599 6362/3774/3599 2386/3775/3599
f 3265/3772/3600 1192/3769/3600 4598/3776/3600 6362/3774/3600
f 6362/3774/3601 4598/3776/3601 1634/3777/3601 4601/3778/3601
f 2386/3775/3602 6362/3774/3602 4601/3778/3602 753/3779/3602
f 1192/3769/3603 3264/3768/3603 6363/3780/3603 4598/3776/3603
f 3264/3768/3604 268/3453/3604 2426/3455/3604 6363/3780/3604
f 6363/3780/3605 2426/3455/3605 773/3459/3605 4599/3781/3605
f 4598/3776/3606 6363/3780/3606 4599/3781/3606 1634/3777/3606
f 1634/3777/3607 4599/3781/3607 6364/3782/3607 4600/3783/3607
f 4599/3781/3608 773/3459/3608 2427/3467/3608 6364/3782/3608
f 6364/3782/3609 2427/3467/3609 269/3469/3609 3266/3784/3609
f 4600/3783/3610 6364/3782/3610 3266/3784/3610 1193/3785/3610
f 753/3779/3611 4601/3778/3611 6365/3786/3611 2387/3787/3611
f 4601/3778/3612 1634/3777/3612 4600/3783/3612 6365/3786/3612
f 6365/3786/3613 4600/3783/3613 1193/3785/3613 3267/3788/3613
f 2387/3787/3614 6365/3786/3614 3267/3788/3614 249/3789/3614
f 249/3789/3615 3267/3788/3615 6366/3790/3615 2388/3791/3615
f 3267/3788/3616 1193/3785/3616 4602/3792/3616 6366/3790/3616
f 6366/3790/3617 4602/3792/3617 1635/3793/3617 4605/3794/3617
f 2388/3791/3618 6366/3790/3618 4605/3794/3618 754/3795/3618
f 1193/3785/3619 3266/3784/3619 6367/3796/3619 4602/3792/3619
f 3266/3784/3620 269/3469/3620 2428/3471/3620 6367/3796/3620
f 6367/3796/3621 2428/3471/3621 774/3475/3621 4603/3797/3621
f 4602/3792/3622 6367/3796/3622 4603/3797/3622 1635/3793/3622
f 1635/3793/3623 4603/3797/3623 6368/3798/3623 4604/3799/3623
f 4603/3797/3624 774/3475/3624 2429/3483/3624 6368/3798/3624
f 6368/3798/3625 2429/3483/3625 270/3485/3625 3268/3800/3625
f 4604/3799/3626 6368/3798/3626 3268/3800/3626 1194/3801/3626
f 754/3795/3627 4605/3794/3627 6369/3802/3627 2389/3803/3627
f 4605/3794/3628 1635/3793/3628 4604/3799/3628 6369/3802/3628
f 6369/3802/3629 4604/3799/3629 1194/3801/3629 3269/3804/3629
f 2389/3803/3630 6369/3802/3630 3269/3804/3630 250/3805/3630
f 250/3805/3631 3269/3804/3631 6370/3806/3631 2390/3807/3631
f 3269/3804/3632 1194/3801/3632 4606/3808/3632 6370/3806/3632
f 6370/3806/3633 4606/3808/3633 1636/3809/3633 4609/3810/3633
f 2390/3807/3634 6370/3806/3634 4609/3810/3634 755/3811/3634
f 1194/3801/3635 3268/3800/3635 6371/3812/3635 4606/3808/3635
f 3268/3800/3636 270/3485/3636 2430/3487/3636 6371/3812/3636
f 6371/3812/3637 2430/3487/3637 775/3491/3637 4607/3813/3637
f 4606/3808/3638 6371/3812/3638 4607/3813/3638 1636/3809/3638
f 1636/3809/3639 4607/3813/3639 6372/3814/3639 4608/3815/3639
f 4607/3813/3640 775/3491/3640 2431/3499/3640 6372/3814/3640
f 6372/3814/3641 2431/3499/3641 271/3501/3641 3270/3816/3641
f 4608/3815/3642 6372/3814/3642 3270/3816/3642 1195/3817/3642
f 755/3811/3643 4609/3810/3643 6373/3818/3643 2391/3819/3643
f 4609/3810/3644 1636/3809/3644 4608/3815/3644 6373/3818/3644
f 6373/3818/3645 4608/3815/3645 1195/3817/3645 3271/3820/3645
f 2391/3819/3646 6373/3818/3646 3271/3820/3646 251/3821/3646
f 251/3821/3647 3271/3820/3647 6374/3822/3647 2392/3823/3647
f 3271/3820/3648 1195/3817/3648 4610/3824/3648 6374/3822/3648
f 6374/3822/3649 4610/3824/3649 1637/3825/3649 4613/3826/3649
f 2392/3823/3650 6374/3822/3650 4613/3826/3650 756/3827/3650
f 1195/3817/3651 3270/3816/3651 6375/3828/3651 4610/3824/3651
f 3270/3816/3652 271/3501/3652 2432/3503/3652 6375/3828/3652
f 6375/3828/3653 2432/3503/3653 776/3507/3653 4611/3829/3653
f 4610/3824/3654 6375/3828/3654 4611/3829/3654 1637/3825/3654
f 1637/3825/3655 4611/3829/3655 6376/3830/3655 4612/3831/3655
f 4611/3829/3656 776/3507/3656 2433/3515/3656 6376/3830/3656
f 6376/3830/3657 2433/3515/3657 272/3517/3657 3272/3832/3657
f 4612/3831/3658 6376/3830/3658 3272/3832/3658 1196/3833/3658
f 756/3827/3659 4613/3826/3659 6377/3834/3659 2393/3835/3659
f 4613/3826/3660 1637/3825/3660 4612/3831/3660 6377/3834/3660
f 6377/3834/3661 4612/3831/3661 1196/3833/3661 3273/3836/3661
f 2393/3835/3662 6377/3834/3662 3273/3836/3662 252/3837/3662
f 252/3837/3663 3273/3836/3663 6378/3838/3663 2394/3839/3663
f 3273/3836/3664 1196/3833/3664 4614/3840/3664 6378/3838/3664
f 6378/3838/3665 4614/3840/3665 1638/3841/3665 4617/3842/3665
f 2394/3839/3666 6378/3838/3666 4617/3842/3666 757/3843/3666
f 1196/3833/3667 3272/3832/3667 6379/3844/3667 4614/3840/3667
f 3272/3832/3668 272/3517/3668 2434/3519/3668 6379/3844/3668
f 6379/3844/3669 2434/3519/3669 777/3523/3669 4615/3845/3669
f 4614/3840/3670 6379/3844/3670 4615/3845/3670 1638/3841/3670
f 1638/3841/3671 4615/3845/3671 6380/3846/3671 4616/3847/3671
f 4615/3845/3672 777/3523/3672 2435/3531/3672 6380/3846/3672
f 6380/3846/3673 2435/3531/3673 273/3533/3673 3274/3848/3673
f 4616/3847/3674 6380/3846/3674 3274/3848/3674 1197/3849/3674
f 757/3843/3675 4617/3842/3675 6381/3850/3675 2395/3851/3675
f 4617/3842/3676 1638/3841/3676 4616/3847/3676 6381/3850/3676
f 6381/3850/3677 4616/3847/3677 1197/3849/3677 3275/3852/3677
f 2395/3851/3678 6381/3850/3678 3275/3852/3678 253/3853/3678
f 253/3853/3679 3275/3852/3679 6382/3854/3679 2396/3855/3679
f 3275/3852/3680 1197/3849/3680 4618/3856/3680 6382/3854/3680
f 6382/3854/3681 4618/3856/3681 1639/3857/3681 4621/3858/3681
f 2396/3855/3682 6382/3854/3682 4621/3858/3682 758/3859/3682
f 1197/3849/3683 3274/3848/3683 6383/3860/3683 4618/3856/3683
f 3274/3848/3684 273/3533/3684 2436/3535/3684 6383/3860/3684
f 6383/3860/3685 2436/3535/3685 778/3539/3685 4619/3861/3685
f 4618/3856/3686 6383/3860/3686 4619/3861/3686 1639/3857/3686
f 1639/3857/3687 4619/3861/3687 6384/3862/3687 4620/3863/3687
f 4619/3861/3688 778/3539/3688 2437/3547/3688 6384/3862/3688
f 6384/3862/3689 2437/3547/3689 274/3549/3689 3276/3864/3689
f 4620/3863/3690 6384/3862/3690 3276/3864/3690 1198/3865/3690
f 758/3859/3691 4621/3858/3691 6385/3866/3691 2397/3867/3691
f 4621/3858/3692 1639/3857/3692 4620/3863/3692 6385/3866/3692
f 6385/3866/3693 4620/3863/3693 1198/3865/3693 3277/3868/3693
f 2397/3867/3694 6385/3866/3694 3277/3868/3694 254/3869/3694
f 254/3869/3695 3277/3868/3695 6386/3870/3695 2398/3871/3695
f 3277/3868/3696 1198/3865/3696 4622/3872/3696 6386/3870/3696
f 6386/3870/3697 4622/3872/3697 1640/3873/3697 4625/3874/3697
f 2398/3871/3698 6386/3870/3698 4625/3874/3698 759/3875/3698
f 1198/3865/3699 3276/3864/3699 6387/3876/3699 4622/3872/3699
f 3276/3864/3700 274/3549/3700 2438/3551/3700 6387/3876/3700
f 6387/3876/3701 2438/3551/3701 779/3555/3701 4623/3877/3701
f 4622/3872/3702 6387/3876/3702 4623/3877/3702 1640/3873/3702
f 1640/3873/3703 4623/3877/3703 6388/3878/3703 4624/3879/3703
f 4623/3877/3704 779/3555/3704 2439/3563/3704 6388/3878/3704
f 6388/3878/3705 2439/3563/3705 275/3565/3705 3278/3880/3705
f 4624/3879/3706 6388/3878/3706 3278/3880/3706 1199/3881/3706
f 759/3875/3707 4625/3874/3707 6389/3882/3707 2399/3883/3707
f 4625/3874/3708 1640/3873/3708 4624/3879/3708 6389/3882/3708
f 6389/3882/3709 4624/3879/3709 1199/3881/3709 3279/3884/3709
f 2399/3883/3710 6389/3882/3710 3279/3884/3710 255/3885/3710
f 255/3885/3711 3279/3884/3711 6390/3886/3711 2400/3887/3711
f 3279/3884/3712 1199/3881/3712 4626/3888/3712 6390/3886/3712
f 6390/3886/3713 4626/3888/3713 1641/3889/3713 4629/3890/3713
f 2400/3887/3714 6390/3886/3714 4629/3890/3714 760/3891/3714
f 1199/3881/3715 3278/3880/3715 6391/3892/3715 4626/3888/3715
f 3278/3880/3716 275/3565/3716 2440/3567/3716 6391/3892/3716
f 6391/3892/3717 2440/3567/3717 780/3571/3717 4627/3893/3717
f 4626/3888/3718 6391/3892/3718 4627/3893/3718 1641/3889/3718
f 1641/3889/3719 4627/3893/3719 6392/3894/3719 4628/3895/3719
f 4627/3893/3720 780/3571/3720 2441/3579/3720 6392/3894/3720
f 6392/3894/3721 2441/3579/3721 276/3581/3721 3280/3896/3721
f 4628/3895/3722 6392/3894/3722 3280/3896/3722 1200/3897/3722
f 760/3891/3723 4629/3890/3723 6393/3898/3723 2401/3899/3723
f 4629/3890/3724 1641/3889/3724 4628/3895/3724 6393/3898/3724
f 6393/3898/3725 4628/3895/3725 1200/3897/3725 3281/3900/3725
f 2401/3899/3726 6393/3898/3726 3281/3900/3726 256/3901/3726
f 256/3901/3727 3281/3900/3727 6394/3902/3727 2402/3903/3727
f 3281/3900/3728 1200/3897/3728 4630/3904/3728 6394/3902/3728
f 6394/3902/3729 4630/3904/3729 1642/3905/3729 4633/3906/3729
f 2402/3903/3730 6394/3902/3730 4633/3906/3730 761/3907/3730
f 1200/3897/3731 3280/3896/3731 6395/3908/3731 4630/3904/3731
f 3280/3896/3732 276/3581/3732 2442/3583/3732 6395/3908/3732
f 6395/3908/3733 2442/3583/3733 781/3587/3733 4631/3909/3733
f 4630/3904/3734 6395/3908/3734 4631/3909/3734 1642/3905/3734
f 1642/3905/3735 4631/3909/3735 6396/3910/3735 4632/3911/3735
f 4631/3909/3736 781/3587/3736 2443/3595/3736 6396/3910/3736
f 6396/3910/3737 2443/3595/3737 277/3597/3737 3282/3912/3737
f 4632/3911/3738 6396/3910/3738 3282/3912/3738 1201/3913/3738
f 761/3907/3739 4633/3906/3739 6397/3914/3739 2403/3915/3739
f 4633/3906/3740 1642/3905/3740 4632/3911/3740 6397/3914/3740
f 6397/3914/3741 4632/3911/3741 1201/3913/3741 3283/3916/3741
f 2403/3915/3742 6397/3914/3742 3283/3916/3742 257/3917/3742
f 257/3917/3743 3283/3916/3743 6398/3918/3743 2404/3919/3743
f 3283/3916/3744 1201/3913/3744 4634/3920/3744 6398/3918/3744
f 6398/3918/3745 4634/3920/3745 1643/3921/3745 4637/3922/3745
f 2404/3919/3746 6398/3918/3746 4637/3922/3746 762/3923/3746
f 1201/3913/3747 3282/3912/3747 6399/3924/3747 4634/3920/3747
f 3282/3912/3748 277/3597/3748 2444/3599/3748 6399/3924/3748
f 6399/3924/3749 2444/3599/3749 782/3603/3749 4635/3925/3749
f 4634/3920/3750 6399/3924/3750 4635/3925/3750 1643/3921/3750
f 1643/3921/3751 4635/3925/3751 6400/3926/3751 4636/3927/3751
f 4635/3925/3752 782/3603/3752 2445/3611/3752 6400/3926/3752
f 6400/3926/3753 2445/3611/3753 278/3613/3753 3284/3928/3753
f 4636/3927/3754 6400/3926/3754 3284/3928/3754 1202/3929/3754
f 762/3923/3755 4637/3922/3755 6401/3930/3755 2405/3931/3755
f 4637/3922/3756 1643/3921/3756 4636/3927/3756 6401/3930/3756
f 6401/3930/3757 4636/3927/3757 1202/3929/3757 3285/3932/3757
f 2405/3931/3758 6401/3930/3758 3285/3932/3758 258/3933/3758
f 258/3933/3759 3285/3932/3759 6402/3934/3759 2406/3935/3759
f 3285/3932/3760 1202/3929/3760 4638/3936/3760 6402/3934/3760
f 6402/3934/3761 4638/3936/3761 1644/3937/3761 4641/3938/3761
f 2406/3935/3762 6402/3934/3762 4641/3938/3762 763/3939/3762
f 1202/3929/3763 3284/3928/3763 6403/3940/3763 4638/3936/3763
f 3284/3928/3764 278/3613/3764 2446/3615/3764 6403/3940/3764
f 6403/3940/3765 2446/3615/3765 783/3619/3765 4639/3941/3765
f 4638/3936/3766 6403/3940/3766 4639/3941/3766 1644/3937/3766
f 1644/3937/3767 4639/3941/3767 6404/3942/3767 4640/3943/3767
f 4639/3941/3768 783/3619/3768 2447/3627/3768 6404/3942/3768
f 6404/3942/3769 2447/3627/3769 279/3629/3769 3286/3944/3769
f 4640/3943/3770 6404/3942/3770 3286/3944/3770 1203/3945/3770
f 763/3939/3771 4641/3938/3771 6405/3946/3771 2407/3947/3771
f 4641/3938/3772 1644/3937/3772 4640/3943/3772 6405/3946/3772
f 6405/3946/3773 4640/3943/3773 1203/3945/3773 3287/3948/3773
f 2407/3947/3774 6405/3946/3774 3287/3948/3774 259/3949/3774
f 259/3949/3775 3287/3948/3775 6406/3950/3775 2408/3951/3775
f 3287/3948/3776 1203/3945/3776 4642/3952/3776 6406/3950/3776
f 6406/3950/3777 4642/3952/3777 1645/3953/3777 4645/3954/3777
f 2408/3951/3778 6406/3950/3778 4645/3954/3778 764/3955/3778
f 1203/3945/3779 3286/3944/3779 6407/3956/3779 4642/3952/3779
f 3286/3944/3780 279/3629/3780 2448/3631/3780 6407/3956/3780
f 6407/3956/3781 2448/3631/3781 784/3635/3781 4643/3957/3781
f 4642/3952/3782 6407/3956/3782 4643/3957/3782 1645/3953/3782
f 1645/3953/3783 4643/3957/3783 6408/3958/3783 4644/3959/3783
f 4643/3957/3784 784/3635/3784 2449/3643/3784 6408/3958/3784
f 6408/3958/3785 2449/3643/3785 280/3645/3785 3288/3960/3785
f 4644/3959/3786 6408/3958/3786 3288/3960/3786 1204/3961/3786
f 764/3955/3787 4645/3954/3787 6409/3962/3787 2409/3963/3787
f 4645/3954/3788 1645/3953/3788 4644/3959/3788 6409/3962/3788
f 6409/3962/3789 4644/3959/3789 1204/3961/3789 3289/3964/3789
f 2409/3963/3790 6409/3962/3790 3289/3964/3790 260/3965/3790
f 260/3965/3791 3289/3964/3791 6410/3966/3791 2410/3967/3791
f 3289/3964/3792 1204/3961/3792 4646/3968/3792 6410/3966/3792
f 6410/3966/3793 4646/3968/3793 1646/3969/3793 4649/3970/3793
f 2410/3967/3794 6410/3966/3794 4649/3970/3794 765/3971/3794
f 1204/3961/3795 3288/3960/3795 6411/3972/3795 4646/3968/3795
f 3288/3960/3796 280/3645/3796 2450/3647/3796 6411/3972/3796
f 6411/3972/3797 2450/3647/3797 785/3651/3797 4647/3973/3797
f 4646/3968/3798 6411/3972/3798 4647/3973/3798 1646/3969/3798
f 1646/3969/3799 4647/3973/3799 6412/3974/3799 4648/3975/3799
f 4647/3973/3800 785/3651/3800 2451/3659/3800 6412/3974/3800
f 6412/3974/3801 2451/3659/3801 281/3661/3801 3290/3976/3801
f 4648/3975/3802 6412/3974/3802 3290/3976/3802 1205/3977/3802
f 765/3971/3803 4649/3970/3803 6413/3978/3803 2411/3979/3803
f 4649/3970/3804 1646/3969/3804 4648/3975/3804 6413/3978/3804
f 6413/3978/3805 4648/3975/3805 1205/3977/3805 3291/3980/3805
f 2411/3979/3806 6413/3978/3806 3291/3980/3806 261/3981/3806
f 261/3981/3807 3291/3980/3807 6414/3982/3807 2412/3983/3807
f 3291/3980/3808 1205/3977/3808 4650/3984/3808 6414/3982/3808
f 6414/3982/3809 4650/3984/3809 1647/3985/3809 4653/3986/3809
f 2412/3983/3810 6414/3982/3810 4653/3986/3810 766/3987/3810
f 1205/3977/3811 3290/3976/3811 6415/3988/3811 4650/3984/3811
f 3290/3976/3812 281/3661/3812 2452/3663/3812 6415/3988/3812
f 6415/3988/3813 2452/3663/3813 786/3667/3813 4651/3989/3813
f 4650/3984/3814 6415/3988/3814 4651/3989/3814 1647/3985/3814
f 1647/3985/3815 4651/3989/3815 6416/3990/3815 4652/3991/3815
f 4651/3989/3816 786/3667/3816 2453/3675/3816 6416/3990/3816
f 6416/3990/3817 2453/3675/3817 282/3677/3817 3292/3992/3817
f 4652/3991/3818 6416/3990/3818 3292/3992/3818 1206/3993/3818
f 766/3987/3819 4653/3986/3819 6417/3994/3819 2413/3995/3819
f 4653/3986/3820 1647/3985/3820 4652/3991/3820 6417/3994/3820
f 6417/3994/3821 4652/3991/3821 1206/3993/3821 3293/3996/3821
f 2413/3995/3822 6417/3994/3822 3293/3996/3822 262/3997/3822
f 262/3997/3823 3293/3996/3823 6418/3998/3823 2414/3999/3823
f 3293/3996/3824 1206/3993/3824 4654/4000/3824 6418/3998/3824
f 6418/3998/3825 4654/4000/3825 1648/4001/3825 4657/4002/3825
f 2414/3999/3826 6418/3998/3826 4657/4002/3826 767/4003/3826
f 1206/3993/3827 3292/3992/3827 6419/4004/3827 4654/4000/3827
f 3292/3992/3828 282/3677/3828 2454/3679/3828 6419/4004/3828
f 6419/4004/3829 2454/3679/3829 787/3683/3829 4655/4005/3829
f 4654/4000/3830 6419/4004/3830 4655/4005/3830 1648/4001/3830
f 1648/4001/3831 4655/4005/3831 6420/4006/3831 4656/4007/3831
f 4655/4005/3832 787/3683/3832 2455/3691/3832 6420/4006/3832
f 6420/4006/3833 2455/3691/3833 283/3693/3833 3294/4008/3833
f 4656/4007/3834 6420/4006/3834 3294/4008/3834 1207/4009/3834
f 767/4003/3835 4657/4002/3835 6421/4010/3835 2415/4011/3835
f 4657/4002/3836 1648/4001/3836 4656/4007/3836 6421/4010/3836
f 6421/4010/3837 4656/4007/3837 1207/4009/3837 3295/4012/3837
f 2415/4011/3838 6421/4010/3838 3295/4012/3838 263/4013/3838
f 263/4013/3839 3295/4012/3839 6422/4014/3839 2416/4015/3839
f 3295/4012/3840 1207/4009/3840 4658/4016/3840 6422/4014/3840
f 6422/4014/3841 4658/4016/3841 1649/4017/3841 4661/4018/3841
f 2416/4015/3842 6422/4014/3842 4661/4018/3842 768/4019/3842
f 1207/4009/3843 3294/4008/3843 6423/4020/3843 4658/4016/3843
f 3294/4008/3844 283/3693/3844 2456/3695/3844 6423/4020/3844
f 6423/4020/3845 2456/3695/3845 788/3699/3845 4659/4021/3845
f 4658/4016/3846 6423/4020/3846 4659/4021/3846 1649/4017/3846
f 1649/4017/3847 4659/4021/3847 6424/4022/3847 4660/4023/3847
f 4659/4021/3848 788/3699/3848 2457/3705/3848 6424/4022/3848
f 6424/4022/3849 2457/3705/3849 284/219/3849 3296/217/3849
f 4660/4023/3850 6424/4022/3850 3296/217/3850 1208/213/3850
f 768/4019/3851 4661/4018/3851 6425/4024/3851 2417/4025/3851
f 4661/4018/3852 1649/4017/3852 4660/4023/3852 6425/4024/3852
f 6425/4024/3853 4660/4023/3853 1208/213/3853 3297/211/3853
f 2417/4025/3854 6425/4024/3854 3297/211/3854 264/199/3854
f 17/4026/3855 1883/4027/3855 6426/4028/3855 2338/4029/3855
f 1883/4027/3856 501/4030/3856 4662/4031/3856 6426/4028/3856
f 6426/4028/3857 4662/4031/3857 1650/4032/3857 4665/4033/3857
f 2338/4029/3858 6426/4028/3858 4665/4033/3858 729/4034/3858
f 501/4030/3859 1882/4035/3859 6427/4036/3859 4662/4031/3859
f 1882/4035/3860 16/3706/3860 2378/3709/3860 6427/4036/3860
f 6427/4036/3861 2378/3709/3861 749/3714/3861 4663/4037/3861
f 4662/4031/3862 6427/4036/3862 4663/4037/3862 1650/4032/3862
f 1650/4032/3863 4663/4037/3863 6428/4038/3863 4664/4039/3863
f 4663/4037/3864 749/3714/3864 2379/3723/3864 6428/4038/3864
f 6428/4038/3865 2379/3723/3865 245/3725/3865 3298/4040/3865
f 4664/4039/3866 6428/4038/3866 3298/4040/3866 1209/4041/3866
f 729/4034/3867 4665/4033/3867 6429/4042/3867 2339/4043/3867
f 4665/4033/3868 1650/4032/3868 4664/4039/3868 6429/4042/3868
f 6429/4042/3869 4664/4039/3869 1209/4041/3869 3299/4044/3869
f 2339/4043/3870 6429/4042/3870 3299/4044/3870 225/4045/3870
f 225/4045/3871 3299/4044/3871 6430/4046/3871 2340/4047/3871
f 3299/4044/3872 1209/4041/3872 4666/4048/3872 6430/4046/3872
f 6430/4046/3873 4666/4048/3873 1651/4049/3873 4669/4050/3873
f 2340/4047/3874 6430/4046/3874 4669/4050/3874 730/4051/3874
f 1209/4041/3875 3298/4040/3875 6431/4052/3875 4666/4048/3875
f 3298/4040/3876 245/3725/3876 2380/3727/3876 6431/4052/3876
f 6431/4052/3877 2380/3727/3877 750/3731/3877 4667/4053/3877
f 4666/4048/3878 6431/4052/3878 4667/4053/3878 1651/4049/3878
f 1651/4049/3879 4667/4053/3879 6432/4054/3879 4668/4055/3879
f 4667/4053/3880 750/3731/3880 2381/3739/3880 6432/4054/3880
f 6432/4054/3881 2381/3739/3881 246/3741/3881 3300/4056/3881
f 4668/4055/3882 6432/4054/3882 3300/4056/3882 1210/4057/3882
f 730/4051/3883 4669/4050/3883 6433/4058/3883 2341/4059/3883
f 4669/4050/3884 1651/4049/3884 4668/4055/3884 6433/4058/3884
f 6433/4058/3885 4668/4055/3885 1210/4057/3885 3301/4060/3885
f 2341/4059/3886 6433/4058/3886 3301/4060/3886 226/4061/3886
f 226/4061/3887 3301/4060/3887 6434/4062/3887 2342/4063/3887
f 3301/4060/3888 1210/4057/3888 4670/4064/3888 6434/4062/3888
f 6434/4062/3889 4670/4064/3889 1652/4065/3889 4673/4066/3889
f 2342/4063/3890 6434/4062/3890 4673/4066/3890 731/4067/3890
f 1210/4057/3891 3300/4056/3891 6435/4068/3891 4670/4064/3891
f 3300/4056/3892 246/3741/3892 2382/3743/3892 6435/4068/3892
f 6435/4068/3893 2382/3743/3893 751/3747/3893 4671/4069/3893
f 4670/4064/3894 6435/4068/3894 4671/4069/3894 1652/4065/3894
f 1652/4065/3895 4671/4069/3895 6436/4070/3895 4672/4071/3895
f 4671/4069/3896 751/3747/3896 2383/3755/3896 6436/4070/3896
f 6436/4070/3897 2383/3755/3897 247/3757/3897 3302/4072/3897
f 4672/4071/3898 6436/4070/3898 3302/4072/3898 1211/4073/3898
f 731/4067/3899 4673/4066/3899 6437/4074/3899 2343/4075/3899
f 4673/4066/3900 1652/4065/3900 4672/4071/3900 6437/4074/3900
f 6437/4074/3901 4672/4071/3901 1211/4073/3901 3303/4076/3901
f 2343/4075/3902 6437/4074/3902 3303/4076/3902 227/4077/3902
f 227/4077/3903 3303/4076/3903 6438/4078/3903 2344/4079/3903
f 3303/4076/3904 1211/4073/3904 4674/4080/3904 6438/4078/3904
f 6438/4078/3905 4674/4080/3905 1653/4081/3905 4677/4082/3905
f 2344/4079/3906 6438/4078/3906 4677/4082/3906 732/4083/3906
f 1211/4073/3907 3302/4072/3907 6439/4084/3907 4674/4080/3907
f 3302/4072/3908 247/3757/3908 2384/3759/3908 6439/4084/3908
f 6439/4084/3909 2384/3759/3909 752/3763/3909 4675/4085/3909
f 4674/4080/3910 6439/4084/3910 4675/4085/3910 1653/4081/3910
f 1653/4081/3911 4675/4085/3911 6440/4086/3911 4676/4087/3911
f 4675/4085/3912 752/3763/3912 2385/3771/3912 6440/4086/3912
f 6440/4086/3913 2385/3771/3913 248/3773/3913 3304/4088/3913
f 4676/4087/3914 6440/4086/3914 3304/4088/3914 1212/4089/3914
f 732/4083/3915 4677/4082/3915 6441/4090/3915 2345/4091/3915
f 4677/4082/3916 1653/4081/3916 4676/4087/3916 6441/4090/3916
f 6441/4090/3917 4676/4087/3917 1212/4089/3917 3305/4092/3917
f 2345/4091/3918 6441/4090/3918 3305/4092/3918 228/4093/3918
f 228/4093/3919 3305/4092/3919 6442/4094/3919 2346/4095/3919
f 3305/4092/3920 1212/4089/3920 4678/4096/3920 6442/4094/3920
f 6442/4094/3921 4678/4096/3921 1654/4097/3921 4681/4098/3921
f 2346/4095/3922 6442/4094/3922 4681/4098/3922 733/4099/3922
f 1212/4089/3923 3304/4088/3923 6443/4100/3923 4678/4096/3923
f 3304/4088/3924 248/3773/3924 2386/3775/3924 6443/4100/3924
f 6443/4100/3925 2386/3775/3925 753/3779/3925 4679/4101/3925
f 4678/4096/3926 6443/4100/3926 4679/4101/3926 1654/4097/3926
f 1654/4097/3927 4679/4101/3927 6444/4102/3927 4680/4103/3927
f 4679/4101/3928 753/3779/3928 2387/3787/3928 6444/4102/3928
f 6444/4102/3929 2387/3787/3929 249/3789/3929 3306/4104/3929
f 4680/4103/3930 6444/4102/3930 3306/4104/3930 1213/4105/3930
f 733/4099/3931 4681/4098/3931 6445/4106/3931 2347/4107/3931
f 4681/4098/3932 1654/4097/3932 4680/4103/3932 6445/4106/3932
f 6445/4106/3933 4680/4103/3933 1213/4105/3933 3307/4108/3933
f 2347/4107/3934 6445/4106/3934 3307/4108/3934 229/4109/3934
f 229/4109/3935 3307/4108/3935 6446/4110/3935 2348/4111/3935
f 3307/4108/3936 1213/4105/3936 4682/4112/3936 6446/4110/3936
f 6446/4110/3937 4682/4112/3937 1655/4113/3937 4685/4114/3937
f 2348/4111/3938 6446/4110/3938 4685/4114/3938 734/4115/3938
f 1213/4105/3939 3306/4104/3939 6447/4116/3939 4682/4112/3939
f 3306/4104/3940 249/3789/3940 2388/3791/3940 6447/4116/3940
f 6447/4116/3941 2388/3791/3941 754/3795/3941 4683/4117/3941
f 4682/4112/3942 6447/4116/3942 4683/4117/3942 1655/4113/3942
f 1655/4113/3943 4683/4117/3943 6448/4118/3943 4684/4119/3943
f 4683/4117/3944 754/3795/3944 2389/3803/3944 6448/4118/3944
f 6448/4118/3945 2389/3803/3945 250/3805/3945 3308/4120/3945
f 4684/4119/3946 6448/4118/3946 3308/4120/3946 1214/4121/3946
f 734/4115/3947 4685/4114/3947 6449/4122/3947 2349/4123/3947
f 4685/4114/3948 1655/4113/3948 4684/4119/3948 6449/4122/3948
f 6449/4122/3949 4684/4119/3949 1214/4121/3949 3309/4124/3949
f 2349/4123/3950 6449/4122/3950 3309/4124/3950 230/4125/3950
f 230/4125/3951 3309/4124/3951 6450/4126/3951 2350/4127/3951
f 3309/4124/3952 1214/4121/3952 4686/4128/3952 6450/4126/3952
f 6450/4126/3953 4686/4128/3953 1656/4129/3953 4689/4130/3953
f 2350/4127/3954 6450/4126/3954 4689/4130/3954 735/4131/3954
f 1214/4121/3955 3308/4120/3955 6451/4132/3955 4686/4128/3955
f 3308/4120/3956 250/3805/3956 2390/3807/3956 6451/4132/3956
f 6451/4132/3957 2390/3807/3957 755/3811/3957 4687/4133/3957
f 4686/4128/3958 6451/4132/3958 4687/4133/3958 1656/4129/3958
f 1656/4129/3959 4687/4133/3959 6452/4134/3959 4688/4135/3959
f 4687/4133/3960 755/3811/3960 2391/3819/3960 6452/4134/3960
f 6452/4134/3961 2391/3819/3961 251/3821/3961 3310/4136/3961
f 4688/4135/3962 6452/4134/3962 3310/4136/3962 1215/4137/3962
f 735/4131/3963 4689/4130/3963 6453/4138/3963 2351/4139/3963
f 4689/4130/3964 1656/4129/3964 4688/4135/3964 6453/4138/3964
f 6453/4138/3965 4688/4135/3965 1215/4137/3965 3311/4140/3965
f 2351/4139/3966 6453/4138/3966 3311/4140/3966 231/4141/3966
f 231/4141/3967 3311/4140/3967 6454/4142/3967 2352/4143/3967
f 3311/4140/3968 1215/4137/3968 4690/4144/3968 6454/4142/3968
f 6454/4142/3969 4690/4144/3969 1657/4145/3969 4693/4146/3969
f 2352/4143/3970 6454/4142/3970 4693/4146/3970 736/4147/3970
f 1215/4137/3971 3310/4136/3971 6455/4148/3971 4690/4144/3971
f 3310/4136/3972 251/3821/3972 2392/3823/3972 6455/4148/3972
f 6455/4148/3973 2392/3823/3973 756/3827/3973 4691/4149/3973
f 4690/4144/3974 6455/4148/3974 4691/4149/3974 1657/4145/3974
f 1657/4145/3975 4691/4149/3975 6456/4150/3975 4692/4151/3975
f 4691/4149/3976 756/3827/3976 2393/3835/3976 6456/4150/3976
f 6456/4150/3977 2393/3835/3977 252/3837/3977 3312/4152/3977
f 4692/4151/3978 6456/4150/3978 3312/4152/3978 1216/4153/3978
f 736/4147/3979 4693/4146/3979 6457/4154/3979 2353/4155/3979
f 4693/4146/3980 1657/4145/3980 4692/4151/3980 6457/4154/3980
f 6457/4154/3981 4692/4151/3981 1216/4153/3981 3313/4156/3981
f 2353/4155/3982 6457/4154/3982 3313/4156/3982 232/4157/3982
f 232/4157/3983 3313/4156/3983 6458/4158/3983 2354/4159/3983
f 3313/4156/3984 1216/4153/3984 4694/4160/3984 6458/4158/3984
f 6458/4158/3985 4694/4160/3985 1658/4161/3985 4697/4162/3985
f 2354/4159/3986 6458/4158/3986 4697/4162/3986 737/4163/3986
f 1216/4153/3987 3312/4152/3987 6459/4164/3987 4694/4160/3987
f 3312/4152/3988 252/3837/3988 2394/3839/3988 6459/4164/3988
f 6459/4164/3989 2394/3839/3989 757/3843/3989 4695/4165/3989
f 4694/4160/3990 6459/4164/3990 4695/4165/3990 1658/4161/3990
f 1658/4161/3991 4695/4165/3991 6460/4166/3991 4696/4167/3991
f 4695/4165/3992 757/3843/3992 2395/3851/3992 6460/4166/3992
f 6460/4166/3993 2395/3851/3993 253/3853/3993 3314/4168/3993
f 4696/4167/3994 6460/4166/3994 3314/4168/3994 1217/4169/3994
f 737/4163/3995 4697/4162/3995 6461/4170/3995 2355/4171/3995
f 4697/4162/3996 1658/4161/3996 4696/4167/3996 6461/4170/3996
f 6461/4170/3997 4696/4167/3997 1217/4169/3997 3315/4172/3997
f 2355/4171/3998 6461/4170/3998 3315/4172/3998 233/4173/3998
f 233/4173/3999 3315/4172/3999 6462/4174/3999 2356/4175/3999
f 3315/4172/4000 1217/4169/4000 4698/4176/4000 6462/4174/4000
f 6462/4174/4001 4698/4176/4001 1659/4177/4001 4701/4178/4001
f 2356/4175/4002 6462/4174/4002 4701/4178/4002 738/4179/4002
f 1217/4169/4003 3314/4168/4003 6463/4180/4003 4698/4176/4003
f 3314/4168/4004 253/3853/4004 2396/3855/4004 6463/4180/4004
f 6463/4180/4005 2396/3855/4005 758/3859/4005 4699/4181/4005
f 4698/4176/4006 6463/4180/4006 4699/4181/4006 1659/4177/4006
f 1659/4177/4007 4699/4181/4007 6464/4182/4007 4700/4183/4007
f 4699/4181/4008 758/3859/4008 2397/3867/4008 6464/4182/4008
f 6464/4182/4009 2397/3867/4009 254/3869/4009 3316/4184/4009
f 4700/4183/4010 6464/4182/4010 3316/4184/4010 1218/4185/4010
f 738/4179/4011 4701/4178/4011 6465/4186/4011 2357/4187/4011
f 4701/4178/4012 1659/4177/4012 4700/4183/4012 6465/4186/4012
f 6465/4186/4013 4700/4183/4013 1218/4185/4013 3317/4188/4013
f 2357/4187/4014 6465/4186/4014 3317/4188/4014 234/4189/4014
f 234/4189/4015 3317/4188/4015 6466/4190/4015 2358/4191/4015
f 3317/4188/4016 1218/4185/4016 4702/4192/4016 6466/4190/4016
f 6466/4190/4017 4702/4192/4017 1660/4193/4017 4705/4194/4017
f 2358/4191/4018 6466/4190/4018 4705/4194/4018 739/4195/4018
f 1218/4185/4019 3316/4184/4019 6467/4196/4019 4702/4192/4019
f 3316/4184/4020 254/3869/4020 2398/3871/4020 6467/4196/4020
f 6467/4196/4021 2398/3871/4021 759/3875/4021 4703/4197/4021
f 4702/4192/4022 6467/4196/4022 4703/4197/4022 1660/4193/4022
f 1660/4193/4023 4703/4197/4023 6468/4198/4023 4704/4199/4023
f 4703/4197/4024 759/3875/4024 2399/3883/4024 6468/4198/4024
f 6468/4198/4025 2399/3883/4025 255/3885/4025 3318/4200/4025
f 4704/4199/4026 6468/4198/4026 3318/4200/4026 1219/4201/4026
f 739/4195/4027 4705/4194/4027 6469/4202/4027 2359/4203/4027
f 4705/4194/4028 1660/4193/4028 4704/4199/4028 6469/4202/4028
f 6469/4202/4029 4704/4199/4029 1219/4201/4029 3319/4204/4029
f 2359/4203/4030 6469/4202/4030 3319/4204/4030 235/4205/4030
f 235/4205/4031 3319/4204/4031 6470/4206/4031 2360/4207/4031
f 3319/4204/4032 1219/4201/4032 4706/4208/4032 6470/4206/4032
f 6470/4206/4033 4706/4208/4033 1661/4209/4033 4709/4210/4033
f 2360/4207/4034 6470/4206/4034 4709/4210/4034 740/4211/4034
f 1219/4201/4035 3318/4200/4035 6471/4212/4035 4706/4208/4035
f 3318/4200/4036 255/3885/4036 2400/3887/4036 6471/4212/4036
f 6471/4212/4037 2400/3887/4037 760/3891/4037 4707/4213/4037
f 4706/4208/4038 6471/4212/4038 4707/4213/4038 1661/4209/4038
f 1661/4209/4039 4707/4213/4039 6472/4214/4039 4708/4215/4039
f 4707/4213/4040 760/3891/4040 2401/3899/4040 6472/4214/4040
f 6472/4214/4041 2401/3899/4041 256/3901/4041 3320/4216/4041
f 4708/4215/4042 6472/4214/4042 3320/4216/4042 1220/4217/4042
f 740/4211/4043 4709/4210/4043 6473/4218/4043 2361/4219/4043
f 4709/4210/4044 1661/4209/4044 4708/4215/4044 6473/4218/4044
f 6473/4218/4045 4708/4215/4045 1220/4217/4045 3321/4220/4045
f 2361/4219/4046 6473/4218/4046 3321/4220/4046 236/4221/4046
f 236/4221/4047 3321/4220/4047 6474/4222/4047 2362/4223/4047
f 3321/4220/4048 1220/4217/4048 4710/4224/4048 6474/4222/4048
f 6474/4222/4049 4710/4224/4049 1662/4225/4049 4713/4226/4049
f 2362/4223/4050 6474/4222/4050 4713/4226/4050 741/4227/4050
f 1220/4217/4051 3320/4216/4051 6475/4228/4051 4710/4224/4051
f 3320/4216/4052 256/3901/4052 2402/3903/4052 6475/4228/4052
f 6475/4228/4053 2402/3903/4053 761/3907/4053 4711/4229/4053
f 4710/4224/4054 6475/4228/4054 4711/4229/4054 1662/4225/4054
f 1662/4225/4055 4711/4229/4055 6476/4230/4055 4712/4231/4055
f 4711/4229/4056 761/3907/4056 2403/3915/4056 6476/4230/4056
f 6476/4230/4057 2403/3915/4057 257/3917/4057 3322/4232/4057
f 4712/4231/4058 6476/4230/4058 3322/4232/4058 1221/4233/4058
f 741/4227/4059 4713/4226/4059 6477/4234/4059 2363/4235/4059
f 4713/4226/4060 1662/4225/4060 4712/4231/4060 6477/4234/4060
f 6477/4234/4061 4712/4231/4061 1221/4233/4061 3323/4236/4061
f 2363/4235/4062 6477/4234/4062 3323/4236/4062 237/4237/4062
f 237/4237/4063 3323/4236/4063 6478/4238/4063 2364/4239/4063
f 3323/4236/4064 1221/4233/4064 4714/4240/4064 6478/4238/4064
f 6478/4238/4065 4714/4240/4065 1663/4241/4065 4717/4242/4065
f 2364/4239/4066 6478/4238/4066 4717/4242/4066 742/4243/4066
f 1221/4233/4067 3322/4232/4067 6479/4244/4067 4714/4240/4067
f 3322/4232/4068 257/3917/4068 2404/3919/4068 6479/4244/4068
f 6479/4244/4069 2404/3919/4069 762/3923/4069 4715/4245/4069
f 4714/4240/4070 6479/4244/4070 4715/4245/4070 1663/4241/4070
f 1663/4241/4071 4715/4245/4071 6480/4246/4071 4716/4247/4071
f 4715/4245/4072 762/3923/4072 2405/3931/4072 6480/4246/4072
f 6480/4246/4073 2405/3931/4073 258/3933/4073 3324/4248/4073
f 4716/4247/4074 6480/4246/4074 3324/4248/4074 1222/4249/4074
f 742/4243/4075 4717/4242/4075 6481/4250/4075 2365/4251/4075
f 4717/4242/4076 1663/4241/4076 4716/4247/4076 6481/4250/4076
f 6481/4250/4077 4716/4247/4077 1222/4249/4077 3325/4252/4077
f 2365/4251/4078 6481/4250/4078 3325/4252/4078 238/4253/4078
f 238/4253/4079 3325/4252/4079 6482/4254/4079 2366/4255/4079
f 3325/4252/4080 1222/4249/4080 4718/4256/4080 6482/4254/4080
f 6482/4254/4081 4718/4256/4081 1664/4257/4081 4721/4258/4081
f 2366/4255/4082 6482/4254/4082 4721/4258/4082 743/4259/4082
f 1222/4249/4083 3324/4248/4083 6483/4260/4083 4718/4256/4083
f 3324/4248/4084 258/3933/4084 2406/3935/4084 6483/4260/4084
f 6483/4260/4085 2406/3935/4085 763/3939/4085 4719/4261/4085
f 4718/4256/4086 6483/4260/4086 4719/4261/4086 1664/4257/4086
f 1664/4257/4087 4719/4261/4087 6484/4262/4087 4720/4263/4087
f 4719/4261/4088 763/3939/4088 2407/3947/4088 6484/4262/4088
f 6484/4262/4089 2407/3947/4089 259/3949/4089 3326/4264/4089
f 4720/4263/4090 6484/4262/4090 3326/4264/4090 1223/4265/4090
f 743/4259/4091 4721/4258/4091 6485/4266/4091 2367/4267/4091
f 4721/4258/4092 1664/4257/4092 4720/4263/4092 6485/4266/4092
f 6485/4266/4093 4720/4263/4093 1223/4265/4093 3327/4268/4093
f 2367/4267/4094 6485/4266/4094 3327/4268/4094 239/4269/4094
f 239/4269/4095 3327/4268/4095 6486/4270/4095 2368/4271/4095
f 3327/4268/4096 1223/4265/4096 4722/4272/4096 6486/4270/4096
f 6486/4270/4097 4722/4272/4097 1665/4273/4097 4725/4274/4097
f 2368/4271/4098 6486/4270/4098 4725/4274/4098 744/4275/4098
f 1223/4265/4099 3326/4264/4099 6487/4276/4099 4722/4272/4099
f 3326/4264/4100 259/3949/4100 2408/3951/4100 6487/4276/4100
f 6487/4276/4101 2408/3951/4101 764/3955/4101 4723/4277/4101
f 4722/4272/4102 6487/4276/4102 4723/4277/4102 1665/4273/4102
f 1665/4273/4103 4723/4277/4103 6488/4278/4103 4724/4279/4103
f 4723/4277/4104 764/3955/4104 2409/3963/4104 6488/4278/4104
f 6488/4278/4105 2409/3963/4105 260/3965/4105 3328/4280/4105
f 4724/4279/4106 6488/4278/4106 3328/4280/4106 1224/4281/4106
f 744/4275/4107 4725/4274/4107 6489/4282/4107 2369/4283/4107
f 4725/4274/4108 1665/4273/4108 4724/4279/4108 6489/4282/4108
f 6489/4282/4109 4724/4279/4109 1224/4281/4109 3329/4284/4109
f 2369/4283/4110 6489/4282/4110 3329/4284/4110 240/4285/4110
f 240/4285/4111 3329/4284/4111 6490/4286/4111 2370/4287/4111
f 3329/4284/4112 1224/4281/4112 4726/4288/4112 6490/4286/4112
f 6490/4286/4113 4726/4288/4113 1666/4289/4113 4729/4290/4113
f 2370/4287/4114 6490/4286/4114 4729/4290/4114 745/4291/4114
f 1224/4281/4115 3328/4280/4115 6491/4292/4115 4726/4288/4115
f 3328/4280/4116 260/3965/4116 2410/3967/4116 6491/4292/4116
f 6491/4292/4117 2410/3967/4117 765/3971/4117 4727/4293/4117
f 4726/4288/4118 6491/4292/4118 4727/4293/4118 1666/4289/4118
f 1666/4289/4119 4727/4293/4119 6492/4294/4119 4728/4295/4119
f 4727/4293/4120 765/3971/4120 2411/3979/4120 6492/4294/4120
f 6492/4294/4121 2411/3979/4121 261/3981/4121 3330/4296/4121
f 4728/4295/4122 6492/4294/4122 3330/4296/4122 1225/4297/4122
f 745/4291/4123 4729/4290/4123 6493/4298/4123 2371/4299/4123
f 4729/4290/4124 1666/4289/4124 4728/4295/4124 6493/4298/4124
f 6493/4298/4125 4728/4295/4125 1225/4297/4125 3331/4300/4125
f 2371/4299/4126 6493/4298/4126 3331/4300/4126 241/4301/4126
f 241/4301/4127 3331/4300/4127 6494/4302/4127 2372/4303/4127
f 3331/4300/4128 1225/4297/4128 4730/4304/4128 6494/4302/4128
f 6494/4302/4129 4730/4304/4129 1667/4305/4129 4733/4306/4129
f 2372/4303/4130 6494/4302/4130 4733/4306/4130 746/4307/4130
f 1225/4297/4131 3330/4296/4131 6495/4308/4131 4730/4304/4131
f 3330/4296/4132 261/3981/4132 2412/3983/4132 6495/4308/4132
f 6495/4308/4133 2412/3983/4133 766/3987/4133 4731/4309/4133
f 4730/4304/4134 6495/4308/4134 4731/4309/4134 1667/4305/4134
f 1667/4305/4135 4731/4309/4135 6496/4310/4135 4732/4311/4135
f 4731/4309/4136 766/3987/4136 2413/3995/4136 6496/4310/4136
f 6496/4310/4137 2413/3995/4137 262/3997/4137 3332/4312/4137
f 4732/4311/4138 6496/4310/4138 3332/4312/4138 1226/4313/4138
f 746/4307/4139 4733/4306/4139 6497/4314/4139 2373/4315/4139
f 4733/4306/4140 1667/4305/4140 4732/4311/4140 6497/4314/4140
f 6497/4314/4141 4732/4311/4141 1226/4313/4141 3333/4316/4141
f 2373/4315/4142 6497/4314/4142 3333/4316/4142 242/4317/4142
f 242/4317/4143 3333/4316/4143 6498/4318/4143 2374/4319/4143
f 3333/4316/4144 1226/4313/4144 4734/4320/4144 6498/4318/4144
f 6498/4318/4145 4734/4320/4145 1668/4321/4145 4737/4322/4145
f 2374/4319/4146 6498/4318/4146 4737/4322/4146 747/4323/4146
f 1226/4313/4147 3332/4312/4147 6499/4324/4147 4734/4320/4147
f 3332/4312/4148 262/3997/4148 2414/3999/4148 6499/4324/4148
f 6499/4324/4149 2414/3999/4149 767/4003/4149 4735/4325/4149
f 4734/4320/4150 6499/4324/4150 4735/4325/4150 1668/4321/4150
f 1668/4321/4151 4735/4325/4151 6500/4326/4151 4736/4327/4151
f 4735/4325/4152 767/4003/4152 2415/4011/4152 6500/4326/4152
f 6500/4326/4153 2415/4011/4153 263/4013/4153 3334/4328/4153
f 4736/4327/4154 6500/4326/4154 3334/4328/4154 1227/4329/4154
f 747/4323/4155 4737/4322/4155 6501/4330/4155 2375/4331/4155
f 4737/4322/4156 1668/4321/4156 4736/4327/4156 6501/4330/4156
f 6501/4330/4157 4736/4327/4157 1227/4329/4157 3335/4332/4157
f 2375/4331/4158 6501/4330/4158 3335/4332/4158 243/4333/4158
f 243/4333/4159 3335/4332/4159 6502/4334/4159 2376/4335/4159
f 3335/4332/4160 1227/4329/4160 4738/4336/4160 6502/4334/4160
f 6502/4334/4161 4738/4336/4161 1669/4337/4161 4741/4338/4161
f 2376/4335/4162 6502/4334/4162 4741/4338/4162 748/4339/4162
f 1227/4329/4163 3334/4328/4163 6503/4340/4163 4738/4336/4163
f 3334/4328/4164 263/4013/4164 2416/4015/4164 6503/4340/4164
f 6503/4340/4165 2416/4015/4165 768/4019/4165 4739/4341/4165
f 4738/4336/4166 6503/4340/4166 4739/4341/4166 1669/4337/4166
f 1669/4337/4167 4739/4341/4167 6504/4342/4167 4740/4343/4167
f 4739/4341/4168 768/4019/4168 2417/4025/4168 6504/4342/4168
f 6504/4342/4169 2417/4025/4169 264/199/4169 3336/197/4169
f 4740/4343/4170 6504/4342/4170 3336/197/4170 1228/193/4170
f 748/4339/4171 4741/4338/4171 6505/4344/4171 2377/4345/4171
f 4741/4338/4172 1669/4337/4172 4740/4343/4172 6505/4344/4172
f 6505/4344/4173 4740/4343/4173 1228/193/4173 3337/191/4173
f 2377/4345/4174 6505/4344/4174 3337/191/4174 244/179/4174
f 18/4346/4175 1885/4347/4175 6506/4348/4175 2298/4349/4175
f 1885/4347/4176 502/4350/4176 4742/4351/4176 6506/4348/4176
f 6506/4348/4177 4742/4351/4177 1670/4352/4177 4745/4353/4177
f 2298/4349/4178 6506/4348/4178 4745/4353/4178 709/4354/4178
f 502/4350/4179 1884/4355/4179 6507/4356/4179 4742/4351/4179
f 1884/4355/4180 17/4026/4180 2338/4029/4180 6507/4356/4180
f 6507/4356/4181 2338/4029/4181 729/4034/4181 4743/4357/4181
f 4742/4351/4182 6507/4356/4182 4743/4357/4182 1670/4352/4182
f 1670/4352/4183 4743/4357/4183 6508/4358/4183 4744/4359/4183
f 4743/4357/4184 729/4034/4184 2339/4043/4184 6508/4358/4184
f 6508/4358/4185 2339/4043/4185 225/4045/4185 3338/4360/4185
f 4744/4359/4186 6508/4358/4186 3338/4360/4186 1229/4361/4186
f 709/4354/4187 4745/4353/4187 6509/4362/4187 2299/4363/4187
f 4745/4353/4188 1670/4352/4188 4744/4359/4188 6509/4362/4188
f 6509/4362/4189 4744/4359/4189 1229/4361/4189 3339/4364/4189
f 2299/4363/4190 6509/4362/4190 3339/4364/4190 205/4365/4190
f 205/4365/4191 3339/4364/4191 6510/4366/4191 2300/4367/4191
f 3339/4364/4192 1229/4361/4192 4746/4368/4192 6510/4366/4192
f 6510/4366/4193 4746/4368/4193 1671/4369/4193 4749/4370/4193
f 2300/4367/4194 6510/4366/4194 4749/4370/4194 710/4371/4194
f 1229/4361/4195 3338/4360/4195 6511/4372/4195 4746/4368/4195
f 3338/4360/4196 225/4045/4196 2340/4047/4196 6511/4372/4196
f 6511/4372/4197 2340/4047/4197 730/4051/4197 4747/4373/4197
f 4746/4368/4198 6511/4372/4198 4747/4373/4198 1671/4369/4198
f 1671/4369/4199 4747/4373/4199 6512/4374/4199 4748/4375/4199
f 4747/4373/4200 730/4051/4200 2341/4059/4200 6512/4374/4200
f 6512/4374/4201 2341/4059/4201 226/4061/4201 3340/4376/4201
f 4748/4375/4202 6512/4374/4202 3340/4376/4202 1230/4377/4202
f 710/4371/4203 4749/4370/4203 6513/4378/4203 2301/4379/4203
f 4749/4370/4204 1671/4369/4204 4748/4375/4204 6513/4378/4204
f 6513/4378/4205 4748/4375/4205 1230/4377/4205 3341/4380/4205
f 2301/4379/4206 6513/4378/4206 3341/4380/4206 206/4381/4206
f 206/4381/4207 3341/4380/4207 6514/4382/4207 2302/4383/4207
f 3341/4380/4208 1230/4377/4208 4750/4384/4208 6514/4382/4208
f 6514/4382/4209 4750/4384/4209 1672/4385/4209 4753/4386/4209
f 2302/4383/4210 6514/4382/4210 4753/4386/4210 711/4387/4210
f 1230/4377/4211 3340/4376/4211 6515/4388/4211 4750/4384/4211
f 3340/4376/4212 226/4061/4212 2342/4063/4212 6515/4388/4212
f 6515/4388/4213 2342/4063/4213 731/4067/4213 4751/4389/4213
f 4750/4384/4214 6515/4388/4214 4751/4389/4214 1672/4385/4214
f 1672/4385/4215 4751/4389/4215 6516/4390/4215 4752/4391/4215
f 4751/4389/4216 731/4067/4216 2343/4075/4216 6516/4390/4216
f 6516/4390/4217 2343/4075/4217 227/4077/4217 3342/4392/4217
f 4752/4391/4218 6516/4390/4218 3342/4392/4218 1231/4393/4218
f 711/4387/4219 4753/4386/4219 6517/4394/4219 2303/4395/4219
f 4753/4386/4220 1672/4385/4220 4752/4391/4220 6517/4394/4220
f 6517/4394/4221 4752/4391/4221 1231/4393/4221 3343/4396/4221
f 2303/4395/4222 6517/4394/4222 3343/4396/4222 207/4397/4222
f 207/4397/4223 3343/4396/4223 6518/4398/4223 2304/4399/4223
f 3343/4396/4224 1231/4393/4224 4754/4400/4224 6518/4398/4224
f 6518/4398/4225 4754/4400/4225 1673/4401/4225 4757/4402/4225
f 2304/4399/4226 6518/4398/4226 4757/4402/4226 712/4403/4226
f 1231/4393/4227 3342/4392/4227 6519/4404/4227 4754/4400/4227
f 3342/4392/4228 227/4077/4228 2344/4079/4228 6519/4404/4228
f 6519/4404/4229 2344/4079/4229 732/4083/4229 4755/4405/4229
f 4754/4400/4230 6519/4404/4230 4755/4405/4230 1673/4401/4230
f 1673/4401/4231 4755/4405/4231 6520/4406/4231 4756/4407/4231
f 4755/4405/4232 732/4083/4232 2345/4091/4232 6520/4406/4232
f 6520/4406/4233 2345/4091/4233 228/4093/4233 3344/4408/4233
f 4756/4407/4234 6520/4406/4234 3344/4408/4234 1232/4409/4234
f 712/4403/4235 4757/4402/4235 6521/4410/4235 2305/4411/4235
f 4757/4402/4236 1673/4401/4236 4756/4407/4236 6521/4410/4236
f 6521/4410/4237 4756/4407/4237 1232/4409/4237 3345/4412/4237
f 2305/4411/4238 6521/4410/4238 3345/4412/4238 208/4413/4238
f 208/4413/4239 3345/4412/4239 6522/4414/4239 2306/4415/4239
f 3345/4412/4240 1232/4409/4240 4758/4416/4240 6522/4414/4240
f 6522/4414/4241 4758/4416/4241 1674/4417/4241 4761/4418/4241
f 2306/4415/4242 6522/4414/4242 4761/4418/4242 713/4419/4242
f 1232/4409/4243 3344/4408/4243 6523/4420/4243 4758/4416/4243
f 3344/4408/4244 228/4093/4244 2346/4095/4244 6523/4420/4244
f 6523/4420/4245 2346/4095/4245 733/4099/4245 4759/4421/4245
f 4758/4416/4246 6523/4420/4246 4759/4421/4246 1674/4417/4246
f 1674/4417/4247 4759/4421/4247 6524/4422/4247 4760/4423/4247
f 4759/4421/4248 733/4099/4248 2347/4107/4248 6524/4422/4248
f 6524/4422/4249 2347/4107/4249 229/4109/4249 3346/4424/4249
f 4760/4423/4250 6524/4422/4250 3346/4424/4250 1233/4425/4250
f 713/4419/4251 4761/4418/4251 6525/4426/4251 2307/4427/4251
f 4761/4418/4252 1674/4417/4252 4760/4423/4252 6525/4426/4252
f 6525/4426/4253 4760/4423/4253 1233/4425/4253 3347/4428/4253
f 2307/4427/4254 6525/4426/4254 3347/4428/4254 209/4429/4254
f 209/4429/4255 3347/4428/4255 6526/4430/4255 2308/4431/4255
f 3347/4428/4256 1233/4425/4256 4762/4432/4256 6526/4430/4256
f 6526/4430/4257 4762/4432/4257 1675/4433/4257 4765/4434/4257
f 2308/4431/4258 6526/4430/4258 4765/4434/4258 714/4435/4258
f 1233/4425/4259 3346/4424/4259 6527/4436/4259 4762/4432/4259
f 3346/4424/4260 229/4109/4260 2348/4111/4260 6527/4436/4260
f 6527/4436/4261 2348/4111/4261 734/4115/4261 4763/4437/4261
f 4762/4432/4262 6527/4436/4262 4763/4437/4262 1675/4433/4262
f 1675/4433/4263 4763/4437/4263 6528/4438/4263 4764/4439/4263
f 4763/4437/4264 734/4115/4264 2349/4123/4264 6528/4438/4264
f 6528/4438/4265 2349/4123/4265 230/4125/4265 3348/4440/4265
f 4764/4439/4266 6528/4438/4266 3348/4440/4266 1234/4441/4266
f 714/4435/4267 4765/4434/4267 6529/4442/4267 2309/4443/4267
f 4765/4434/4268 1675/4433/4268 4764/4439/4268 6529/4442/4268
f 6529/4442/4269 4764/4439/4269 1234/4441/4269 3349/4444/4269
f 2309/4443/4270 6529/4442/4270 3349/4444/4270 210/4445/4270
f 210/4445/4271 3349/4444/4271 6530/4446/4271 2310/4447/4271
f 3349/4444/4272 1234/4441/4272 4766/4448/4272 6530/4446/4272
f 6530/4446/4273 4766/4448/4273 1676/4449/4273 4769/4450/4273
f 2310/4447/4274 6530/4446/4274 4769/4450/4274 715/4451/4274
f 1234/4441/4275 3348/4440/4275 6531/4452/4275 4766/4448/4275
f 3348/4440/4276 230/4125/4276 2350/4127/4276 6531/4452/4276
f 6531/4452/4277 2350/4127/4277 735/4131/4277 4767/4453/4277
f 4766/4448/4278 6531/4452/4278 4767/4453/4278 1676/4449/4278
f 1676/4449/4279 4767/4453/4279 6532/4454/4279 4768/4455/4279
f 4767/4453/4280 735/4131/4280 2351/4139/4280 6532/4454/4280
f 6532/4454/4281 2351/4139/4281 231/4141/4281 3350/4456/4281
f 4768/4455/4282 6532/4454/4282 3350/4456/4282 1235/4457/4282
f 715/4451/4283 4769/4450/4283 6533/4458/4283 2311/4459/4283
f 4769/4450/4284 1676/4449/4284 4768/4455/4284 6533/4458/4284
f 6533/4458/4285 4768/4455/4285 1235/4457/4285 3351/4460/4285
f 2311/4459/4286 6533/4458/4286 3351/4460/4286 211/4461/4286
f 211/4461/4287 3351/4460/4287 6534/4462/4287 2312/4463/4287
f 3351/4460/4288 1235/4457/4288 4770/4464/4288 6534/4462/4288
f 6534/4462/4289 4770/4464/4289 1677/4465/4289 4773/4466/4289
f 2312/4463/4290 6534/4462/4290 4773/4466/4290 716/4467/4290
f 1235/4457/4291 3350/4456/4291 6535/4468/4291 4770/4464/4291
f 3350/4456/4292 231/4141/4292 2352/4143/4292 6535/4468/4292
f 6535/4468/4293 2352/4143/4293 736/4147/4293 4771/4469/4293
f 4770/4464/4294 6535/4468/4294 4771/4469/4294 1677/4465/4294
f 1677/4465/4295 4771/4469/4295 6536/4470/4295 4772/4471/4295
f 4771/4469/4296 736/4147/4296 2353/4155/4296 6536/4470/4296
f 6536/4470/4297 2353/4155/4297 232/4157/4297 3352/4472/4297
f 4772/4471/4298 6536/4470/4298 3352/4472/4298 1236/4473/4298
f 716/4467/4299 4773/4466/4299 6537/4474/4299 2313/4475/4299
f 4773/4466/4300 1677/4465/4300 4772/4471/4300 6537/4474/4300
f 6537/4474/4301 4772/4471/4301 1236/4473/4301 3353/4476/4301
f 2313/4475/4302 6537/4474/4302 3353/4476/4302 212/4477/4302
f 212/4477/4303 3353/4476/4303 6538/4478/4303 2314/4479/4303
f 3353/4476/4304 1236/4473/4304 4774/4480/4304 6538/4478/4304
f 6538/4478/4305 4774/4480/4305 1678/4481/4305 4777/4482/4305
f 2314/4479/4306 6538/4478/4306 4777/4482/4306 717/4483/4306
f 1236/4473/4307 3352/4472/4307 6539/4484/4307 4774/4480/4307
f 3352/4472/4308 232/4157/4308 2354/4159/4308 6539/4484/4308
f 6539/4484/4309 2354/4159/4309 737/4163/4309 4775/4485/4309
f 4774/4480/4310 6539/4484/4310 4775/4485/4310 1678/4481/4310
f 1678/4481/4311 4775/4485/4311 6540/4486/4311 4776/4487/4311
f 4775/4485/4312 737/4163/4312 2355/4171/4312 6540/4486/4312
f 6540/4486/4313 2355/4171/4313 233/4173/4313 3354/4488/4313
f 4776/4487/4314 6540/4486/4314 3354/4488/4314 1237/4489/4314
f 717/4483/4315 4777/4482/4315 6541/4490/4315 2315/4491/4315
f 4777/4482/4316 1678/4481/4316 4776/4487/4316 6541/4490/4316
f 6541/4490/4317 4776/4487/4317 1237/4489/4317 3355/4492/4317
f 2315/4491/4318 6541/4490/4318 3355/4492/4318 213/4493/4318
f 213/4493/4319 3355/4492/4319 6542/4494/4319 2316/4495/4319
f 3355/4492/4320 1237/4489/4320 4778/4496/4320 6542/4494/4320
f 6542/4494/4321 4778/4496/4321 1679/4497/4321 4781/4498/4321
f 2316/4495/4322 6542/4494/4322 4781/4498/4322 718/4499/4322
f 1237/4489/4323 3354/4488/4323 6543/4500/4323 4778/4496/4323
f 3354/4488/4324 233/4173/4324 2356/4175/4324 6543/4500/4324
f 6543/4500/4325 2356/4175/4325 738/4179/4325 4779/4501/4325
f 4778/4496/4326 6543/4500/4326 4779/4501/4326 1679/4497/4326
f 1679/4497/4327 4779/4501/4327 6544/4502/4327 4780/4503/4327
f 4779/4501/4328 738/4179/4328 2357/4187/4328 6544/4502/4328
f 6544/4502/4329 2357/4187/4329 234/4189/4329 3356/4504/4329
f 4780/4503/4330 6544/4502/4330 3356/4504/4330 1238/4505/4330
f 718/4499/4331 4781/4498/4331 6545/4506/4331 2317/4507/4331
f 4781/4498/4332 1679/4497/4332 4780/4503/4332 6545/4506/4332
f 6545/4506/4333 4780/4503/4333 1238/4505/4333 3357/4508/4333
f 2317/4507/4334 6545/4506/4334 3357/4508/4334 214/4509/4334
f 214/4509/4335 3357/4508/4335 6546/4510/4335 2318/4511/4335
f 3357/4508/4336 1238/4505/4336 4782/4512/4336 6546/4510/4336
f 6546/4510/4337 4782/4512/4337 1680/4513/4337 4785/4514/4337
f 2318/4511/4338 6546/4510/4338 4785/4514/4338 719/4515/4338
f 1238/4505/4339 3356/4504/4339 6547/4516/4339 4782/4512/4339
f 3356/4504/4340 234/4189/4340 2358/4191/4340 6547/4516/4340
f 6547/4516/4341 2358/4191/4341 739/4195/4341 4783/4517/4341
f 4782/4512/4342 6547/4516/4342 4783/4517/4342 1680/4513/4342
f 1680/4513/4343 4783/4517/4343 6548/4518/4343 4784/4519/4343
f 4783/4517/4344 739/4195/4344 2359/4203/4344 6548/4518/4344
f 6548/4518/4345 2359/4203/4345 235/4205/4345 3358/4520/4345
f 4784/4519/4346 6548/4518/4346 3358/4520/4346 1239/4521/4346
f 719/4515/4347 4785/4514/4347 6549/4522/4347 2319/4523/4347
f 4785/4514/4348 1680/4513/4348 4784/4519/4348 6549/4522/4348
f 6549/4522/4349 4784/4519/4349 1239/4521/4349 3359/4524/4349
f 2319/4523/4350 6549/4522/4350 3359/4524/4350 215/4525/4350
f 215/4525/4351 3359/4524/4351 6550/4526/4351 2320/4527/4351
f 3359/4524/4352 1239/4521/4352 4786/4528/4352 6550/4526/4352
f 6550/4526/4353 4786/4528/4353 1681/4529/4353 4789/4530/4353
f 2320/4527/4354 6550/4526/4354 4789/4530/4354 720/4531/4354
f 1239/4521/4355 3358/4520/4355 6551/4532/4355 4786/4528/4355
f 3358/4520/4356 235/4205/4356 2360/4207/4356 6551/4532/4356
f 6551/4532/4357 2360/4207/4357 740/4211/4357 4787/4533/4357
f 4786/4528/4358 6551/4532/4358 4787/4533/4358 1681/4529/4358
f 1681/4529/4359 4787/4533/4359 6552/4534/4359 4788/4535/4359
f 4787/4533/4360 740/4211/4360 2361/4219/4360 6552/4534/4360
f 6552/4534/4361 2361/4219/4361 236/4221/4361 3360/4536/4361
f 4788/4535/4362 6552/4534/4362 3360/4536/4362 1240/4537/4362
f 720/4531/4363 4789/4530/4363 6553/4538/4363 2321/4539/4363
f 4789/4530/4364 1681/4529/4364 4788/4535/4364 6553/4538/4364
f 6553/4538/4365 4788/4535/4365 1240/4537/4365 3361/4540/4365
f 2321/4539/4366 6553/4538/4366 3361/4540/4366 216/4541/4366
f 216/4541/4367 3361/4540/4367 6554/4542/4367 2322/4543/4367
f 3361/4540/4368 1240/4537/4368 4790/4544/4368 6554/4542/4368
f 6554/4542/4369 4790/4544/4369 1682/4545/4369 4793/4546/4369
f 2322/4543/4370 6554/4542/4370 4793/4546/4370 721/4547/4370
f 1240/4537/4371 3360/4536/4371 6555/4548/4371 4790/4544/4371
f 3360/4536/4372 236/4221/4372 2362/4223/4372 6555/4548/4372
f 6555/4548/4373 2362/4223/4373 741/4227/4373 4791/4549/4373
f 4790/4544/4374 6555/4548/4374 4791/4549/4374 1682/4545/4374
f 1682/4545/4375 4791/4549/4375 6556/4550/4375 4792/4551/4375
f 4791/4549/4376 741/4227/4376 2363/4235/4376 6556/4550/4376
f 6556/4550/4377 2363/4235/4377 237/4237/4377 3362/4552/4377
f 4792/4551/4378 6556/4550/4378 3362/4552/4378 1241/4553/4378
f 721/4547/4379 4793/4546/4379 6557/4554/4379 2323/4555/4379
f 4793/4546/4380 1682/4545/4380 4792/4551/4380 6557/4554/4380
f 6557/4554/4381 4792/4551/4381 1241/4553/4381 3363/4556/4381
f 2323/4555/4382 6557/4554/4382 3363/4556/4382 217/4557/4382
f 217/4557/4383 3363/4556/4383 6558/4558/4383 2324/4559/4383
f 3363/4556/4384 1241/4553/4384 4794/4560/4384 6558/4558/4384
f 6558/4558/4385 4794/4560/4385 1683/4561/4385 4797/4562/4385
f 2324/4559/4386 6558/4558/4386 4797/4562/4386 722/4563/4386
f 1241/4553/4387 3362/4552/4387 6559/4564/4387 4794/4560/4387
f 3362/4552/4388 237/4237/4388 2364/4239/4388 6559/4564/4388
f 6559/4564/4389 2364/4239/4389 742/4243/4389 4795/4565/4389
f 4794/4560/4390 6559/4564/4390 4795/4565/4390 1683/4561/4390
f 1683/4561/4391 4795/4565/4391 6560/4566/4391 4796/4567/4391
f 4795/4565/4392 742/4243/4392 2365/4251/4392 6560/4566/4392
f 6560/4566/4393 2365/4251/4393 238/4253/4393 3364/4568/4393
f 4796/4567/4394 6560/4566/4394 3364/4568/4394 1242/4569/4394
f 722/4563/4395 4797/4562/4395 6561/4570/4395 2325/4571/4395
f 4797/4562/4396 1683/4561/4396 4796/4567/4396 6561/4570/4396
f 6561/4570/4397 4796/4567/4397 1242/4569/4397 3365/4572/4397
f 2325/4571/4398 6561/4570/4398 3365/4572/4398 218/4573/4398
f 218/4573/4399 3365/4572/4399 6562/4574/4399 2326/4575/4399
f 3365/4572/4400 1242/4569/4400 4798/4576/4400 6562/4574/4400
f 6562/4574/4401 4798/4576/4401 1684/4577/4401 4801/4578/4401
f 2326/4575/4402 6562/4574/4402 4801/4578/4402 723/4579/4402
f 1242/4569/4403 3364/4568/4403 6563/4580/4403 4798/4576/4403
f 3364/4568/4404 238/4253/4404 2366/4255/4404 6563/4580/4404
f 6563/4580/4405 2366/4255/4405 743/4259/4405 4799/4581/4405
f 4798/4576/4406 6563/4580/4406 4799/4581/4406 1684/4577/4406
f 1684/4577/4407 4799/4581/4407 6564/4582/4407 4800/4583/4407
f 4799/4581/4408 743/4259/4408 2367/4267/4408 6564/4582/4408
f 6564/4582/4409 2367/4267/4409 239/4269/4409 3366/4584/4409
f 4800/4583/4410 6564/4582/4410 3366/4584/4410 1243/4585/4410
f 723/4579/4411 4801/4578/4411 6565/4586/4411 2327/4587/4411
f 4801/4578/4412 1684/4577/4412 4800/4583/4412 6565/4586/4412
f 6565/4586/4413 4800/4583/4413 1243/4585/4413 3367/4588/4413
f 2327/4587/4414 6565/4586/4414 3367/4588/4414 219/4589/4414
f 219/4589/4415 3367/4588/4415 6566/4590/4415 2328/4591/4415
f 3367/4588/4416 1243/4585/4416 4802/4592/4416 6566/4590/4416
f 6566/4590/4417 4802/4592/4417 1685/4593/4417 4805/4594/4417
f 2328/4591/4418 6566/4590/4418 4805/4594/4418 724/4595/4418
f 1243/4585/4419 3366/4584/4419 6567/4596/4419 4802/4592/4419
f 3366/4584/4420 239/4269/4420 2368/4271/4420 6567/4596/4420
f 6567/4596/4421 2368/4271/4421 744/4275/4421 4803/4597/4421
f 4802/4592/4422 6567/4596/4422 4803/4597/4422 1685/4593/4422
f 1685/4593/4423 4803/4597/4423 6568/4598/4423 4804/4599/4423
f 4803/4597/4424 744/4275/4424 2369/4283/4424 6568/4598/4424
f 6568/4598/4425 2369/4283/4425 240/4285/4425 3368/4600/4425
f 4804/4599/4426 6568/4598/4426 3368/4600/4426 1244/4601/4426
f 724/4595/4427 4805/4594/4427 6569/4602/4427 2329/4603/4427
f 4805/4594/4428 1685/4593/4428 4804/4599/4428 6569/4602/4428
f 6569/4602/4429 4804/4599/4429 1244/4601/4429 3369/4604/4429
f 2329/4603/4430 6569/4602/4430 3369/4604/4430 220/4605/4430
f 220/4605/4431 3369/4604/4431 6570/4606/4431 2330/4607/4431
f 3369/4604/4432 1244/4601/4432 4806/4608/4432 6570/4606/4432
f 6570/4606/4433 4806/4608/4433 1686/4609/4433 4809/4610/4433
f 2330/4607/4434 6570/4606/4434 4809/4610/4434 725/4611/4434
f 1244/4601/4435 3368/4600/4435 6571/4612/4435 4806/4608/4435
f 3368/4600/4436 240/4285/4436 2370/4287/4436 6571/4612/4436
f 6571/4612/4437 2370/4287/4437 745/4291/4437 4807/4613/4437
f 4806/4608/4438 6571/4612/4438 4807/4613/4438 1686/4609/4438
f 1686/4609/4439 4807/4613/4439 6572/4614/4439 4808/4615/4439
f 4807/4613/4440 745/4291/4440 2371/4299/4440 6572/4614/4440
f 6572/4614/4441 2371/4299/4441 241/4301/4441 3370/4616/4441
f 4808/4615/4442 6572/4614/4442 3370/4616/4442 1245/4617/4442
f 725/4611/4443 4809/4610/4443 6573/4618/4443 2331/4619/4443
f 4809/4610/4444 1686/4609/4444 4808/4615/4444 6573/4618/4444
f 6573/4618/4445 4808/4615/4445 1245/4617/4445 3371/4620/4445
f 2331/4619/4446 6573/4618/4446 3371/4620/4446 221/4621/4446
f 221/4621/4447 3371/4620/4447 6574/4622/4447 2332/4623/4447
f 3371/4620/4448 1245/4617/4448 4810/4624/4448 6574/4622/4448
f 6574/4622/4449 4810/4624/4449 1687/4625/4449 4813/4626/4449
f 2332/4623/4450 6574/4622/4450 4813/4626/4450 726/4627/4450
f 1245/4617/4451 3370/4616/4451 6575/4628/4451 4810/4624/4451
f 3370/4616/4452 241/4301/4452 2372/4303/4452 6575/4628/4452
f 6575/4628/4453 2372/4303/4453 746/4307/4453 4811/4629/4453
f 4810/4624/4454 6575/4628/4454 4811/4629/4454 1687/4625/4454
f 1687/4625/4455 4811/4629/4455 6576/4630/4455 4812/4631/4455
f 4811/4629/4456 746/4307/4456 2373/4315/4456 6576/4630/4456
f 6576/4630/4457 2373/4315/4457 242/4317/4457 3372/4632/4457
f 4812/4631/4458 6576/4630/4458 3372/4632/4458 1246/4633/4458
f 726/4627/4459 4813/4626/4459 6577/4634/4459 2333/4635/4459
f 4813/4626/4460 1687/4625/4460 4812/4631/4460 6577/4634/4460
f 6577/4634/4461 4812/4631/4461 1246/4633/4461 3373/4636/4461
f 2333/4635/4462 6577/4634/4462 3373/4636/4462 222/4637/4462
f 222/4637/4463 3373/4636/4463 6578/4638/4463 2334/4639/4463
f 3373/4636/4464 1246/4633/4464 4814/4640/4464 6578/4638/4464
f 6578/4638/4465 4814/4640/4465 1688/4641/4465 4817/4642/4465
f 2334/4639/4466 6578/4638/4466 4817/4642/4466 727/4643/4466
f 1246/4633/4467 3372/4632/4467 6579/4644/4467 4814/4640/4467
f 3372/4632/4468 242/4317/4468 2374/4319/4468 6579/4644/4468
f 6579/4644/4469 2374/4319/4469 747/4323/4469 4815/4645/4469
f 4814/4640/4470 6579/4644/4470 4815/4645/4470 1688/4641/4470
f 1688/4641/4471 4815/4645/4471 6580/4646/4471 4816/4647/4471
f 4815/4645/4472 747/4323/4472 2375/4331/4472 6580/4646/4472
f 6580/4646/4473 2375/4331/4473 243/4333/4473 3374/4648/4473
f 4816/4647/4474 6580/4646/4474 3374/4648/4474 1247/4649/4474
f 727/4643/4475 4817/4642/4475 6581/4650/4475 2335/4651/4475
f 4817/4642/4476 1688/4641/4476 4816/4647/4476 6581/4650/4476
f 6581/4650/4477 4816/4647/4477 1247/4649/4477 3375/4652/4477
f 2335/4651/4478 6581/4650/4478 3375/4652/4478 223/4653/4478
f 223/4653/4479 3375/4652/4479 6582/4654/4479 2336/4655/4479
f 3375/4652/4480 1247/4649/4480 4818/4656/4480 6582/4654/4480
f 6582/4654/4481 4818/4656/4481 1689/4657/4481 4821/4658/4481
f 2336/4655/4482 6582/4654/4482 4821/4658/4482 728/4659/4482
f 1247/4649/4483 3374/4648/4483 6583/4660/4483 4818/4656/4483
f 3374/4648/4484 243/4333/4484 2376/4335/4484 6583/4660/4484
f 6583/4660/4485 2376/4335/4485 748/4339/4485 4819/4661/4485
f 4818/4656/4486 6583/4660/4486 4819/4661/4486 1689/4657/4486
f 1689/4657/4487 4819/4661/4487 6584/4662/4487 4820/4663/4487
f 4819/4661/4488 748/4339/4488 2377/4345/4488 6584/4662/4488
f 6584/4662/4489 2377/4345/4489 244/179/4489 3376/177/4489
f 4820/4663/4490 6584/4662/4490 3376/177/4490 1248/173/4490
f 728/4659/4491 4821/4658/4491 6585/4664/4491 2337/4665/4491
f 4821/4658/4492 1689/4657/4492 4820/4663/4492 6585/4664/4492
f 6585/4664/4493 4820/4663/4493 1248/173/4493 3377/171/4493
f 2337/4665/4494 6585/4664/4494 3377/171/4494 224/159/4494
f 19/4666/4495 1887/4667/4495 6586/4668/4495 2258/4669/4495
f 1887/4667/4496 503/4670/4496 4822/4671/4496 6586/4668/4496
f 6586/4668/4497 4822/4671/4497 1690/4672/4497 4825/4673/4497
f 2258/4669/4498 6586/4668/4498 4825/4673/4498 689/4674/4498
f 503/4670/4499 1886/4675/4499 6587/4676/4499 4822/4671/4499
f 1886/4675/4500 18/4346/4500 2298/4349/4500 6587/4676/4500
f 6587/4676/4501 2298/4349/4501 709/4354/4501 4823/4677/4501
f 4822/4671/4502 6587/4676/4502 4823/4677/4502 1690/4672/4502
f 1690/4672/4503 4823/4677/4503 6588/4678/4503 4824/4679/4503
f 4823/4677/4504 709/4354/4504 2299/4363/4504 6588/4678/4504
f 6588/4678/4505 2299/4363/4505 205/4365/4505 3378/4680/4505
f 4824/4679/4506 6588/4678/4506 3378/4680/4506 1249/4681/4506
f 689/4674/4507 4825/4673/4507 6589/4682/4507 2259/4683/4507
f 4825/4673/4508 1690/4672/4508 4824/4679/4508 6589/4682/4508
f 6589/4682/4509 4824/4679/4509 1249/4681/4509 3379/4684/4509
f 2259/4683/4510 6589/4682/4510 3379/4684/4510 185/4685/4510
f 185/4685/4511 3379/4684/4511 6590/4686/4511 2260/4687/4511
f 3379/4684/4512 1249/4681/4512 4826/4688/4512 6590/4686/4512
f 6590/4686/4513 4826/4688/4513 1691/4689/4513 4829/4690/4513
f 2260/4687/4514 6590/4686/4514 4829/4690/4514 690/4691/4514
f 1249/4681/4515 3378/4680/4515 6591/4692/4515 4826/4688/4515
f 3378/4680/4516 205/4365/4516 2300/4367/4516 6591/4692/4516
f 6591/4692/4517 2300/4367/4517 710/4371/4517 4827/4693/4517
f 4826/4688/4518 6591/4692/4518 4827/4693/4518 1691/4689/4518
f 1691/4689/4519 4827/4693/4519 6592/4694/4519 4828/4695/4519
f 4827/4693/4520 710/4371/4520 2301/4379/4520 6592/4694/4520
f 6592/4694/4521 2301/4379/4521 206/4381/4521 3380/4696/4521
f 4828/4695/4522 6592/4694/4522 3380/4696/4522 1250/4697/4522
f 690/4691/4523 4829/4690/4523 6593/4698/4523 2261/4699/4523
f 4829/4690/4524 1691/4689/4524 4828/4695/4524 6593/4698/4524
f 6593/4698/4525 4828/4695/4525 1250/4697/4525 3381/4700/4525
f 2261/4699/4526 6593/4698/4526 3381/4700/4526 186/4701/4526
f 186/4701/4527 3381/4700/4527 6594/4702/4527 2262/4703/4527
f 3381/4700/4528 1250/4697/4528 4830/4704/4528 6594/4702/4528
f 6594/4702/4529 4830/4704/4529 1692/4705/4529 4833/4706/4529
f 2262/4703/4530 6594/4702/4530 4833/4706/4530 691/4707/4530
f 1250/4697/4531 3380/4696/4531 6595/4708/4531 4830/4704/4531
f 3380/4696/4532 206/4381/4532 2302/4383/4532 6595/4708/4532
f 6595/4708/4533 2302/4383/4533 711/4387/4533 4831/4709/4533
f 4830/4704/4534 6595/4708/4534 4831/4709/4534 1692/4705/4534
f 1692/4705/4535 4831/4709/4535 6596/4710/4535 4832/4711/4535
f 4831/4709/4536 711/4387/4536 2303/4395/4536 6596/4710/4536
f 6596/4710/4537 2303/4395/4537 207/4397/4537 3382/4712/4537
f 4832/4711/4538 6596/4710/4538 3382/4712/4538 1251/4713/4538
f 691/4707/4539 4833/4706/4539 6597/4714/4539 2263/4715/4539
f 4833/4706/4540 1692/4705/4540 4832/4711/4540 6597/4714/4540
f 6597/4714/4541 4832/4711/4541 1251/4713/4541 3383/4716/4541
f 2263/4715/4542 6597/4714/4542 3383/4716/4542 187/4717/4542
f 187/4717/4543 3383/4716/4543 6598/4718/4543 2264/4719/4543
f 3383/4716/4544 1251/4713/4544 4834/4720/4544 6598/4718/4544
f 6598/4718/4545 4834/4720/4545 1693/4721/4545 4837/4722/4545
f 2264/4719/4546 6598/4718/4546 4837/4722/4546 692/4723/4546
f 1251/4713/4547 3382/4712/4547 6599/4724/4547 4834/4720/4547
f 3382/4712/4548 207/4397/4548 2304/4399/4548 6599/4724/4548
f 6599/4724/4549 2304/4399/4549 712/4403/4549 4835/4725/4549
f 4834/4720/4550 6599/4724/4550 4835/4725/4550 1693/4721/4550
f 1693/4721/4551 4835/4725/4551 6600/4726/4551 4836/4727/4551
f 4835/4725/4552 712/4403/4552 2305/4411/4552 6600/4726/4552
f 6600/4726/4553 2305/4411/4553 208/4413/4553 3384/4728/4553
f 4836/4727/4554 6600/4726/4554 3384/4728/4554 1252/4729/4554
f 692/4723/4555 4837/4722/4555 6601/4730/4555 2265/4731/4555
f 4837/4722/4556 1693/4721/4556 4836/4727/4556 6601/4730/4556
f 6601/4730/4557 4836/4727/4557 1252/4729/4557 3385/4732/4557
f 2265/4731/4558 6601/4730/4558 3385/4732/4558 188/4733/4558
f 188/4733/4559 3385/4732/4559 6602/4734/4559 2266/4735/4559
f 3385/4732/4560 1252/4729/4560 4838/4736/4560 6602/4734/4560
f 6602/4734/4561 4838/4736/4561 1694/4737/4561 4841/4738/4561
f 2266/4735/4562 6602/4734/4562 4841/4738/4562 693/4739/4562
f 1252/4729/4563 3384/4728/4563 6603/4740/4563 4838/4736/4563
f 3384/4728/4564 208/4413/4564 2306/4415/4564 6603/4740/4564
f 6603/4740/4565 2306/4415/4565 713/4419/4565 4839/4741/4565
f 4838/4736/4566 6603/4740/4566 4839/4741/4566 1694/4737/4566
f 1694/4737/4567 4839/4741/4567 6604/4742/4567 4840/4743/4567
f 4839/4741/4568 713/4419/4568 2307/4427/4568 6604/4742/4568
f 6604/4742/4569 2307/4427/4569 209/4429/4569 3386/4744/4569
f 4840/4743/4570 6604/4742/4570 3386/4744/4570 1253/4745/4570
f 693/4739/4571 4841/4738/4571 6605/4746/4571 2267/4747/4571
f 4841/4738/4572 1694/4737/4572 4840/4743/4572 6605/4746/4572
f 6605/4746/4573 4840/4743/4573 1253/4745/4573 3387/4748/4573
f 2267/4747/4574 6605/4746/4574 3387/4748/4574 189/4749/4574
f 189/4749/4575 3387/4748/4575 6606/4750/4575 2268/4751/4575
f 3387/4748/4576 1253/4745/4576 4842/4752/4576 6606/4750/4576
f 6606/4750/4577 4842/4752/4577 1695/4753/4577 4845/4754/4577
f 2268/4751/4578 6606/4750/4578 4845/4754/4578 694/4755/4578
f 1253/4745/4579 3386/4744/4579 6607/4756/4579 4842/4752/4579
f 3386/4744/4580 209/4429/4580 2308/4431/4580 6607/4756/4580
f 6607/4756/4581 2308/4431/4581 714/4435/4581 4843/4757/4581
f 4842/4752/4582 6607/4756/4582 4843/4757/4582 1695/4753/4582
f 1695/4753/4583 4843/4757/4583 6608/4758/4583 4844/4759/4583
f 4843/4757/4584 714/4435/4584 2309/4443/4584 6608/4758/4584
f 6608/4758/4585 2309/4443/4585 210/4445/4585 3388/4760/4585
f 4844/4759/4586 6608/4758/4586 3388/4760/4586 1254/4761/4586
f 694/4755/4587 4845/4754/4587 6609/4762/4587 2269/4763/4587
f 4845/4754/4588 1695/4753/4588 4844/4759/4588 6609/4762/4588
f 6609/4762/4589 4844/4759/4589 1254/4761/4589 3389/4764/4589
f 2269/4763/4590 6609/4762/4590 3389/4764/4590 190/4765/4590
f 190/4765/4591 3389/4764/4591 6610/4766/4591 2270/4767/4591
f 3389/4764/4592 1254/4761/4592 4846/4768/4592 6610/4766/4592
f 6610/4766/4593 4846/4768/4593 1696/4769/4593 4849/4770/4593
f 2270/4767/4594 6610/4766/4594 4849/4770/4594 695/4771/4594
f 1254/4761/4595 3388/4760/4595 6611/4772/4595 4846/4768/4595
f 3388/4760/4596 210/4445/4596 2310/4447/4596 6611/4772/4596
f 6611/4772/4597 2310/4447/4597 715/4451/4597 4847/4773/4597
f 4846/4768/4598 6611/4772/4598 4847/4773/4598 1696/4769/4598
f 1696/4769/4599 4847/4773/4599 6612/4774/4599 4848/4775/4599
f 4847/4773/4600 715/4451/4600 2311/4459/4600 6612/4774/4600
f 6612/4774/4601 2311/4459/4601 211/4461/4601 3390/4776/4601
f 4848/4775/4602 6612/4774/4602 3390/4776/4602 1255/4777/4602
f 695/4771/4603 4849/4770/4603 6613/4778/4603 2271/4779/4603
f 4849/4770/4604 1696/4769/4604 4848/4775/4604 6613/4778/4604
f 6613/4778/4605 4848/4775/4605 1255/4777/4605 3391/4780/4605
f 2271/4779/4606 6613/4778/4606 3391/4780/4606 191/4781/4606
f 191/4781/4607 3391/4780/4607 6614/4782/4607 2272/4783/4607
f 3391/4780/4608 1255/4777/4608 4850/4784/4608 6614/4782/4608
f 6614/4782/4609 4850/4784/4609 1697/4785/4609 4853/4786/4609
f 2272/4783/4610 6614/4782/4610 4853/4786/4610 696/4787/4610
f 1255/4777/4611 3390/4776/4611 6615/4788/4611 4850/4784/4611
f 3390/4776/4612 211/4461/4612 2312/4463/4612 6615/4788/4612
f 6615/4788/4613 2312/4463/4613 716/4467/4613 4851/4789/4613
f 4850/4784/4614 6615/4788/4614 4851/4789/4614 1697/4785/4614
f 1697/4785/4615 4851/4789/4615 6616/4790/4615 4852/4791/4615
f 4851/4789/4616 716/4467/4616 2313/4475/4616 6616/4790/4616
f 6616/4790/4617 2313/4475/4617 212/4477/4617 3392/4792/4617
f 4852/4791/4618 6616/4790/4618 3392/4792/4618 1256/4793/4618
f 696/4787/4619 4853/4786/4619 6617/4794/4619 2273/4795/4619
f 4853/4786/4620 1697/4785/4620 4852/4791/4620 6617/4794/4620
f 6617/4794/4621 4852/4791/4621 1256/4793/4621 3393/4796/4621
f 2273/4795/4622 6617/4794/4622 3393/4796/4622 192/4797/4622
f 192/4797/4623 3393/4796/4623 6618/4798/4623 2274/4799/4623
f 3393/4796/4624 1256/4793/4624 4854/4800/4624 6618/4798/4624
f 6618/4798/4625 4854/4800/4625 1698/4801/4625 4857/4802/4625
f 2274/4799/4626 6618/4798/4626 4857/4802/4626 697/4803/4626
f 1256/4793/4627 3392/4792/4627 6619/4804/4627 4854/4800/4627
f 3392/4792/4628 212/4477/4628 2314/4479/4628 6619/4804/4628
f 6619/4804/4629 2314/4479/4629 717/4483/4629 4855/4805/4629
f 4854/4800/4630 6619/4804/4630 4855/4805/4630 1698/4801/4630
f 1698/4801/4631 4855/4805/4631 6620/4806/4631 4856/4807/4631
f 4855/4805/4632 717/4483/4632 2315/4491/4632 6620/4806/4632
f 6620/4806/4633 2315/4491/4633 213/4493/4633 3394/4808/4633
f 4856/4807/4634 6620/4806/4634 3394/4808/4634 1257/4809/4634
f 697/4803/4635 4857/4802/4635 6621/4810/4635 2275/4811/4635
f 4857/4802/4636 1698/4801/4636 4856/4807/4636 6621/4810/4636
f 6621/4810/4637 4856/4807/4637 1257/4809/4637 3395/4812/4637
f 2275/4811/4638 6621/4810/4638 3395/4812/4638 193/4813/4638
f 193/4813/4639 3395/4812/4639 6622/4814/4639 2276/4815/4639
f 3395/4812/4640 1257/4809/4640 4858/4816/4640 6622/4814/4640
f 6622/4814/4641 4858/4816/4641 1699/4817/4641 4861/4818/4641
f 2276/4815/4642 6622/4814/4642 4861/4818/4642 698/4819/4642
f 1257/4809/4643 3394/4808/4643 6623/4820/4643 4858/4816/4643
f 3394/4808/4644 213/4493/4644 2316/4495/4644 6623/4820/4644
f 6623/4820/4645 2316/4495/4645 718/4499/4645 4859/4821/4645
f 4858/4816/4646 6623/4820/4646 4859/4821/4646 1699/4817/4646
f 1699/4817/4647 4859/4821/4647 6624/4822/4647 4860/4823/4647
f 4859/4821/4648 718/4499/4648 2317/4507/4648 6624/4822/4648
f 6624/4822/4649 2317/4507/4649 214/4509/4649 3396/4824/4649
f 4860/4823/4650 6624/4822/4650 3396/4824/4650 1258/4825/4650
f 698/4819/4651 4861/4818/4651 6625/4826/4651 2277/4827/4651
f 4861/4818/4652 1699/4817/4652 4860/4823/4652 6625/4826/4652
f 6625/4826/4653 4860/4823/4653 1258/4825/4653 3397/4828/4653
f 2277/4827/4654 6625/4826/4654 3397/4828/4654 194/4829/4654
f 194/4829/4655 3397/4828/4655 6626/4830/4655 2278/4831/4655
f 3397/4828/4656 1258/4825/4656 4862/4832/4656 6626/4830/4656
f 6626/4830/4657 4862/4832/4657 1700/4833/4657 4865/4834/4657
f 2278/4831/4658 6626/4830/4658 4865/4834/4658 699/4835/4658
f 1258/4825/4659 3396/4824/4659 6627/4836/4659 4862/4832/4659
f 3396/4824/4660 214/4509/4660 2318/4511/4660 6627/4836/4660
f 6627/4836/4661 2318/4511/4661 719/4515/4661 4863/4837/4661
f 4862/4832/4662 6627/4836/4662 4863/4837/4662 1700/4833/4662
f 1700/4833/4663 4863/4837/4663 6628/4838/4663 4864/4839/4663
f 4863/4837/4664 719/4515/4664 2319/4523/4664 6628/4838/4664
f 6628/4838/4665 2319/4523/4665 215/4525/4665 3398/4840/4665
f 4864/4839/4666 6628/4838/4666 3398/4840/4666 1259/4841/4666
f 699/4835/4667 4865/4834/4667 6629/4842/4667 2279/4843/4667
f 4865/4834/4668 1700/4833/4668 4864/4839/4668 6629/4842/4668
f 6629/4842/4669 4864/4839/4669 1259/4841/4669 3399/4844/4669
f 2279/4843/4670 6629/4842/4670 3399/4844/4670 195/4845/4670
f 195/4845/4671 3399/4844/4671 6630/4846/4671 2280/4847/4671
f 3399/4844/4672 1259/4841/4672 4866/4848/4672 6630/4846/4672
f 6630/4846/4673 4866/4848/4673 1701/4849/4673 4869/4850/4673
f 2280/4847/4674 6630/4846/4674 4869/4850/4674 700/4851/4674
f 1259/4841/4675 3398/4840/4675 6631/4852/4675 4866/4848/4675
f 3398/4840/4676 215/4525/4676 2320/4527/4676 6631/4852/4676
f 6631/4852/4677 2320/4527/4677 720/4531/4677 4867/4853/4677
f 4866/4848/4678 6631/4852/4678 4867/4853/4678 1701/4849/4678
f 1701/4849/4679 4867/4853/4679 6632/4854/4679 4868/4855/4679
f 4867/4853/4680 720/4531/4680 2321/4539/4680 6632/4854/4680
f 6632/4854/4681 2321/4539/4681 216/4541/4681 3400/4856/4681
f 4868/4855/4682 6632/4854/4682 3400/4856/4682 1260/4857/4682
f 700/4851/4683 4869/4850/4683 6633/4858/4683 2281/4859/4683
f 4869/4850/4684 1701/4849/4684 4868/4855/4684 6633/4858/4684
f 6633/4858/4685 4868/4855/4685 1260/4857/4685 3401/4860/4685
f 2281/4859/4686 6633/4858/4686 3401/4860/4686 196/4861/4686
f 196/4861/4687 3401/4860/4687 6634/4862/4687 2282/4863/4687
f 3401/4860/4688 1260/4857/4688 4870/4864/4688 6634/4862/4688
f 6634/4862/4689 4870/4864/4689 1702/4865/4689 4873/4866/4689
f 2282/4863/4690 6634/4862/4690 4873/4866/4690 701/4867/4690
f 1260/4857/4691 3400/4856/4691 6635/4868/4691 4870/4864/4691
f 3400/4856/4692 216/4541/4692 2322/4543/4692 6635/4868/4692
f 6635/4868/4693 2322/4543/4693 721/4547/4693 4871/4869/4693
f 4870/4864/4694 6635/4868/4694 4871/4869/4694 1702/4865/4694
f 1702/4865/4695 4871/4869/4695 6636/4870/4695 4872/4871/4695
f 4871/4869/4696 721/4547/4696 2323/4555/4696 6636/4870/4696
f 6636/4870/4697 2323/4555/4697 217/4557/4697 3402/4872/4697
f 4872/4871/4698 6636/4870/4698 3402/4872/4698 1261/4873/4698
f 701/4867/4699 4873/4866/4699 6637/4874/4699 2283/4875/4699
f 4873/4866/4700 1702/4865/4700 4872/4871/4700 6637/4874/4700
f 6637/4874/4701 4872/4871/4701 1261/4873/4701 3403/4876/4701
f 2283/4875/4702 6637/4874/4702 3403/4876/4702 197/4877/4702
f 197/4877/4703 3403/4876/4703 6638/4878/4703 2284/4879/4703
f 3403/4876/4704 1261/4873/4704 4874/4880/4704 6638/4878/4704
f 6638/4878/4705 4874/4880/4705 1703/4881/4705 4877/4882/4705
f 2284/4879/4706 6638/4878/4706 4877/4882/4706 702/4883/4706
f 1261/4873/4707 3402/4872/4707 6639/4884/4707 4874/4880/4707
f 3402/4872/4708 217/4557/4708 2324/4559/4708 6639/4884/4708
f 6639/4884/4709 2324/4559/4709 722/4563/4709 4875/4885/4709
f 4874/4880/4710 6639/4884/4710 4875/4885/4710 1703/4881/4710
f 1703/4881/4711 4875/4885/4711 6640/4886/4711 4876/4887/4711
f 4875/4885/4712 722/4563/4712 2325/4571/4712 6640/4886/4712
f 6640/4886/4713 2325/4571/4713 218/4573/4713 3404/4888/4713
f 4876/4887/4714 6640/4886/4714 3404/4888/4714 1262/4889/4714
f 702/4883/4715 4877/4882/4715 6641/4890/4715 2285/4891/4715
f 4877/4882/4716 1703/4881/4716 4876/4887/4716 6641/4890/4716
f 6641/4890/4717 4876/4887/4717 1262/4889/4717 3405/4892/4717
f 2285/4891/4718 6641/4890/4718 3405/4892/4718 198/4893/4718
f 198/4893/4719 3405/4892/4719 6642/4894/4719 2286/4895/4719
f 3405/4892/4720 1262/4889/4720 4878/4896/4720 6642/4894/4720
f 6642/4894/4721 4878/4896/4721 1704/4897/4721 4881/4898/4721
f 2286/4895/4722 6642/4894/4722 4881/4898/4722 703/4899/4722
f 1262/4889/4723 3404/4888/4723 6643/4900/4723 4878/4896/4723
f 3404/4888/4724 218/4573/4724 2326/4575/4724 6643/4900/4724
f 6643/4900/4725 2326/4575/4725 723/4579/4725 4879/4901/4725
f 4878/4896/4726 6643/4900/4726 4879/4901/4726 1704/4897/4726
f 1704/4897/4727 4879/4901/4727 6644/4902/4727 4880/4903/4727
f 4879/4901/4728 723/4579/4728 2327/4587/4728 6644/4902/4728
f 6644/4902/4729 2327/4587/4729 219/4589/4729 3406/4904/4729
f 4880/4903/4730 6644/4902/4730 3406/4904/4730 1263/4905/4730
f 703/4899/4731 4881/4898/4731 6645/4906/4731 2287/4907/4731
f 4881/4898/4732 1704/4897/4732 4880/4903/4732 6645/4906/4732
f 6645/4906/4733 4880/4903/4733 1263/4905/4733 3407/4908/4733
f 2287/4907/4734 6645/4906/4734 3407/4908/4734 199/4909/4734
f 199/4909/4735 3407/4908/4735 6646/4910/4735 2288/4911/4735
f 3407/4908/4736 1263/4905/4736 4882/4912/4736 6646/4910/4736
f 6646/4910/4737 4882/4912/4737 1705/4913/4737 4885/4914/4737
f 2288/4911/4738 6646/4910/4738 4885/4914/4738 704/4915/4738
f 1263/4905/4739 3406/4904/4739 6647/4916/4739 4882/4912/4739
f 3406/4904/4740 219/4589/4740 2328/4591/4740 6647/4916/4740
f 6647/4916/4741 2328/4591/4741 724/4595/4741 4883/4917/4741
f 4882/4912/4742 6647/4916/4742 4883/4917/4742 1705/4913/4742
f 1705/4913/4743 4883/4917/4743 6648/4918/4743 4884/4919/4743
f 4883/4917/4744 724/4595/4744 2329/4603/4744 6648/4918/4744
f 6648/4918/4745 2329/4603/4745 220/4605/4745 3408/4920/4745
f 4884/4919/4746 6648/4918/4746 3408/4920/4746 1264/4921/4746
f 704/4915/4747 4885/4914/4747 6649/4922/4747 2289/4923/4747
f 4885/4914/4748 1705/4913/4748 4884/4919/4748 6649/4922/4748
f 6649/4922/4749 4884/4919/4749 1264/4921/4749 3409/4924/4749
f 2289/4923/4750 6649/4922/4750 3409/4924/4750 200/4925/4750
f 200/4925/4751 3409/4924/4751 6650/4926/4751 2290/4927/4751
f 3409/4924/4752 1264/4921/4752 4886/4928/4752 6650/4926/4752
f 6650/4926/4753 4886/4928/4753 1706/4929/4753 4889/4930/4753
f 2290/4927/4754 6650/4926/4754 4889/4930/4754 705/4931/4754
f 1264/4921/4755 3408/4920/4755 6651/4932/4755 4886/4928/4755
f 3408/4920/4756 220/4605/4756 2330/4607/4756 6651/4932/4756
f 6651/4932/4757 2330/4607/4757 725/4611/4757 4887/4933/4757
f 4886/4928/4758 6651/4932/4758 4887/4933/4758 1706/4929/4758
f 1706/4929/4759 4887/4933/4759 6652/4934/4759 4888/4935/4759
f 4887/4933/4760 725/4611/4760 2331/4619/4760 6652/4934/4760
f 6652/4934/4761 2331/4619/4761 221/4621/4761 3410/4936/4761
f 4888/4935/4762 6652/4934/4762 3410/4936/4762 1265/4937/4762
f 705/4931/4763 4889/4930/4763 6653/4938/4763 2291/4939/4763
f 4889/4930/4764 1706/4929/4764 4888/4935/4764 6653/4938/4764
f 6653/4938/4765 4888/4935/4765 1265/4937/4765 3411/4940/4765
f 2291/4939/4766 6653/4938/4766 3411/4940/4766 201/4941/4766
f 201/4941/4767 3411/4940/4767 6654/4942/4767 2292/4943/4767
f 3411/4940/4768 1265/4937/4768 4890/4944/4768 6654/4942/4768
f 6654/4942/4769 4890/4944/4769 1707/4945/4769 4893/4946/4769
f 2292/4943/4770 6654/4942/4770 4893/4946/4770 706/4947/4770
f 1265/4937/4771 3410/4936/4771 6655/4948/4771 4890/4944/4771
f 3410/4936/4772 221/4621/4772 2332/4623/4772 6655/4948/4772
f 6655/4948/4773 2332/4623/4773 726/4627/4773 4891/4949/4773
f 4890/4944/4774 6655/4948/4774 4891/4949/4774 1707/4945/4774
f 1707/4945/4775 4891/4949/4775 6656/4950/4775 4892/4951/4775
f 4891/4949/4776 726/4627/4776 2333/4635/4776 6656/4950/4776
f 6656/4950/4777 2333/4635/4777 222/4637/4777 3412/4952/4777
f 4892/4951/4778 6656/4950/4778 3412/4952/4778 1266/4953/4778
f 706/4947/4779 4893/4946/4779 6657/4954/4779 2293/4955/4779
f 4893/4946/4780 1707/4945/4780 4892/4951/4780 6657/4954/4780
f 6657/4954/4781 4892/4951/4781 1266/4953/4781 3413/4956/4781
f 2293/4955/4782 6657/4954/4782 3413/4956/4782 202/4957/4782
f 202/4957/4783 3413/4956/4783 6658/4958/4783 2294/4959/4783
f 3413/4956/4784 1266/4953/4784 4894/4960/4784 6658/4958/4784
f 6658/4958/4785 4894/4960/4785 1708/4961/4785 4897/4962/4785
f 2294/4959/4786 6658/4958/4786 4897/4962/4786 707/4963/4786
f 1266/4953/4787 3412/4952/4787 6659/4964/4787 4894/4960/4787
f 3412/4952/4788 222/4637/4788 2334/4639/4788 6659/4964/4788
f 6659/4964/4789 2334/4639/4789 727/4643/4789 4895/4965/4789
f 4894/4960/4790 6659/4964/4790 4895/4965/4790 1708/4961/4790
f 1708/4961/4791 4895/4965/4791 6660/4966/4791 4896/4967/4791
f 4895/4965/4792 727/4643/4792 2335/4651/4792 6660/4966/4792
f 6660/4966/4793 2335/4651/4793 223/4653/4793 3414/4968/4793
f 4896/4967/4794 6660/4966/4794 3414/4968/4794 1267/4969/4794
f 707/4963/4795 4897/4962/4795 6661/4970/4795 2295/4971/4795
f 4897/4962/4796 1708/4961/4796 4896/4967/4796 6661/4970/4796
f 6661/4970/4797 4896/4967/4797 1267/4969/4797 3415/4972/4797
f 2295/4971/4798 6661/4970/4798 3415/4972/4798 203/4973/4798
f 203/4973/4799 3415/4972/4799 6662/4974/4799 2296/4975/4799
f 3415/4972/4800 1267/4969/4800 4898/4976/4800 6662/4974/4800
f 6662/4974/4801 4898/4976/4801 1709/4977/4801 4901/4978/4801
f 2296/4975/4802 6662/4974/4802 4901/4978/4802 708/4979/4802
f 1267/4969/4803 3414/4968/4803 6663/4980/4803 4898/4976/4803
f 3414/4968/4804 223/4653/4804 2336/4655/4804 6663/4980/4804
f 6663/4980/4805 2336/4655/4805 728/4659/4805 4899/4981/4805
f 4898/4976/4806 6663/4980/4806 4899/4981/4806 1709/4977/4806
f 1709/4977/4807 4899/4981/4807 6664/4982/4807 4900/4983/4807
f 4899/4981/4808 728/4659/4808 2337/4665/4808 6664/4982/4808
f 6664/4982/4809 2337/4665/4809 224/159/4809 3416/157/4809
f 4900/4983/4810 6664/4982/4810 3416/157/4810 1268/153/4810
f 708/4979/4811 4901/4978/4811 6665/4984/4811 2297/4985/4811
f 4901/4978/4812 1709/4977/4812 4900/4983/4812 6665/4984/4812
f 6665/4984/4813 4900/4983/4813 1268/153/4813 3417/151/4813
f 2297/4985/4814 6665/4984/4814 3417/151/4814 204/139/4814
f 20/4986/4815 1889/4987/4815 6666/4988/4815 2218/4989/4815
f 1889/4987/4816 504/4990/4816 4902/4991/4816 6666/4988/4816
f 6666/4988/4817 4902/4991/4817 1710/4992/4817 4905/4993/4817
f 2218/4989/4818 6666/4988/4818 4905/4993/4818 669/4994/4818
f 504/4990/4819 1888/4995/4819 6667/4996/4819 4902/4991/4819
f 1888/4995/4820 19/4666/4820 2258/4669/4820 6667/4996/4820
f 6667/4996/4821 2258/4669/4821 689/4674/4821 4903/4997/4821
f 4902/4991/4822 6667/4996/4822 4903/4997/4822 1710/4992/4822
f 1710/4992/4823 4903/4997/4823 6668/4998/4823 4904/4999/4823
f 4903/4997/4824 689/4674/4824 2259/4683/4824 6668/4998/4824
f 6668/4998/4825 2259/4683/4825 185/4685/4825 3418/5000/4825
f 4904/4999/4826 6668/4998/4826 3418/5000/4826 1269/5001/4826
f 669/4994/4827 4905/4993/4827 6669/5002/4827 2219/5003/4827
f 4905/4993/4828 1710/4992/4828 4904/4999/4828 6669/5002/4828
f 6669/5002/4829 4904/4999/4829 1269/5001/4829 3419/5004/4829
f 2219/5003/4830 6669/5002/4830 3419/5004/4830 165/5005/4830
f 165/5005/4831 3419/5004/4831 6670/5006/4831 2220/5007/4831
f 3419/5004/4832 1269/5001/4832 4906/5008/4832 6670/5006/4832
f 6670/5006/4833 4906/5008/4833 1711/5009/4833 4909/5010/4833
f 2220/5007/4834 6670/5006/4834 4909/5010/4834 670/5011/4834
f 1269/5001/4835 3418/5000/4835 6671/5012/4835 4906/5008/4835
f 3418/5000/4836 185/4685/4836 2260/4687/4836 6671/5012/4836
f 6671/5012/4837 2260/4687/4837 690/4691/4837 4907/5013/4837
f 4906/5008/4838 6671/5012/4838 4907/5013/4838 1711/5009/4838
f 1711/5009/4839 4907/5013/4839 6672/5014/4839 4908/5015/4839
f 4907/5013/4840 690/4691/4840 2261/4699/4840 6672/5014/4840
f 6672/5014/4841 2261/4699/4841 186/4701/4841 3420/5016/4841
f 4908/5015/4842 6672/5014/4842 3420/5016/4842 1270/5017/4842
f 670/5011/4843 4909/5010/4843 6673/5018/4843 2221/5019/4843
f 4909/5010/4844 1711/5009/4844 4908/5015/4844 6673/5018/4844
f 6673/5018/4845 4908/5015/4845 1270/5017/4845 3421/5020/4845
f 2221/5019/4846 6673/5018/4846 3421/5020/4846 166/5021/4846
f 166/5021/4847 3421/5020/4847 6674/5022/4847 2222/5023/4847
f 3421/5020/4848 1270/5017/4848 4910/5024/4848 6674/5022/4848
f 6674/5022/4849 4910/5024/4849 1712/5025/4849 4913/5026/4849
f 2222/5023/4850 6674/5022/4850 4913/5026/4850 671/5027/4850
f 1270/5017/4851 3420/5016/4851 6675/5028/4851 4910/5024/4851
f 3420/5016/4852 186/4701/4852 2262/4703/4852 6675/5028/4852
f 6675/5028/4853 2262/4703/4853 691/4707/4853 4911/5029/4853
f 4910/5024/4854 6675/5028/4854 4911/5029/4854 1712/5025/4854
f 1712/5025/4855 4911/5029/4855 6676/5030/4855 4912/5031/4855
f 4911/5029/4856 691/4707/4856 2263/4715/4856 6676/5030/4856
f 6676/5030/4857 2263/4715/4857 187/4717/4857 3422/5032/4857
f 4912/5031/4858 6676/5030/4858 3422/5032/4858 1271/5033/4858
f 671/5027/4859 4913/5026/4859 6677/5034/4859 2223/5035/4859
f 4913/5026/4860 1712/5025/4860 4912/5031/4860 6677/5034/4860
f 6677/5034/4861 4912/5031/4861 1271/5033/4861 3423/5036/4861
f 2223/5035/4862 6677/5034/4862 3423/5036/4862 167/5037/4862
f 167/5037/4863 3423/5036/4863 6678/5038/4863 2224/5039/4863
f 3423/5036/4864 1271/5033/4864 4914/5040/4864 6678/5038/4864
f 6678/5038/4865 4914/5040/4865 1713/5041/4865 4917/5042/4865
f 2224/5039/4866 6678/5038/4866 4917/5042/4866 672/5043/4866
f 1271/5033/4867 3422/5032/4867 6679/5044/4867 4914/5040/4867
f 3422/5032/4868 187/4717/4868 2264/4719/4868 6679/5044/4868
f 6679/5044/4869 2264/4719/4869 692/4723/4869 4915/5045/4869
f 4914/5040/4870 6679/5044/4870 4915/5045/4870 1713/5041/4870
f 1713/5041/4871 4915/5045/4871 6680/5046/4871 4916/5047/4871
f 4915/5045/4872 692/4723/4872 2265/4731/4872 6680/5046/4872
f 6680/5046/4873 2265/4731/4873 188/4733/4873 3424/5048/4873
f 4916/5047/4874 6680/5046/4874 3424/5048/4874 1272/5049/4874
f 672/5043/4875 4917/5042/4875 6681/5050/4875 2225/5051/4875
f 4917/5042/4876 1713/5041/4876 4916/5047/4876 6681/5050/4876
f 6681/5050/4877 4916/5047/4877 1272/5049/4877 3425/5052/4877
f 2225/5051/4878 6681/5050/4878 3425/5052/4878 168/5053/4878
f 168/5053/4879 3425/5052/4879 6682/5054/4879 2226/5055/4879
f 3425/5052/4880 1272/5049/4880 4918/5056/4880 6682/5054/4880
f 6682/5054/4881 4918/5056/4881 1714/5057/4881 4921/5058/4881
f 2226/5055/4882 6682/5054/4882 4921/5058/4882 673/5059/4882
f 1272/5049/4883 3424/5048/4883 6683/5060/4883 4918/5056/4883
f 3424/5048/4884 188/4733/4884 2266/4735/4884 6683/5060/4884
f 6683/5060/4885 2266/4735/4885 693/4739/4885 4919/5061/4885
f 4918/5056/4886 6683/5060/4886 4919/5061/4886 1714/5057/4886
f 1714/5057/4887 4919/5061/4887 6684/5062/4887 4920/5063/4887
f 4919/5061/4888 693/4739/4888 2267/4747/4888 6684/5062/4888
f 6684/5062/4889 2267/4747/4889 189/4749/4889 3426/5064/4889
f 4920/5063/4890 6684/5062/4890 3426/5064/4890 1273/5065/4890
f 673/5059/4891 4921/5058/4891 6685/5066/4891 2227/5067/4891
f 4921/5058/4892 1714/5057/4892 4920/5063/4892 6685/5066/4892
f 6685/5066/4893 4920/5063/4893 1273/5065/4893 3427/5068/4893
f 2227/5067/4894 6685/5066/4894 3427/5068/4894 169/5069/4894
f 169/5069/4895 3427/5068/4895 6686/5070/4895 2228/5071/4895
f 3427/5068/4896 1273/5065/4896 4922/5072/4896 6686/5070/4896
f 6686/5070/4897 4922/5072/4897 1715/5073/4897 4925/5074/4897
f 2228/5071/4898 6686/5070/4898 4925/5074/4898 674/5075/4898
f 1273/5065/4899 3426/5064/4899 6687/5076/4899 4922/5072/4899
f 3426/5064/4900 189/4749/4900 2268/4751/4900 6687/5076/4900
f 6687/5076/4901 2268/4751/4901 694/4755/4901 4923/5077/4901
f 4922/5072/4902 6687/5076/4902 4923/5077/4902 1715/5073/4902
f 1715/5073/4903 4923/5077/4903 6688/5078/4903 4924/5079/4903
f 4923/5077/4904 694/4755/4904 2269/4763/4904 6688/5078/4904
f 6688/5078/4905 2269/4763/4905 190/4765/4905 3428/5080/4905
f 4924/5079/4906 6688/5078/4906 3428/5080/4906 1274/5081/4906
f 674/5075/4907 4925/5074/4907 6689/5082/4907 2229/5083/4907
f 4925/5074/4908 1715/5073/4908 4924/5079/4908 6689/5082/4908
f 6689/5082/4909 4924/5079/4909 1274/5081/4909 3429/5084/4909
f 2229/5083/4910 6689/5082/4910 3429/5084/4910 170/5085/4910
f 170/5085/4911 3429/5084/4911 6690/5086/4911 2230/5087/4911
f 3429/5084/4912 1274/5081/4912 4926/5088/4912 6690/5086/4912
f 6690/5086/4913 4926/5088/4913 1716/5089/4913 4929/5090/4913
f 2230/5087/4914 6690/5086/4914 4929/5090/4914 675/5091/4914
f 1274/5081/4915 3428/5080/4915 6691/5092/4915 4926/5088/4915
f 3428/5080/4916 190/4765/4916 2270/4767/4916 6691/5092/4916
f 6691/5092/4917 2270/4767/4917 695/4771/4917 4927/5093/4917
f 4926/5088/4918 6691/5092/4918 4927/5093/4918 1716/5089/4918
f 1716/5089/4919 4927/5093/4919 6692/5094/4919 4928/5095/4919
f 4927/5093/4920 695/4771/4920 2271/4779/4920 6692/5094/4920
f 6692/5094/4921 2271/4779/4921 191/4781/4921 3430/5096/4921
f 4928/5095/4922 6692/5094/4922 3430/5096/4922 1275/5097/4922
f 675/5091/4923 4929/5090/4923 6693/5098/4923 2231/5099/4923
f 4929/5090/4924 1716/5089/4924 4928/5095/4924 6693/5098/4924
f 6693/5098/4925 4928/5095/4925 1275/5097/4925 3431/5100/4925
f 2231/5099/4926 6693/5098/4926 3431/5100/4926 171/5101/4926
f 171/5101/4927 3431/5100/4927 6694/5102/4927 2232/5103/4927
f 3431/5100/4928 1275/5097/4928 4930/5104/4928 6694/5102/4928
f 6694/5102/4929 4930/5104/4929 1717/5105/4929 4933/5106/4929
f 2232/5103/4930 6694/5102/4930 4933/5106/4930 676/5107/4930
f 1275/5097/4931 3430/5096/4931 6695/5108/4931 4930/5104/4931
f 3430/5096/4932 191/4781/4932 2272/4783/4932 6695/5108/4932
f 6695/5108/4933 2272/4783/4933 696/4787/4933 4931/5109/4933
f 4930/5104/4934 6695/5108/4934 4931/5109/4934 1717/5105/4934
f 1717/5105/4935 4931/5109/4935 6696/5110/4935 4932/5111/4935
f 4931/5109/4936 696/4787/4936 2273/4795/4936 6696/5110/4936
f 6696/5110/4937 2273/4795/4937 192/4797/4937 3432/5112/4937
f 4932/5111/4938 6696/5110/4938 3432/5112/4938 1276/5113/4938
f 676/5107/4939 4933/5106/4939 6697/5114/4939 2233/5115/4939
f 4933/5106/4940 1717/5105/4940 4932/5111/4940 6697/5114/4940
f 6697/5114/4941 4932/5111/4941 1276/5113/4941 3433/5116/4941
f 2233/5115/4942 6697/5114/4942 3433/5116/4942 172/5117/4942
f 172/5117/4943 3433/5116/4943 6698/5118/4943 2234/5119/4943
f 3433/5116/4944 1276/5113/4944 4934/5120/4944 6698/5118/4944
f 6698/5118/4945 4934/5120/4945 1718/5121/4945 4937/5122/4945
f 2234/5119/4946 6698/5118/4946 4937/5122/4946 677/5123/4946
f 1276/5113/4947 3432/5112/4947 6699/5124/4947 4934/5120/4947
f 3432/5112/4948 192/4797/4948 2274/4799/4948 6699/5124/4948
f 6699/5124/4949 2274/4799/4949 697/4803/4949 4935/5125/4949
f 4934/5120/4950 6699/5124/4950 4935/5125/4950 1718/5121/4950
f 1718/5121/4951 4935/5125/4951 6700/5126/4951 4936/5127/4951
f 4935/5125/4952 697/4803/4952 2275/4811/4952 6700/5126/4952
f 6700/5126/4953 2275/4811/4953 193/4813/4953 3434/5128/4953
f 4936/5127/4954 6700/5126/4954 3434/5128/4954 1277/5129/4954
f 677/5123/4955 4937/5122/4955 6701/5130/4955 2235/5131/4955
f 4937/5122/4956 1718/5121/4956 4936/5127/4956 6701/5130/4956
f 6701/5130/4957 4936/5127/4957 1277/5129/4957 3435/5132/4957
f 2235/5131/4958 6701/5130/4958 3435/5132/4958 173/5133/4958
f 173/5133/4959 3435/5132/4959 6702/5134/4959 2236/5135/4959
f 3435/5132/4960 1277/5129/4960 4938/5136/4960 6702/5134/4960
f 6702/5134/4961 4938/5136/4961 1719/5137/4961 4941/5138/4961
f 2236/5135/4962 6702/5134/4962 4941/5138/4962 678/5139/4962
f 1277/5129/4963 3434/5128/4963 6703/5140/4963 4938/5136/4963
f 3434/5128/4964 193/4813/4964 2276/4815/4964 6703/5140/4964
f 6703/5140/4965 2276/4815/4965 698/4819/4965 4939/5141/4965
f 4938/5136/4966 6703/5140/4966 4939/5141/4966 1719/5137/4966
f 1719/5137/4967 4939/5141/4967 6704/5142/4967 4940/5143/4967
f 4939/5141/4968 698/4819/4968 2277/4827/4968 6704/5142/4968
f 6704/5142/4969 2277/4827/4969 194/4829/4969 3436/5144/4969
f 4940/5143/4970 6704/5142/4970 3436/5144/4970 1278/5145/4970
f 678/5139/4971 4941/5138/4971 6705/5146/4971 2237/5147/4971
f 4941/5138/4972 1719/5137/4972 4940/5143/4972 6705/5146/4972
f 6705/5146/4973 4940/5143/4973 1278/5145/4973 3437/5148/4973
f 2237/5147/4974 6705/5146/4974 3437/5148/4974 174/5149/4974
f 174/5149/4975 3437/5148/4975 6706/5150/4975 2238/5151/4975
f 3437/5148/4976 1278/5145/4976 4942/5152/4976 6706/5150/4976
f 6706/5150/4977 4942/5152/4977 1720/5153/4977 4945/5154/4977
f 2238/5151/4978 6706/5150/4978 4945/5154/4978 679/5155/4978
f 1278/5145/4979 3436/5144/4979 6707/5156/4979 4942/5152/4979
f 3436/5144/4980 194/4829/4980 2278/4831/4980 6707/5156/4980
f 6707/5156/4981 2278/4831/4981 699/4835/4981 4943/5157/4981
f 4942/5152/4982 6707/5156/4982 4943/5157/4982 1720/5153/4982
f 1720/5153/4983 4943/5157/4983 6708/5158/4983 4944/5159/4983
f 4943/5157/4984 699/4835/4984 2279/4843/4984 6708/5158/4984
f 6708/5158/4985 2279/4843/4985 195/4845/4985 3438/5160/4985
f 4944/5159/4986 6708/5158/4986 3438/5160/4986 1279/5161/4986
f 679/5155/4987 4945/5154/4987 6709/5162/4987 2239/5163/4987
f 4945/5154/4988 1720/5153/4988 4944/5159/4988 6709/5162/4988
f 6709/5162/4989 4944/5159/4989 1279/5161/4989 3439/5164/4989
f 2239/5163/4990 6709/5162/4990 3439/5164/4990 175/5165/4990
f 175/5165/4991 3439/5164/4991 6710/5166/4991 2240/5167/4991
f 3439/5164/4992 1279/5161/4992 4946/5168/4992 6710/5166/4992
f 6710/5166/4993 4946/5168/4993 1721/5169/4993 4949/5170/4993
f 2240/5167/4994 6710/5166/4994 4949/5170/4994 680/5171/4994
f 1279/5161/4995 3438/5160/4995 6711/5172/4995 4946/5168/4995
f 3438/5160/4996 195/4845/4996 2280/4847/4996 6711/5172/4996
f 6711/5172/4997 2280/4847/4997 700/4851/4997 4947/5173/4997
f 4946/5168/4998 6711/5172/4998 4947/5173/4998 1721/5169/4998
f 1721/5169/4999 4947/5173/4999 6712/5174/4999 4948/5175/4999
f 4947/5173/5000 700/4851/5000 2281/4859/5000 6712/5174/5000
f 6712/5174/5001 2281/4859/5001 196/4861/5001 3440/5176/5001
f 4948/5175/5002 6712/5174/5002 3440/5176/5002 1280/5177/5002
f 680/5171/5003 4949/5170/5003 6713/5178/5003 2241/5179/5003
f 4949/5170/5004 1721/5169/5004 4948/5175/5004 6713/5178/5004
f 6713/5178/5005 4948/5175/5005 1280/5177/5005 3441/5180/5005
f 2241/5179/5006 6713/5178/5006 3441/5180/5006 176/5181/5006
f 176/5181/5007 3441/5180/5007 6714/5182/5007 2242/5183/5007
f 3441/5180/5008 1280/5177/5008 4950/5184/5008 6714/5182/5008
f 6714/5182/5009 4950/5184/5009 1722/5185/5009 4953/5186/5009
f 2242/5183/5010 6714/5182/5010 4953/5186/5010 681/5187/5010
f 1280/5177/5011 3440/5176/5011 6715/5188/5011 4950/5184/5011
f 3440/5176/5012 196/4861/5012 2282/4863/5012 6715/5188/5012
f 6715/5188/5013 2282/4863/5013 701/4867/5013 4951/5189/5013
f 4950/5184/5014 6715/5188/5014 4951/5189/5014 1722/5185/5014
f 1722/5185/5015 4951/5189/5015 6716/5190/5015 4952/5191/5015
f 4951/5189/5016 701/4867/5016 2283/4875/5016 6716/5190/5016
f 6716/5190/5017 2283/4875/5017 197/4877/5017 3442/5192/5017
f 4952/5191/5018 6716/5190/5018 3442/5192/5018 1281/5193/5018
f 681/5187/5019 4953/5186/5019 6717/5194/5019 2243/5195/5019
f 4953/5186/5020 1722/5185/5020 4952/5191/5020 6717/5194/5020
f 6717/5194/5021 4952/5191/5021 1281/5193/5021 3443/5196/5021
f 2243/5195/5022 6717/5194/5022 3443/5196/5022 177/5197/5022
f 177/5197/5023 3443/5196/5023 6718/5198/5023 2244/5199/5023
f 3443/5196/5024 1281/5193/5024 4954/5200/5024 6718/5198/5024
f 6718/5198/5025 4954/5200/5025 1723/5201/5025 4957/5202/5025
f 2244/5199/5026 6718/5198/5026 4957/5202/5026 682/5203/5026
f 1281/5193/5027 3442/5192/5027 6719/5204/5027 4954/5200/5027
f 3442/5192/5028 197/4877/5028 2284/4879/5028 6719/5204/5028
f 6719/5204/5029 2284/4879/5029 702/4883/5029 4955/5205/5029
f 4954/5200/5030 6719/5204/5030 4955/5205/5030 1723/5201/5030
f 1723/5201/5031 4955/5205/5031 6720/5206/5031 4956/5207/5031
f 4955/5205/5032 702/4883/5032 2285/4891/5032 6720/5206/5032
f 6720/5206/5033 2285/4891/5033 198/4893/5033 3444/5208/5033
f 4956/5207/5034 6720/5206/5034 3444/5208/5034 1282/5209/5034
f 682/5203/5035 4957/5202/5035 6721/5210/5035 2245/5211/5035
f 4957/5202/5036 1723/5201/5036 4956/5207/5036 6721/5210/5036
f 6721/5210/5037 4956/5207/5037 1282/5209/5037 3445/5212/5037
f 2245/5211/5038 6721/5210/5038 3445/5212/5038 178/5213/5038
f 178/5213/5039 3445/5212/5039 6722/5214/5039 2246/5215/5039
f 3445/5212/5040 1282/5209/5040 4958/5216/5040 6722/5214/5040
f 6722/5214/5041 4958/5216/5041 1724/5217/5041 4961/5218/5041
f 2246/5215/5042 6722/5214/5042 4961/5218/5042 683/5219/5042
f 1282/5209/5043 3444/5208/5043 6723/5220/5043 4958/5216/5043
f 3444/5208/5044 198/4893/5044 2286/4895/5044 6723/5220/5044
f 6723/5220/5045 2286/4895/5045 703/4899/5045 4959/5221/5045
f 4958/5216/5046 6723/5220/5046 4959/5221/5046 1724/5217/5046
f 1724/5217/5047 4959/5221/5047 6724/5222/5047 4960/5223/5047
f 4959/5221/5048 703/4899/5048 2287/4907/5048 6724/5222/5048
f 6724/5222/5049 2287/4907/5049 199/4909/5049 3446/5224/5049
f 4960/5223/5050 6724/5222/5050 3446/5224/5050 1283/5225/5050
f 683/5219/5051 4961/5218/5051 6725/5226/5051 2247/5227/5051
f 4961/5218/5052 1724/5217/5052 4960/5223/5052 6725/5226/5052
f 6725/5226/5053 4960/5223/5053 1283/5225/5053 3447/5228/5053
f 2247/5227/5054 6725/5226/5054 3447/5228/5054 179/5229/5054
f 179/5229/5055 3447/5228/5055 6726/5230/5055 2248/5231/5055
f 3447/5228/5056 1283/5225/5056 4962/5232/5056 6726/5230/5056
f 6726/5230/5057 4962/5232/5057 1725/5233/5057 4965/5234/5057
f 2248/5231/5058 6726/5230/5058 4965/5234/5058 684/5235/5058
f 1283/5225/5059 3446/5224/5059 6727/5236/5059 4962/5232/5059
f 3446/5224/5060 199/4909/5060 2288/4911/5060 6727/5236/5060
f 6727/5236/5061 2288/4911/5061 704/4915/5061 4963/5237/5061
f 4962/5232/5062 6727/5236/5062 4963/5237/5062 1725/5233/5062
f 1725/5233/5063 4963/5237/5063 6728/5238/5063 4964/5239/5063
f 4963/5237/5064 704/4915/5064 2289/4923/5064 6728/5238/5064
f 6728/5238/5065 2289/4923/5065 200/4925/5065 3448/5240/5065
f 4964/5239/5066 6728/5238/5066 3448/5240/5066 1284/5241/5066
f 684/5235/5067 4965/5234/5067 6729/5242/5067 2249/5243/5067
f 4965/5234/5068 1725/5233/5068 4964/5239/5068 6729/5242/5068
f 6729/5242/5069 4964/5239/5069 1284/5241/5069 3449/5244/5069
f 2249/5243/5070 6729/5242/5070 3449/5244/5070 180/5245/5070
f 180/5245/5071 3449/5244/5071 6730/5246/5071 2250/5247/5071
f 3449/5244/5072 1284/5241/5072 4966/5248/5072 6730/5246/5072
f 6730/5246/5073 4966/5248/5073 1726/5249/5073 4969/5250/5073
f 2250/5247/5074 6730/5246/5074 4969/5250/5074 685/5251/5074
f 1284/5241/5075 3448/5240/5075 6731/5252/5075 4966/5248/5075
f 3448/5240/5076 200/4925/5076 2290/4927/5076 6731/5252/5076
f 6731/5252/5077 2290/4927/5077 705/4931/5077 4967/5253/5077
f 4966/5248/5078 6731/5252/5078 4967/5253/5078 1726/5249/5078
f 1726/5249/5079 4967/5253/5079 6732/5254/5079 4968/5255/5079
f 4967/5253/5080 705/4931/5080 2291/4939/5080 6732/5254/5080
f 6732/5254/5081 2291/4939/5081 201/4941/5081 3450/5256/5081
f 4968/5255/5082 6732/5254/5082 3450/5256/5082 1285/5257/5082
f 685/5251/5083 4969/5250/5083 6733/5258/5083 2251/5259/5083
f 4969/5250/5084 1726/5249/5084 4968/5255/5084 6733/5258/5084
f 6733/5258/5085 4968/5255/5085 1285/5257/5085 3451/5260/5085
f 2251/5259/5086 6733/5258/5086 3451/5260/5086 181/5261/5086
f 181/5261/5087 3451/5260/5087 6734/5262/5087 2252/5263/5087
f 3451/5260/5088 1285/5257/5088 4970/5264/5088 6734/5262/5088
f 6734/5262/5089 4970/5264/5089 1727/5265/5089 4973/5266/5089
f 2252/5263/5090 6734/5262/5090 4973/5266/5090 686/5267/5090
f 1285/5257/5091 3450/5256/5091 6735/5268/5091 4970/5264/5091
f 3450/5256/5092 201/4941/5092 2292/4943/5092 6735/5268/5092
f 6735/5268/5093 2292/4943/5093 706/4947/5093 4971/5269/5093
f 4970/5264/5094 6735/5268/5094 4971/5269/5094 1727/5265/5094
f 1727/5265/5095 4971/5269/5095 6736/5270/5095 4972/5271/5095
f 4971/5269/5096 706/4947/5096 2293/4955/5096 6736/5270/5096
f 6736/5270/5097 2293/4955/5097 202/4957/5097 3452/5272/5097
f 4972/5271/5098 6736/5270/5098 3452/5272/5098 1286/5273/5098
f 686/5267/5099 4973/5266/5099 6737/5274/5099 2253/5275/5099
f 4973/5266/5100 1727/5265/5100 4972/5271/5100 6737/5274/5100
f 6737/5274/5101 4972/5271/5101 1286/5273/5101 3453/5276/5101
f 2253/5275/5102 6737/5274/5102 3453/5276/5102 182/5277/5102
f 182/5277/5103 3453/5276/5103 6738/5278/5103 2254/5279/5103
f 3453/5276/5104 1286/5273/5104 4974/5280/5104 6738/5278/5104
f 6738/5278/5105 4974/5280/5105 1728/5281/5105 4977/5282/5105
f 2254/5279/5106 6738/5278/5106 4977/5282/5106 687/5283/5106
f 1286/5273/5107 3452/5272/5107 6739/5284/5107 4974/5280/5107
f 3452/5272/5108 202/4957/5108 2294/4959/5108 6739/5284/5108
f 6739/5284/5109 2294/4959/5109 707/4963/5109 4975/5285/5109
f 4974/5280/5110 6739/5284/5110 4975/5285/5110 1728/5281/5110
f 1728/5281/5111 4975/5285/5111 6740/5286/5111 4976/5287/5111
f 4975/5285/5112 707/4963/5112 2295/4971/5112 6740/5286/5112
f 6740/5286/5113 2295/4971/5113 203/4973/5113 3454/5288/5113
f 4976/5287/5114 6740/5286/5114 3454/5288/5114 1287/5289/5114
f 687/5283/5115 4977/5282/5115 6741/5290/5115 2255/5291/5115
f 4977/5282/5116 1728/5281/5116 4976/5287/5116 6741/5290/5116
f 6741/5290/5117 4976/5287/5117 1287/5289/5117 3455/5292/5117
f 2255/5291/5118 6741/5290/5118 3455/5292/5118 183/5293/5118
f 183/5293/5119 3455/5292/5119 6742/5294/5119 2256/5295/5119
f 3455/5292/5120 1287/5289/5120 4978/5296/5120 6742/5294/5120
f 6742/5294/5121 4978/5296/5121 1729/5297/5121 4981/5298/5121
f 2256/5295/5122 6742/5294/5122 4981/5298/5122 688/5299/5122
f 1287/5289/5123 3454/5288/5123 6743/5300/5123 4978/5296/5123
f 3454/5288/5124 203/4973/5124 2296/4975/5124 6743/5300/5124
f 6743/5300/5125 2296/4975/5125 708/4979/5125 4979/5301/5125
f 4978/5296/5126 6743/5300/5126 4979/5301/5126 1729/5297/5126
f 1729/5297/5127 4979/5301/5127 6744/5302/5127 4980/5303/5127
f 4979/5301/5128 708/4979/5128 2297/4985/5128 6744/5302/5128
f 6744/5302/5129 2297/4985/5129 204/139/5129 3456/137/5129
f 4980/5303/5130 6744/5302/5130 3456/137/5130 1288/133/5130
f 688/5299/5131 4981/5298/5131 6745/5304/5131 2257/5305/5131
f 4981/5298/5132 1729/5297/5132 4980/5303/5132 6745/5304/5132
f 6745/5304/5133 4980/5303/5133 1288/133/5133 3457/131/5133
f 2257/5305/5134 6745/5304/5134 3457/131/5134 184/94/5134
f 7/437/5135 1863/5306/5135 6746/5307/5135 2818/438/5135
f 1863/5306/5136 491/5308/5136 4982/5309/5136 6746/5307/5136
f 6746/5307/5137 4982/5309/5137 1730/5310/5137 4985/5311/5137
f 2818/438/5138 6746/5307/5138 4985/5311/5138 969/439/5138
f 491/5308/5139 1862/5312/5139 6747/5313/5139 4982/5309/5139
f 1862/5312/5140 4/5314/5140 1855/5315/5140 6747/5313/5140
f 6747/5313/5141 1855/5315/5141 487/5316/5141 4983/5317/5141
f 4982/5309/5142 6747/5313/5142 4983/5317/5142 1730/5310/5142
f 1730/5310/5143 4983/5317/5143 6748/5318/5143 4984/5319/5143
f 4983/5317/5144 487/5316/5144 1854/5320/5144 6748/5318/5144
f 6748/5318/5145 1854/5320/5145 64/5321/5145 3458/5322/5145
f 4984/5319/5146 6748/5318/5146 3458/5322/5146 1289/5323/5146
f 969/439/5147 4985/5311/5147 6749/5324/5147 2819/443/5147
f 4985/5311/5148 1730/5310/5148 4984/5319/5148 6749/5324/5148
f 6749/5324/5149 4984/5319/5149 1289/5323/5149 3459/5325/5149
f 2819/443/5150 6749/5324/5150 3459/5325/5150 465/444/5150
f 465/444/5151 3459/5325/5151 6750/5326/5151 2820/458/5151
f 3459/5325/5152 1289/5323/5152 4986/5327/5152 6750/5326/5152
f 6750/5326/5153 4986/5327/5153 1731/5328/5153 4989/5329/5153
f 2820/458/5154 6750/5326/5154 4989/5329/5154 970/459/5154
f 1289/5323/5155 3458/5322/5155 6751/5330/5155 4986/5327/5155
f 3458/5322/5156 64/5321/5156 2017/5331/5156 6751/5330/5156
f 6751/5330/5157 2017/5331/5157 568/5332/5157 4987/5333/5157
f 4986/5327/5158 6751/5330/5158 4987/5333/5158 1731/5328/5158
f 1731/5328/5159 4987/5333/5159 6752/5334/5159 4988/5335/5159
f 4987/5333/5160 568/5332/5160 2016/5336/5160 6752/5334/5160
f 6752/5334/5161 2016/5336/5161 63/5337/5161 3460/5338/5161
f 4988/5335/5162 6752/5334/5162 3460/5338/5162 1290/5339/5162
f 970/459/5163 4989/5329/5163 6753/5340/5163 2821/463/5163
f 4989/5329/5164 1731/5328/5164 4988/5335/5164 6753/5340/5164
f 6753/5340/5165 4988/5335/5165 1290/5339/5165 3461/5341/5165
f 2821/463/5166 6753/5340/5166 3461/5341/5166 466/464/5166
f 466/464/5167 3461/5341/5167 6754/5342/5167 2822/478/5167
f 3461/5341/5168 1290/5339/5168 4990/5343/5168 6754/5342/5168
f 6754/5342/5169 4990/5343/5169 1732/5344/5169 4993/5345/5169
f 2822/478/5170 6754/5342/5170 4993/5345/5170 971/479/5170
f 1290/5339/5171 3460/5338/5171 6755/5346/5171 4990/5343/5171
f 3460/5338/5172 63/5337/5172 2015/5347/5172 6755/5346/5172
f 6755/5346/5173 2015/5347/5173 567/5348/5173 4991/5349/5173
f 4990/5343/5174 6755/5346/5174 4991/5349/5174 1732/5344/5174
f 1732/5344/5175 4991/5349/5175 6756/5350/5175 4992/5351/5175
f 4991/5349/5176 567/5348/5176 2014/5352/5176 6756/5350/5176
f 6756/5350/5177 2014/5352/5177 62/5353/5177 3462/5354/5177
f 4992/5351/5178 6756/5350/5178 3462/5354/5178 1291/5355/5178
f 971/479/5179 4993/5345/5179 6757/5356/5179 2823/483/5179
f 4993/5345/5180 1732/5344/5180 4992/5351/5180 6757/5356/5180
f 6757/5356/5181 4992/5351/5181 1291/5355/5181 3463/5357/5181
f 2823/483/5182 6757/5356/5182 3463/5357/5182 467/484/5182
f 467/484/5183 3463/5357/5183 6758/5358/5183 2824/498/5183
f 3463/5357/5184 1291/5355/5184 4994/5359/5184 6758/5358/5184
f 6758/5358/5185 4994/5359/5185 1733/5360/5185 4997/5361/5185
f 2824/498/5186 6758/5358/5186 4997/5361/5186 972/499/5186
f 1291/5355/5187 3462/5354/5187 6759/5362/5187 4994/5359/5187
f 3462/5354/5188 62/5353/5188 2013/5363/5188 6759/5362/5188
f 6759/5362/5189 2013/5363/5189 566/5364/5189 4995/5365/5189
f 4994/5359/5190 6759/5362/5190 4995/5365/5190 1733/5360/5190
f 1733/5360/5191 4995/5365/5191 6760/5366/5191 4996/5367/5191
f 4995/5365/5192 566/5364/5192 2012/5368/5192 6760/5366/5192
f 6760/5366/5193 2012/5368/5193 61/5369/5193 3464/5370/5193
f 4996/5367/5194 6760/5366/5194 3464/5370/5194 1292/5371/5194
f 972/499/5195 4997/5361/5195 6761/5372/5195 2825/503/5195
f 4997/5361/5196 1733/5360/5196 4996/5367/5196 6761/5372/5196
f 6761/5372/5197 4996/5367/5197 1292/5371/5197 3465/5373/5197
f 2825/503/5198 6761/5372/5198 3465/5373/5198 468/504/5198
f 468/504/5199 3465/5373/5199 6762/5374/5199 2826/518/5199
f 3465/5373/5200 1292/5371/5200 4998/5375/5200 6762/5374/5200
f 6762/5374/5201 4998/5375/5201 1734/5376/5201 5001/5377/5201
f 2826/518/5202 6762/5374/5202 5001/5377/5202 973/519/5202
f 1292/5371/5203 3464/5370/5203 6763/5378/5203 4998/5375/5203
f 3464/5370/5204 61/5369/5204 2011/5379/5204 6763/5378/5204
f 6763/5378/5205 2011/5379/5205 565/5380/5205 4999/5381/5205
f 4998/5375/5206 6763/5378/5206 4999/5381/5206 1734/5376/5206
f 1734/5376/5207 4999/5381/5207 6764/5382/5207 5000/5383/5207
f 4999/5381/5208 565/5380/5208 2010/5384/5208 6764/5382/5208
f 6764/5382/5209 2010/5384/5209 60/5385/5209 3466/5386/5209
f 5000/5383/5210 6764/5382/5210 3466/5386/5210 1293/5387/5210
f 973/519/5211 5001/5377/5211 6765/5388/5211 2827/523/5211
f 5001/5377/5212 1734/5376/5212 5000/5383/5212 6765/5388/5212
f 6765/5388/5213 5000/5383/5213 1293/5387/5213 3467/5389/5213
f 2827/523/5214 6765/5388/5214 3467/5389/5214 469/524/5214
f 469/524/5215 3467/5389/5215 6766/5390/5215 2828/538/5215
f 3467/5389/5216 1293/5387/5216 5002/5391/5216 6766/5390/5216
f 6766/5390/5217 5002/5391/5217 1735/5392/5217 5005/5393/5217
f 2828/538/5218 6766/5390/5218 5005/5393/5218 974/539/5218
f 1293/5387/5219 3466/5386/5219 6767/5394/5219 5002/5391/5219
f 3466/5386/5220 60/5385/5220 2009/5395/5220 6767/5394/5220
f 6767/5394/5221 2009/5395/5221 564/5396/5221 5003/5397/5221
f 5002/5391/5222 6767/5394/5222 5003/5397/5222 1735/5392/5222
f 1735/5392/5223 5003/5397/5223 6768/5398/5223 5004/5399/5223
f 5003/5397/5224 564/5396/5224 2008/5400/5224 6768/5398/5224
f 6768/5398/5225 2008/5400/5225 59/5401/5225 3468/5402/5225
f 5004/5399/5226 6768/5398/5226 3468/5402/5226 1294/5403/5226
f 974/539/5227 5005/5393/5227 6769/5404/5227 2829/543/5227
f 5005/5393/5228 1735/5392/5228 5004/5399/5228 6769/5404/5228
f 6769/5404/5229 5004/5399/5229 1294/5403/5229 3469/5405/5229
f 2829/543/5230 6769/5404/5230 3469/5405/5230 470/544/5230
f 470/544/5231 3469/5405/5231 6770/5406/5231 2830/558/5231
f 3469/5405/5232 1294/5403/5232 5006/5407/5232 6770/5406/5232
f 6770/5406/5233 5006/5407/5233 1736/5408/5233 5009/5409/5233
f 2830/558/5234 6770/5406/5234 5009/5409/5234 975/559/5234
f 1294/5403/5235 3468/5402/5235 6771/5410/5235 5006/5407/5235
f 3468/5402/5236 59/5401/5236 2007/5411/5236 6771/5410/5236
f 6771/5410/5237 2007/5411/5237 563/5412/5237 5007/5413/5237
f 5006/5407/5238 6771/5410/5238 5007/5413/5238 1736/5408/5238
f 1736/5408/5239 5007/5413/5239 6772/5414/5239 5008/5415/5239
f 5007/5413/5240 563/5412/5240 2006/5416/5240 6772/5414/5240
f 6772/5414/5241 2006/5416/5241 58/5417/5241 3470/5418/5241
f 5008/5415/5242 6772/5414/5242 3470/5418/5242 1295/5419/5242
f 975/559/5243 5009/5409/5243 6773/5420/5243 2831/563/5243
f 5009/5409/5244 1736/5408/5244 5008/5415/5244 6773/5420/5244
f 6773/5420/5245 5008/5415/5245 1295/5419/5245 3471/5421/5245
f 2831/563/5246 6773/5420/5246 3471/5421/5246 471/564/5246
f 471/564/5247 3471/5421/5247 6774/5422/5247 2832/578/5247
f 3471/5421/5248 1295/5419/5248 5010/5423/5248 6774/5422/5248
f 6774/5422/5249 5010/5423/5249 1737/5424/5249 5013/5425/5249
f 2832/578/5250 6774/5422/5250 5013/5425/5250 976/579/5250
f 1295/5419/5251 3470/5418/5251 6775/5426/5251 5010/5423/5251
f 3470/5418/5252 58/5417/5252 2005/5427/5252 6775/5426/5252
f 6775/5426/5253 2005/5427/5253 562/5428/5253 5011/5429/5253
f 5010/5423/5254 6775/5426/5254 5011/5429/5254 1737/5424/5254
f 1737/5424/5255 5011/5429/5255 6776/5430/5255 5012/5431/5255
f 5011/5429/5256 562/5428/5256 2004/5432/5256 6776/5430/5256
f 6776/5430/5257 2004/5432/5257 57/5433/5257 3472/5434/5257
f 5012/5431/5258 6776/5430/5258 3472/5434/5258 1296/5435/5258
f 976/579/5259 5013/5425/5259 6777/5436/5259 2833/583/5259
f 5013/5425/5260 1737/5424/5260 5012/5431/5260 6777/5436/5260
f 6777/5436/5261 5012/5431/5261 1296/5435/5261 3473/5437/5261
f 2833/583/5262 6777/5436/5262 3473/5437/5262 472/584/5262
f 472/584/5263 3473/5437/5263 6778/5438/5263 2834/598/5263
f 3473/5437/5264 1296/5435/5264 5014/5439/5264 6778/5438/5264
f 6778/5438/5265 5014/5439/5265 1738/5440/5265 5017/5441/5265
f 2834/598/5266 6778/5438/5266 5017/5441/5266 977/599/5266
f 1296/5435/5267 3472/5434/5267 6779/5442/5267 5014/5439/5267
f 3472/5434/5268 57/5433/5268 2003/5443/5268 6779/5442/5268
f 6779/5442/5269 2003/5443/5269 561/5444/5269 5015/5445/5269
f 5014/5439/5270 6779/5442/5270 5015/5445/5270 1738/5440/5270
f 1738/5440/5271 5015/5445/5271 6780/5446/5271 5016/5447/5271
f 5015/5445/5272 561/5444/5272 2002/5448/5272 6780/5446/5272
f 6780/5446/5273 2002/5448/5273 56/5449/5273 3474/5450/5273
f 5016/5447/5274 6780/5446/5274 3474/5450/5274 1297/5451/5274
f 977/599/5275 5017/5441/5275 6781/5452/5275 2835/603/5275
f 5017/5441/5276 1738/5440/5276 5016/5447/5276 6781/5452/5276
f 6781/5452/5277 5016/5447/5277 1297/5451/5277 3475/5453/5277
f 2835/603/5278 6781/5452/5278 3475/5453/5278 473/604/5278
f 473/604/5279 3475/5453/5279 6782/5454/5279 2836/618/5279
f 3475/5453/5280 1297/5451/5280 5018/5455/5280 6782/5454/5280
f 6782/5454/5281 5018/5455/5281 1739/5456/5281 5021/5457/5281
f 2836/618/5282 6782/5454/5282 5021/5457/5282 978/619/5282
f 1297/5451/5283 3474/5450/5283 6783/5458/5283 5018/5455/5283
f 3474/5450/5284 56/5449/5284 2001/5459/5284 6783/5458/5284
f 6783/5458/5285 2001/5459/5285 560/5460/5285 5019/5461/5285
f 5018/5455/5286 6783/5458/5286 5019/5461/5286 1739/5456/5286
f 1739/5456/5287 5019/5461/5287 6784/5462/5287 5020/5463/5287
f 5019/5461/5288 560/5460/5288 2000/5464/5288 6784/5462/5288
f 6784/5462/5289 2000/5464/5289 55/5465/5289 3476/5466/5289
f 5020/5463/5290 6784/5462/5290 3476/5466/5290 1298/5467/5290
f 978/619/5291 5021/5457/5291 6785/5468/5291 2837/623/5291
f 5021/5457/5292 1739/5456/5292 5020/5463/5292 6785/5468/5292
f 6785/5468/5293 5020/5463/5293 1298/5467/5293 3477/5469/5293
f 2837/623/5294 6785/5468/5294 3477/5469/5294 474/624/5294
f 474/624/5295 3477/5469/5295 6786/5470/5295 2838/638/5295
f 3477/5469/5296 1298/5467/5296 5022/5471/5296 6786/5470/5296
f 6786/5470/5297 5022/5471/5297 1740/5472/5297 5025/5473/5297
f 2838/638/5298 6786/5470/5298 5025/5473/5298 979/639/5298
f 1298/5467/5299 3476/5466/5299 6787/5474/5299 5022/5471/5299
f 3476/5466/5300 55/5465/5300 1999/5475/5300 6787/5474/5300
f 6787/5474/5301 1999/5475/5301 559/5476/5301 5023/5477/5301
f 5022/5471/5302 6787/5474/5302 5023/5477/5302 1740/5472/5302
f 1740/5472/5303 5023/5477/5303 6788/5478/5303 5024/5479/5303
f 5023/5477/5304 559/5476/5304 1998/5480/5304 6788/5478/5304
f 6788/5478/5305 1998/5480/5305 54/5481/5305 3478/5482/5305
f 5024/5479/5306 6788/5478/5306 3478/5482/5306 1299/5483/5306
f 979/639/5307 5025/5473/5307 6789/5484/5307 2839/643/5307
f 5025/5473/5308 1740/5472/5308 5024/5479/5308 6789/5484/5308
f 6789/5484/5309 5024/5479/5309 1299/5483/5309 3479/5485/5309
f 2839/643/5310 6789/5484/5310 3479/5485/5310 475/644/5310
f 475/644/5311 3479/5485/5311 6790/5486/5311 2840/658/5311
f 3479/5485/5312 1299/5483/5312 5026/5487/5312 6790/5486/5312
f 6790/5486/5313 5026/5487/5313 1741/5488/5313 5029/5489/5313
f 2840/658/5314 6790/5486/5314 5029/5489/5314 980/659/5314
f 1299/5483/5315 3478/5482/5315 6791/5490/5315 5026/5487/5315
f 3478/5482/5316 54/5481/5316 1997/5491/5316 6791/5490/5316
f 6791/5490/5317 1997/5491/5317 558/5492/5317 5027/5493/5317
f 5026/5487/5318 6791/5490/5318 5027/5493/5318 1741/5488/5318
f 1741/5488/5319 5027/5493/5319 6792/5494/5319 5028/5495/5319
f 5027/5493/5320 558/5492/5320 1996/5496/5320 6792/5494/5320
f 6792/5494/5321 1996/5496/5321 53/5497/5321 3480/5498/5321
f 5028/5495/5322 6792/5494/5322 3480/5498/5322 1300/5499/5322
f 980/659/5323 5029/5489/5323 6793/5500/5323 2841/663/5323
f 5029/5489/5324 1741/5488/5324 5028/5495/5324 6793/5500/5324
f 6793/5500/5325 5028/5495/5325 1300/5499/5325 3481/5501/5325
f 2841/663/5326 6793/5500/5326 3481/5501/5326 476/664/5326
f 476/664/5327 3481/5501/5327 6794/5502/5327 2842/678/5327
f 3481/5501/5328 1300/5499/5328 5030/5503/5328 6794/5502/5328
f 6794/5502/5329 5030/5503/5329 1742/5504/5329 5033/5505/5329
f 2842/678/5330 6794/5502/5330 5033/5505/5330 981/679/5330
f 1300/5499/5331 3480/5498/5331 6795/5506/5331 5030/5503/5331
f 3480/5498/5332 53/5497/5332 1995/5507/5332 6795/5506/5332
f 6795/5506/5333 1995/5507/5333 557/5508/5333 5031/5509/5333
f 5030/5503/5334 6795/5506/5334 5031/5509/5334 1742/5504/5334
f 1742/5504/5335 5031/5509/5335 6796/5510/5335 5032/5511/5335
f 5031/5509/5336 557/5508/5336 1994/5512/5336 6796/5510/5336
f 6796/5510/5337 1994/5512/5337 52/5513/5337 3482/5514/5337
f 5032/5511/5338 6796/5510/5338 3482/5514/5338 1301/5515/5338
f 981/679/5339 5033/5505/5339 6797/5516/5339 2843/683/5339
f 5033/5505/5340 1742/5504/5340 5032/5511/5340 6797/5516/5340
f 6797/5516/5341 5032/5511/5341 1301/5515/5341 3483/5517/5341
f 2843/683/5342 6797/5516/5342 3483/5517/5342 477/684/5342
f 477/684/5343 3483/5517/5343 6798/5518/5343 2844/698/5343
f 3483/5517/5344 1301/5515/5344 5034/5519/5344 6798/5518/5344
f 6798/5518/5345 5034/5519/5345 1743/5520/5345 5037/5521/5345
f 2844/698/5346 6798/5518/5346 5037/5521/5346 982/699/5346
f 1301/5515/5347 3482/5514/5347 6799/5522/5347 5034/5519/5347
f 3482/5514/5348 52/5513/5348 1993/5523/5348 6799/5522/5348
f 6799/5522/5349 1993/5523/5349 556/5524/5349 5035/5525/5349
f 5034/5519/5350 6799/5522/5350 5035/5525/5350 1743/5520/5350
f 1743/5520/5351 5035/5525/5351 6800/5526/5351 5036/5527/5351
f 5035/5525/5352 556/5524/5352 1992/5528/5352 6800/5526/5352
f 6800/5526/5353 1992/5528/5353 51/5529/5353 3484/5530/5353
f 5036/5527/5354 6800/5526/5354 3484/5530/5354 1302/5531/5354
f 982/699/5355 5037/5521/5355 6801/5532/5355 2845/703/5355
f 5037/5521/5356 1743/5520/5356 5036/5527/5356 6801/5532/5356
f 6801/5532/5357 5036/5527/5357 1302/5531/5357 3485/5533/5357
f 2845/703/5358 6801/5532/5358 3485/5533/5358 478/704/5358
f 478/704/5359 3485/5533/5359 6802/5534/5359 2846/718/5359
f 3485/5533/5360 1302/5531/5360 5038/5535/5360 6802/5534/5360
f 6802/5534/5361 5038/5535/5361 1744/5536/5361 5041/5537/5361
f 2846/718/5362 6802/5534/5362 5041/5537/5362 983/719/5362
f 1302/5531/5363 3484/5530/5363 6803/5538/5363 5038/5535/5363
f 3484/5530/5364 51/5529/5364 1991/5539/5364 6803/5538/5364
f 6803/5538/5365 1991/5539/5365 555/5540/5365 5039/5541/5365
f 5038/5535/5366 6803/5538/5366 5039/5541/5366 1744/5536/5366
f 1744/5536/5367 5039/5541/5367 6804/5542/5367 5040/5543/5367
f 5039/5541/5368 555/5540/5368 1990/5544/5368 6804/5542/5368
f 6804/5542/5369 1990/5544/5369 50/5545/5369 3486/5546/5369
f 5040/5543/5370 6804/5542/5370 3486/5546/5370 1303/5547/5370
f 983/719/5371 5041/5537/5371 6805/5548/5371 2847/723/5371
f 5041/5537/5372 1744/5536/5372 5040/5543/5372 6805/5548/5372
f 6805/5548/5373 5040/5543/5373 1303/5547/5373 3487/5549/5373
f 2847/723/5374 6805/5548/5374 3487/5549/5374 479/724/5374
f 479/724/5375 3487/5549/5375 6806/5550/5375 2848/738/5375
f 3487/5549/5376 1303/5547/5376 5042/5551/5376 6806/5550/5376
f 6806/5550/5377 5042/5551/5377 1745/5552/5377 5045/5553/5377
f 2848/738/5378 6806/5550/5378 5045/5553/5378 984/739/5378
f 1303/5547/5379 3486/5546/5379 6807/5554/5379 5042/5551/5379
f 3486/5546/5380 50/5545/5380 1989/5555/5380 6807/5554/5380
f 6807/5554/5381 1989/5555/5381 554/5556/5381 5043/5557/5381
f 5042/5551/5382 6807/5554/5382 5043/5557/5382 1745/5552/5382
f 1745/5552/5383 5043/5557/5383 6808/5558/5383 5044/5559/5383
f 5043/5557/5384 554/5556/5384 1988/5560/5384 6808/5558/5384
f 6808/5558/5385 1988/5560/5385 49/5561/5385 3488/5562/5385
f 5044/5559/5386 6808/5558/5386 3488/5562/5386 1304/5563/5386
f 984/739/5387 5045/5553/5387 6809/5564/5387 2849/743/5387
f 5045/5553/5388 1745/5552/5388 5044/5559/5388 6809/5564/5388
f 6809/5564/5389 5044/5559/5389 1304/5563/5389 3489/5565/5389
f 2849/743/5390 6809/5564/5390 3489/5565/5390 480/744/5390
f 480/744/5391 3489/5565/5391 6810/5566/5391 2850/758/5391
f 3489/5565/5392 1304/5563/5392 5046/5567/5392 6810/5566/5392
f 6810/5566/5393 5046/5567/5393 1746/5568/5393 5049/5569/5393
f 2850/758/5394 6810/5566/5394 5049/5569/5394 985/759/5394
f 1304/5563/5395 3488/5562/5395 6811/5570/5395 5046/5567/5395
f 3488/5562/5396 49/5561/5396 1987/5571/5396 6811/5570/5396
f 6811/5570/5397 1987/5571/5397 553/5572/5397 5047/5573/5397
f 5046/5567/5398 6811/5570/5398 5047/5573/5398 1746/5568/5398
f 1746/5568/5399 5047/5573/5399 6812/5574/5399 5048/5575/5399
f 5047/5573/5400 553/5572/5400 1986/5576/5400 6812/5574/5400
f 6812/5574/5401 1986/5576/5401 48/5577/5401 3490/5578/5401
f 5048/5575/5402 6812/5574/5402 3490/5578/5402 1305/5579/5402
f 985/759/5403 5049/5569/5403 6813/5580/5403 2851/763/5403
f 5049/5569/5404 1746/5568/5404 5048/5575/5404 6813/5580/5404
f 6813/5580/5405 5048/5575/5405 1305/5579/5405 3491/5581/5405
f 2851/763/5406 6813/5580/5406 3491/5581/5406 481/764/5406
f 481/764/5407 3491/5581/5407 6814/5582/5407 2852/778/5407
f 3491/5581/5408 1305/5579/5408 5050/5583/5408 6814/5582/5408
f 6814/5582/5409 5050/5583/5409 1747/5584/5409 5053/5585/5409
f 2852/778/5410 6814/5582/5410 5053/5585/5410 986/779/5410
f 1305/5579/5411 3490/5578/5411 6815/5586/5411 5050/5583/5411
f 3490/5578/5412 48/5577/5412 1985/5587/5412 6815/5586/5412
f 6815/5586/5413 1985/5587/5413 552/5588/5413 5051/5589/5413
f 5050/5583/5414 6815/5586/5414 5051/5589/5414 1747/5584/5414
f 1747/5584/5415 5051/5589/5415 6816/5590/5415 5052/5591/5415
f 5051/5589/5416 552/5588/5416 1984/5592/5416 6816/5590/5416
f 6816/5590/5417 1984/5592/5417 47/5593/5417 3492/5594/5417
f 5052/5591/5418 6816/5590/5418 3492/5594/5418 1306/5595/5418
f 986/779/5419 5053/5585/5419 6817/5596/5419 2853/783/5419
f 5053/5585/5420 1747/5584/5420 5052/5591/5420 6817/5596/5420
f 6817/5596/5421 5052/5591/5421 1306/5595/5421 3493/5597/5421
f 2853/783/5422 6817/5596/5422 3493/5597/5422 482/784/5422
f 482/784/5423 3493/5597/5423 6818/5598/5423 2854/798/5423
f 3493/5597/5424 1306/5595/5424 5054/5599/5424 6818/5598/5424
f 6818/5598/5425 5054/5599/5425 1748/5600/5425 5057/5601/5425
f 2854/798/5426 6818/5598/5426 5057/5601/5426 987/799/5426
f 1306/5595/5427 3492/5594/5427 6819/5602/5427 5054/5599/5427
f 3492/5594/5428 47/5593/5428 1983/5603/5428 6819/5602/5428
f 6819/5602/5429 1983/5603/5429 551/5604/5429 5055/5605/5429
f 5054/5599/5430 6819/5602/5430 5055/5605/5430 1748/5600/5430
f 1748/5600/5431 5055/5605/5431 6820/5606/5431 5056/5607/5431
f 5055/5605/5432 551/5604/5432 1982/5608/5432 6820/5606/5432
f 6820/5606/5433 1982/5608/5433 46/5609/5433 3494/5610/5433
f 5056/5607/5434 6820/5606/5434 3494/5610/5434 1307/5611/5434
f 987/799/5435 5057/5601/5435 6821/5612/5435 2855/803/5435
f 5057/5601/5436 1748/5600/5436 5056/5607/5436 6821/5612/5436
f 6821/5612/5437 5056/5607/5437 1307/5611/5437 3495/5613/5437
f 2855/803/5438 6821/5612/5438 3495/5613/5438 483/804/5438
f 483/804/5439 3495/5613/5439 6822/5614/5439 2856/818/5439
f 3495/5613/5440 1307/5611/5440 5058/5615/5440 6822/5614/5440
f 6822/5614/5441 5058/5615/5441 1749/5616/5441 5061/5617/5441
f 2856/818/5442 6822/5614/5442 5061/5617/5442 988/819/5442
f 1307/5611/5443 3494/5610/5443 6823/5618/5443 5058/5615/5443
f 3494/5610/5444 46/5609/5444 1981/5619/5444 6823/5618/5444
f 6823/5618/5445 1981/5619/5445 550/5620/5445 5059/5621/5445
f 5058/5615/5446 6823/5618/5446 5059/5621/5446 1749/5616/5446
f 1749/5616/5447 5059/5621/5447 6824/5622/5447 5060/5623/5447
f 5059/5621/5448 550/5620/5448 1980/5624/5448 6824/5622/5448
f 6824/5622/5449 1980/5624/5449 45/117/5449 3496/115/5449
f 5060/5623/5450 6824/5622/5450 3496/115/5450 1308/110/5450
f 988/819/5451 5061/5617/5451 6825/5625/5451 2857/823/5451
f 5061/5617/5452 1749/5616/5452 5060/5623/5452 6825/5625/5452
f 6825/5625/5453 5060/5623/5453 1308/110/5453 3497/107/5453
f 2857/823/5454 6825/5625/5454 3497/107/5454 484/106/5454
f 21/5626/5455 1891/5627/5455 6826/5628/5455 2178/5629/5455
f 1891/5627/5456 505/5630/5456 5062/5631/5456 6826/5628/5456
f 6826/5628/5457 5062/5631/5457 1750/5632/5457 5065/5633/5457
f 2178/5629/5458 6826/5628/5458 5065/5633/5458 649/5634/5458
f 505/5630/5459 1890/5635/5459 6827/5636/5459 5062/5631/5459
f 1890/5635/5460 20/4986/5460 2218/4989/5460 6827/5636/5460
f 6827/5636/5461 2218/4989/5461 669/4994/5461 5063/5637/5461
f 5062/5631/5462 6827/5636/5462 5063/5637/5462 1750/5632/5462
f 1750/5632/5463 5063/5637/5463 6828/5638/5463 5064/5639/5463
f 5063/5637/5464 669/4994/5464 2219/5003/5464 6828/5638/5464
f 6828/5638/5465 2219/5003/5465 165/5005/5465 3498/5640/5465
f 5064/5639/5466 6828/5638/5466 3498/5640/5466 1309/5641/5466
f 649/5634/5467 5065/5633/5467 6829/5642/5467 2179/5643/5467
f 5065/5633/5468 1750/5632/5468 5064/5639/5468 6829/5642/5468
f 6829/5642/5469 5064/5639/5469 1309/5641/5469 3499/5644/5469
f 2179/5643/5470 6829/5642/5470 3499/5644/5470 145/5645/5470
f 145/5645/5471 3499/5644/5471 6830/5646/5471 2180/5647/5471
f 3499/5644/5472 1309/5641/5472 5066/5648/5472 6830/5646/5472
f 6830/5646/5473 5066/5648/5473 1751/5649/5473 5069/5650/5473
f 2180/5647/5474 6830/5646/5474 5069/5650/5474 650/5651/5474
f 1309/5641/5475 3498/5640/5475 6831/5652/5475 5066/5648/5475
f 3498/5640/5476 165/5005/5476 2220/5007/5476 6831/5652/5476
f 6831/5652/5477 2220/5007/5477 670/5011/5477 5067/5653/5477
f 5066/5648/5478 6831/5652/5478 5067/5653/5478 1751/5649/5478
f 1751/5649/5479 5067/5653/5479 6832/5654/5479 5068/5655/5479
f 5067/5653/5480 670/5011/5480 2221/5019/5480 6832/5654/5480
f 6832/5654/5481 2221/5019/5481 166/5021/5481 3500/5656/5481
f 5068/5655/5482 6832/5654/5482 3500/5656/5482 1310/5657/5482
f 650/5651/5483 5069/5650/5483 6833/5658/5483 2181/5659/5483
f 5069/5650/5484 1751/5649/5484 5068/5655/5484 6833/5658/5484
f 6833/5658/5485 5068/5655/5485 1310/5657/5485 3501/5660/5485
f 2181/5659/5486 6833/5658/5486 3501/5660/5486 146/5661/5486
f 146/5661/5487 3501/5660/5487 6834/5662/5487 2182/5663/5487
f 3501/5660/5488 1310/5657/5488 5070/5664/5488 6834/5662/5488
f 6834/5662/5489 5070/5664/5489 1752/5665/5489 5073/5666/5489
f 2182/5663/5490 6834/5662/5490 5073/5666/5490 651/5667/5490
f 1310/5657/5491 3500/5656/5491 6835/5668/5491 5070/5664/5491
f 3500/5656/5492 166/5021/5492 2222/5023/5492 6835/5668/5492
f 6835/5668/5493 2222/5023/5493 671/5027/5493 5071/5669/5493
f 5070/5664/5494 6835/5668/5494 5071/5669/5494 1752/5665/5494
f 1752/5665/5495 5071/5669/5495 6836/5670/5495 5072/5671/5495
f 5071/5669/5496 671/5027/5496 2223/5035/5496 6836/5670/5496
f 6836/5670/5497 2223/5035/5497 167/5037/5497 3502/5672/5497
f 5072/5671/5498 6836/5670/5498 3502/5672/5498 1311/5673/5498
f 651/5667/5499 5073/5666/5499 6837/5674/5499 2183/5675/5499
f 5073/5666/5500 1752/5665/5500 5072/5671/5500 6837/5674/5500
f 6837/5674/5501 5072/5671/5501 1311/5673/5501 3503/5676/5501
f 2183/5675/5502 6837/5674/5502 3503/5676/5502 147/5677/5502
f 147/5677/5503 3503/5676/5503 6838/5678/5503 2184/5679/5503
f 3503/5676/5504 1311/5673/5504 5074/5680/5504 6838/5678/5504
f 6838/5678/5505 5074/5680/5505 1753/5681/5505 5077/5682/5505
f 2184/5679/5506 6838/5678/5506 5077/5682/5506 652/5683/5506
f 1311/5673/5507 3502/5672/5507 6839/5684/5507 5074/5680/5507
f 3502/5672/5508 167/5037/5508 2224/5039/5508 6839/5684/5508
f 6839/5684/5509 2224/5039/5509 672/5043/5509 5075/5685/5509
f 5074/5680/5510 6839/5684/5510 5075/5685/5510 1753/5681/5510
f 1753/5681/5511 5075/5685/5511 6840/5686/5511 5076/5687/5511
f 5075/5685/5512 672/5043/5512 2225/5051/5512 6840/5686/5512
f 6840/5686/5513 2225/5051/5513 168/5053/5513 3504/5688/5513
f 5076/5687/5514 6840/5686/5514 3504/5688/5514 1312/5689/5514
f 652/5683/5515 5077/5682/5515 6841/5690/5515 2185/5691/5515
f 5077/5682/5516 1753/5681/5516 5076/5687/5516 6841/5690/5516
f 6841/5690/5517 5076/5687/5517 1312/5689/5517 3505/5692/5517
f 2185/5691/5518 6841/5690/5518 3505/5692/5518 148/5693/5518
f 148/5693/5519 3505/5692/5519 6842/5694/5519 2186/5695/5519
f 3505/5692/5520 1312/5689/5520 5078/5696/5520 6842/5694/5520
f 6842/5694/5521 5078/5696/5521 1754/5697/5521 5081/5698/5521
f 2186/5695/5522 6842/5694/5522 5081/5698/5522 653/5699/5522
f 1312/5689/5523 3504/5688/5523 6843/5700/5523 5078/5696/5523
f 3504/5688/5524 168/5053/5524 2226/5055/5524 6843/5700/5524
f 6843/5700/5525 2226/5055/5525 673/5059/5525 5079/5701/5525
f 5078/5696/5526 6843/5700/5526 5079/5701/5526 1754/5697/5526
f 1754/5697/5527 5079/5701/5527 6844/5702/5527 5080/5703/5527
f 5079/5701/5528 673/5059/5528 2227/5067/5528 6844/5702/5528
f 6844/5702/5529 2227/5067/5529 169/5069/5529 3506/5704/5529
f 5080/5703/5530 6844/5702/5530 3506/5704/5530 1313/5705/5530
f 653/5699/5531 5081/5698/5531 6845/5706/5531 2187/5707/5531
f 5081/5698/5532 1754/5697/5532 5080/5703/5532 6845/5706/5532
f 6845/5706/5533 5080/5703/5533 1313/5705/5533 3507/5708/5533
f 2187/5707/5534 6845/5706/5534 3507/5708/5534 149/5709/5534
f 149/5709/5535 3507/5708/5535 6846/5710/5535 2188/5711/5535
f 3507/5708/5536 1313/5705/5536 5082/5712/5536 6846/5710/5536
f 6846/5710/5537 5082/5712/5537 1755/5713/5537 5085/5714/5537
f 2188/5711/5538 6846/5710/5538 5085/5714/5538 654/5715/5538
f 1313/5705/5539 3506/5704/5539 6847/5716/5539 5082/5712/5539
f 3506/5704/5540 169/5069/5540 2228/5071/5540 6847/5716/5540
f 6847/5716/5541 2228/5071/5541 674/5075/5541 5083/5717/5541
f 5082/5712/5542 6847/5716/5542 5083/5717/5542 1755/5713/5542
f 1755/5713/5543 5083/5717/5543 6848/5718/5543 5084/5719/5543
f 5083/5717/5544 674/5075/5544 2229/5083/5544 6848/5718/5544
f 6848/5718/5545 2229/5083/5545 170/5085/5545 3508/5720/5545
f 5084/5719/5546 6848/5718/5546 3508/5720/5546 1314/5721/5546
f 654/5715/5547 5085/5714/5547 6849/5722/5547 2189/5723/5547
f 5085/5714/5548 1755/5713/5548 5084/5719/5548 6849/5722/5548
f 6849/5722/5549 5084/5719/5549 1314/5721/5549 3509/5724/5549
f 2189/5723/5550 6849/5722/5550 3509/5724/5550 150/5725/5550
f 150/5725/5551 3509/5724/5551 6850/5726/5551 2190/5727/5551
f 3509/5724/5552 1314/5721/5552 5086/5728/5552 6850/5726/5552
f 6850/5726/5553 5086/5728/5553 1756/5729/5553 5089/5730/5553
f 2190/5727/5554 6850/5726/5554 5089/5730/5554 655/5731/5554
f 1314/5721/5555 3508/5720/5555 6851/5732/5555 5086/5728/5555
f 3508/5720/5556 170/5085/5556 2230/5087/5556 6851/5732/5556
f 6851/5732/5557 2230/5087/5557 675/5091/5557 5087/5733/5557
f 5086/5728/5558 6851/5732/5558 5087/5733/5558 1756/5729/5558
f 1756/5729/5559 5087/5733/5559 6852/5734/5559 5088/5735/5559
f 5087/5733/5560 675/5091/5560 2231/5099/5560 6852/5734/5560
f 6852/5734/5561 2231/5099/5561 171/5101/5561 3510/5736/5561
f 5088/5735/5562 6852/5734/5562 3510/5736/5562 1315/5737/5562
f 655/5731/5563 5089/5730/5563 6853/5738/5563 2191/5739/5563
f 5089/5730/5564 1756/5729/5564 5088/5735/5564 6853/5738/5564
f 6853/5738/5565 5088/5735/5565 1315/5737/5565 3511/5740/5565
f 2191/5739/5566 6853/5738/5566 3511/5740/5566 151/5741/5566
f 151/5741/5567 3511/5740/5567 6854/5742/5567 2192/5743/5567
f 3511/5740/5568 1315/5737/5568 5090/5744/5568 6854/5742/5568
f 6854/5742/5569 5090/5744/5569 1757/5745/5569 5093/5746/5569
f 2192/5743/5570 6854/5742/5570 5093/5746/5570 656/5747/5570
f 1315/5737/5571 3510/5736/5571 6855/5748/5571 5090/5744/5571
f 3510/5736/5572 171/5101/5572 2232/5103/5572 6855/5748/5572
f 6855/5748/5573 2232/5103/5573 676/5107/5573 5091/5749/5573
f 5090/5744/5574 6855/5748/5574 5091/5749/5574 1757/5745/5574
f 1757/5745/5575 5091/5749/5575 6856/5750/5575 5092/5751/5575
f 5091/5749/5576 676/5107/5576 2233/5115/5576 6856/5750/5576
f 6856/5750/5577 2233/5115/5577 172/5117/5577 3512/5752/5577
f 5092/5751/5578 6856/5750/5578 3512/5752/5578 1316/5753/5578
f 656/5747/5579 5093/5746/5579 6857/5754/5579 2193/5755/5579
f 5093/5746/5580 1757/5745/5580 5092/5751/5580 6857/5754/5580
f 6857/5754/5581 5092/5751/5581 1316/5753/5581 3513/5756/5581
f 2193/5755/5582 6857/5754/5582 3513/5756/5582 152/5757/5582
f 152/5757/5583 3513/5756/5583 6858/5758/5583 2194/5759/5583
f 3513/5756/5584 1316/5753/5584 5094/5760/5584 6858/5758/5584
f 6858/5758/5585 5094/5760/5585 1758/5761/5585 5097/5762/5585
f 2194/5759/5586 6858/5758/5586 5097/5762/5586 657/5763/5586
f 1316/5753/5587 3512/5752/5587 6859/5764/5587 5094/5760/5587
f 3512/5752/5588 172/5117/5588 2234/5119/5588 6859/5764/5588
f 6859/5764/5589 2234/5119/5589 677/5123/5589 5095/5765/5589
f 5094/5760/5590 6859/5764/5590 5095/5765/5590 1758/5761/5590
f 1758/5761/5591 5095/5765/5591 6860/5766/5591 5096/5767/5591
f 5095/5765/5592 677/5123/5592 2235/5131/5592 6860/5766/5592
f 6860/5766/5593 2235/5131/5593 173/5133/5593 3514/5768/5593
f 5096/5767/5594 6860/5766/5594 3514/5768/5594 1317/5769/5594
f 657/5763/5595 5097/5762/5595 6861/5770/5595 2195/5771/5595
f 5097/5762/5596 1758/5761/5596 5096/5767/5596 6861/5770/5596
f 6861/5770/5597 5096/5767/5597 1317/5769/5597 3515/5772/5597
f 2195/5771/5598 6861/5770/5598 3515/5772/5598 153/5773/5598
f 153/5773/5599 3515/5772/5599 6862/5774/5599 2196/5775/5599
f 3515/5772/5600 1317/5769/5600 5098/5776/5600 6862/5774/5600
f 6862/5774/5601 5098/5776/5601 1759/5777/5601 5101/5778/5601
f 2196/5775/5602 6862/5774/5602 5101/5778/5602 658/5779/5602
f 1317/5769/5603 3514/5768/5603 6863/5780/5603 5098/5776/5603
f 3514/5768/5604 173/5133/5604 2236/5135/5604 6863/5780/5604
f 6863/5780/5605 2236/5135/5605 678/5139/5605 5099/5781/5605
f 5098/5776/5606 6863/5780/5606 5099/5781/5606 1759/5777/5606
f 1759/5777/5607 5099/5781/5607 6864/5782/5607 5100/5783/5607
f 5099/5781/5608 678/5139/5608 2237/5147/5608 6864/5782/5608
f 6864/5782/5609 2237/5147/5609 174/5149/5609 3516/5784/5609
f 5100/5783/5610 6864/5782/5610 3516/5784/5610 1318/5785/5610
f 658/5779/5611 5101/5778/5611 6865/5786/5611 2197/5787/5611
f 5101/5778/5612 1759/5777/5612 5100/5783/5612 6865/5786/5612
f 6865/5786/5613 5100/5783/5613 1318/5785/5613 3517/5788/5613
f 2197/5787/5614 6865/5786/5614 3517/5788/5614 154/5789/5614
f 154/5789/5615 3517/5788/5615 6866/5790/5615 2198/5791/5615
f 3517/5788/5616 1318/5785/5616 5102/5792/5616 6866/5790/5616
f 6866/5790/5617 5102/5792/5617 1760/5793/5617 5105/5794/5617
f 2198/5791/5618 6866/5790/5618 5105/5794/5618 659/5795/5618
f 1318/5785/5619 3516/5784/5619 6867/5796/5619 5102/5792/5619
f 3516/5784/5620 174/5149/5620 2238/5151/5620 6867/5796/5620
f 6867/5796/5621 2238/5151/5621 679/5155/5621 5103/5797/5621
f 5102/5792/5622 6867/5796/5622 5103/5797/5622 1760/5793/5622
f 1760/5793/5623 5103/5797/5623 6868/5798/5623 5104/5799/5623
f 5103/5797/5624 679/5155/5624 2239/5163/5624 6868/5798/5624
f 6868/5798/5625 2239/5163/5625 175/5165/5625 3518/5800/5625
f 5104/5799/5626 6868/5798/5626 3518/5800/5626 1319/5801/5626
f 659/5795/5627 5105/5794/5627 6869/5802/5627 2199/5803/5627
f 5105/5794/5628 1760/5793/5628 5104/5799/5628 6869/5802/5628
f 6869/5802/5629 5104/5799/5629 1319/5801/5629 3519/5804/5629
f 2199/5803/5630 6869/5802/5630 3519/5804/5630 155/5805/5630
f 155/5805/5631 3519/5804/5631 6870/5806/5631 2200/5807/5631
f 3519/5804/5632 1319/5801/5632 5106/5808/5632 6870/5806/5632
f 6870/5806/5633 5106/5808/5633 1761/5809/5633 5109/5810/5633
f 2200/5807/5634 6870/5806/5634 5109/5810/5634 660/5811/5634
f 1319/5801/5635 3518/5800/5635 6871/5812/5635 5106/5808/5635
f 3518/5800/5636 175/5165/5636 2240/5167/5636 6871/5812/5636
f 6871/5812/5637 2240/5167/5637 680/5171/5637 5107/5813/5637
f 5106/5808/5638 6871/5812/5638 5107/5813/5638 1761/5809/5638
f 1761/5809/5639 5107/5813/5639 6872/5814/5639 5108/5815/5639
f 5107/5813/5640 680/5171/5640 2241/5179/5640 6872/5814/5640
f 6872/5814/5641 2241/5179/5641 176/5181/5641 3520/5816/5641
f 5108/5815/5642 6872/5814/5642 3520/5816/5642 1320/5817/5642
f 660/5811/5643 5109/5810/5643 6873/5818/5643 2201/5819/5643
f 5109/5810/5644 1761/5809/5644 5108/5815/5644 6873/5818/5644
f 6873/5818/5645 5108/5815/5645 1320/5817/5645 3521/5820/5645
f 2201/5819/5646 6873/5818/5646 3521/5820/5646 156/5821/5646
f 156/5821/5647 3521/5820/5647 6874/5822/5647 2202/5823/5647
f 3521/5820/5648 1320/5817/5648 5110/5824/5648 6874/5822/5648
f 6874/5822/5649 5110/5824/5649 1762/5825/5649 5113/5826/5649
f 2202/5823/5650 6874/5822/5650 5113/5826/5650 661/5827/5650
f 1320/5817/5651 3520/5816/5651 6875/5828/5651 5110/5824/5651
f 3520/5816/5652 176/5181/5652 2242/5183/5652 6875/5828/5652
f 6875/5828/5653 2242/5183/5653 681/5187/5653 5111/5829/5653
f 5110/5824/5654 6875/5828/5654 5111/5829/5654 1762/5825/5654
f 1762/5825/5655 5111/5829/5655 6876/5830/5655 5112/5831/5655
f 5111/5829/5656 681/5187/5656 2243/5195/5656 6876/5830/5656
f 6876/5830/5657 2243/5195/5657 177/5197/5657 3522/5832/5657
f 5112/5831/5658 6876/5830/5658 3522/5832/5658 1321/5833/5658
f 661/5827/5659 5113/5826/5659 6877/5834/5659 2203/5835/5659
f 5113/5826/5660 1762/5825/5660 5112/5831/5660 6877/5834/5660
f 6877/5834/5661 5112/5831/5661 1321/5833/5661 3523/5836/5661
f 2203/5835/5662 6877/5834/5662 3523/5836/5662 157/5837/5662
f 157/5837/5663 3523/5836/5663 6878/5838/5663 2204/5839/5663
f 3523/5836/5664 1321/5833/5664 5114/5840/5664 6878/5838/5664
f 6878/5838/5665 5114/5840/5665 1763/5841/5665 5117/5842/5665
f 2204/5839/5666 6878/5838/5666 5117/5842/5666 662/5843/5666
f 1321/5833/5667 3522/5832/5667 6879/5844/5667 5114/5840/5667
f 3522/5832/5668 177/5197/5668 2244/5199/5668 6879/5844/5668
f 6879/5844/5669 2244/5199/5669 682/5203/5669 5115/5845/5669
f 5114/5840/5670 6879/5844/5670 5115/5845/5670 1763/5841/5670
f 1763/5841/5671 5115/5845/5671 6880/5846/5671 5116/5847/5671
f 5115/5845/5672 682/5203/5672 2245/5211/5672 6880/5846/5672
f 6880/5846/5673 2245/5211/5673 178/5213/5673 3524/5848/5673
f 5116/5847/5674 6880/5846/5674 3524/5848/5674 1322/5849/5674
f 662/5843/5675 5117/5842/5675 6881/5850/5675 2205/5851/5675
f 5117/5842/5676 1763/5841/5676 5116/5847/5676 6881/5850/5676
f 6881/5850/5677 5116/5847/5677 1322/5849/5677 3525/5852/5677
f 2205/5851/5678 6881/5850/5678 3525/5852/5678 158/5853/5678
f 158/5853/5679 3525/5852/5679 6882/5854/5679 2206/5855/5679
f 3525/5852/5680 1322/5849/5680 5118/5856/5680 6882/5854/5680
f 6882/5854/5681 5118/5856/5681 1764/5857/5681 5121/5858/5681
f 2206/5855/5682 6882/5854/5682 5121/5858/5682 663/5859/5682
f 1322/5849/5683 3524/5848/5683 6883/5860/5683 5118/5856/5683
f 3524/5848/5684 178/5213/5684 2246/5215/5684 6883/5860/5684
f 6883/5860/5685 2246/5215/5685 683/5219/5685 5119/5861/5685
f 5118/5856/5686 6883/5860/5686 5119/5861/5686 1764/5857/5686
f 1764/5857/5687 5119/5861/5687 6884/5862/5687 5120/5863/5687
f 5119/5861/5688 683/5219/5688 2247/5227/5688 6884/5862/5688
f 6884/5862/5689 2247/5227/5689 179/5229/5689 3526/5864/5689
f 5120/5863/5690 6884/5862/5690 3526/5864/5690 1323/5865/5690
f 663/5859/5691 5121/5858/5691 6885/5866/5691 2207/5867/5691
f 5121/5858/5692 1764/5857/5692 5120/5863/5692 6885/5866/5692
f 6885/5866/5693 5120/5863/5693 1323/5865/5693 3527/5868/5693
f 2207/5867/5694 6885/5866/5694 3527/5868/5694 159/5869/5694
f 159/5869/5695 3527/5868/5695 6886/5870/5695 2208/5871/5695
f 3527/5868/5696 1323/5865/5696 5122/5872/5696 6886/5870/5696
f 6886/5870/5697 5122/5872/5697 1765/5873/5697 5125/5874/5697
f 2208/5871/5698 6886/5870/5698 5125/5874/5698 664/5875/5698
f 1323/5865/5699 3526/5864/5699 6887/5876/5699 5122/5872/5699
f 3526/5864/5700 179/5229/5700 2248/5231/5700 6887/5876/5700
f 6887/5876/5701 2248/5231/5701 684/5235/5701 5123/5877/5701
f 5122/5872/5702 6887/5876/5702 5123/5877/5702 1765/5873/5702
f 1765/5873/5703 5123/5877/5703 6888/5878/5703 5124/5879/5703
f 5123/5877/5704 684/5235/5704 2249/5243/5704 6888/5878/5704
f 6888/5878/5705 2249/5243/5705 180/5245/5705 3528/5880/5705
f 5124/5879/5706 6888/5878/5706 3528/5880/5706 1324/5881/5706
f 664/5875/5707 5125/5874/5707 6889/5882/5707 2209/5883/5707
f 5125/5874/5708 1765/5873/5708 5124/5879/5708 6889/5882/5708
f 6889/5882/5709 5124/5879/5709 1324/5881/5709 3529/5884/5709
f 2209/5883/5710 6889/5882/5710 3529/5884/5710 160/5885/5710
f 160/5885/5711 3529/5884/5711 6890/5886/5711 2210/5887/5711
f 3529/5884/5712 1324/5881/5712 5126/5888/5712 6890/5886/5712
f 6890/5886/5713 5126/5888/5713 1766/5889/5713 5129/5890/5713
f 2210/5887/5714 6890/5886/5714 5129/5890/5714 665/5891/5714
f 1324/5881/5715 3528/5880/5715 6891/5892/5715 5126/5888/5715
f 3528/5880/5716 180/5245/5716 2250/5247/5716 6891/5892/5716
f 6891/5892/5717 2250/5247/5717 685/5251/5717 5127/5893/5717
f 5126/5888/5718 6891/5892/5718 5127/5893/5718 1766/5889/5718
f 1766/5889/5719 5127/5893/5719 6892/5894/5719 5128/5895/5719
f 5127/5893/5720 685/5251/5720 2251/5259/5720 6892/5894/5720
f 6892/5894/5721 2251/5259/5721 181/5261/5721 3530/5896/5721
f 5128/5895/5722 6892/5894/5722 3530/5896/5722 1325/5897/5722
f 665/5891/5723 5129/5890/5723 6893/5898/5723 2211/5899/5723
f 5129/5890/5724 1766/5889/5724 5128/5895/5724 6893/5898/5724
f 6893/5898/5725 5128/5895/5725 1325/5897/5725 3531/5900/5725
f 2211/5899/5726 6893/5898/5726 3531/5900/5726 161/5901/5726
f 161/5901/5727 3531/5900/5727 6894/5902/5727 2212/5903/5727
f 3531/5900/5728 1325/5897/5728 5130/5904/5728 6894/5902/5728
f 6894/5902/5729 5130/5904/5729 1767/5905/5729 5133/5906/5729
f 2212/5903/5730 6894/5902/5730 5133/5906/5730 666/5907/5730
f 1325/5897/5731 3530/5896/5731 6895/5908/5731 5130/5904/5731
f 3530/5896/5732 181/5261/5732 2252/5263/5732 6895/5908/5732
f 6895/5908/5733 2252/5263/5733 686/5267/5733 5131/5909/5733
f 5130/5904/5734 6895/5908/5734 5131/5909/5734 1767/5905/5734
f 1767/5905/5735 5131/5909/5735 6896/5910/5735 5132/5911/5735
f 5131/5909/5736 686/5267/5736 2253/5275/5736 6896/5910/5736
f 6896/5910/5737 2253/5275/5737 182/5277/5737 3532/5912/5737
f 5132/5911/5738 6896/5910/5738 3532/5912/5738 1326/5913/5738
f 666/5907/5739 5133/5906/5739 6897/5914/5739 2213/5915/5739
f 5133/5906/5740 1767/5905/5740 5132/5911/5740 6897/5914/5740
f 6897/5914/5741 5132/5911/5741 1326/5913/5741 3533/5916/5741
f 2213/5915/5742 6897/5914/5742 3533/5916/5742 162/5917/5742
f 162/5917/5743 3533/5916/5743 6898/5918/5743 2214/5919/5743
f 3533/5916/5744 1326/5913/5744 5134/5920/5744 6898/5918/5744
f 6898/5918/5745 5134/5920/5745 1768/5921/5745 5137/5922/5745
f 2214/5919/5746 6898/5918/5746 5137/5922/5746 667/5923/5746
f 1326/5913/5747 3532/5912/5747 6899/5924/5747 5134/5920/5747
f 3532/5912/5748 182/5277/5748 2254/5279/5748 6899/5924/5748
f 6899/5924/5749 2254/5279/5749 687/5283/5749 5135/5925/5749
f 5134/5920/5750 6899/5924/5750 5135/5925/5750 1768/5921/5750
f 1768/5921/5751 5135/5925/5751 6900/5926/5751 5136/5927/5751
f 5135/5925/5752 687/5283/5752 2255/5291/5752 6900/5926/5752
f 6900/5926/5753 2255/5291/5753 183/5293/5753 3534/5928/5753
f 5136/5927/5754 6900/5926/5754 3534/5928/5754 1327/5929/5754
f 667/5923/5755 5137/5922/5755 6901/5930/5755 2215/5931/5755
f 5137/5922/5756 1768/5921/5756 5136/5927/5756 6901/5930/5756
f 6901/5930/5757 5136/5927/5757 1327/5929/5757 3535/5932/5757
f 2215/5931/5758 6901/5930/5758 3535/5932/5758 163/5933/5758
f 163/5933/5759 3535/5932/5759 6902/5934/5759 2216/5935/5759
f 3535/5932/5760 1327/5929/5760 5138/5936/5760 6902/5934/5760
f 6902/5934/5761 5138/5936/5761 1769/5937/5761 5141/5938/5761
f 2216/5935/5762 6902/5934/5762 5141/5938/5762 668/5939/5762
f 1327/5929/5763 3534/5928/5763 6903/5940/5763 5138/5936/5763
f 3534/5928/5764 183/5293/5764 2256/5295/5764 6903/5940/5764
f 6903/5940/5765 2256/5295/5765 688/5299/5765 5139/5941/5765
f 5138/5936/5766 6903/5940/5766 5139/5941/5766 1769/5937/5766
f 1769/5937/5767 5139/5941/5767 6904/5942/5767 5140/5943/5767
f 5139/5941/5768 688/5299/5768 2257/5305/5768 6904/5942/5768
f 6904/5942/5769 2257/5305/5769 184/94/5769 3536/92/5769
f 5140/5943/5770 6904/5942/5770 3536/92/5770 1328/88/5770
f 668/5939/5771 5141/5938/5771 6905/5944/5771 2217/5945/5771
f 5141/5938/5772 1769/5937/5772 5140/5943/5772 6905/5944/5772
f 6905/5944/5773 5140/5943/5773 1328/88/5773 3537/86/5773
f 2217/5945/5774 6905/5944/5774 3537/86/5774 164/12/5774
f 23/5946/5775 1895/5947/5775 6906/5948/5775 2098/5949/5775
f 1895/5947/5776 507/5950/5776 5142/5951/5776 6906/5948/5776
f 6906/5948/5777 5142/5951/5777 1770/5952/5777 5145/5953/5777
f 2098/5949/5778 6906/5948/5778 5145/5953/5778 609/5954/5778
f 507/5950/5779 1894/5955/5779 6907/5956/5779 5142/5951/5779
f 1894/5955/5780 22/5957/5780 2138/5958/5780 6907/5956/5780
f 6907/5956/5781 2138/5958/5781 629/5959/5781 5143/5960/5781
f 5142/5951/5782 6907/5956/5782 5143/5960/5782 1770/5952/5782
f 1770/5952/5783 5143/5960/5783 6908/5961/5783 5144/5962/5783
f 5143/5960/5784 629/5959/5784 2139/5963/5784 6908/5961/5784
f 6908/5961/5785 2139/5963/5785 125/5964/5785 3538/5965/5785
f 5144/5962/5786 6908/5961/5786 3538/5965/5786 1329/5966/5786
f 609/5954/5787 5145/5953/5787 6909/5967/5787 2099/5968/5787
f 5145/5953/5788 1770/5952/5788 5144/5962/5788 6909/5967/5788
f 6909/5967/5789 5144/5962/5789 1329/5966/5789 3539/5969/5789
f 2099/5968/5790 6909/5967/5790 3539/5969/5790 105/5970/5790
f 105/5970/5791 3539/5969/5791 6910/5971/5791 2100/5972/5791
f 3539/5969/5792 1329/5966/5792 5146/5973/5792 6910/5971/5792
f 6910/5971/5793 5146/5973/5793 1771/5974/5793 5149/5975/5793
f 2100/5972/5794 6910/5971/5794 5149/5975/5794 610/5976/5794
f 1329/5966/5795 3538/5965/5795 6911/5977/5795 5146/5973/5795
f 3538/5965/5796 125/5964/5796 2140/5978/5796 6911/5977/5796
f 6911/5977/5797 2140/5978/5797 630/5979/5797 5147/5980/5797
f 5146/5973/5798 6911/5977/5798 5147/5980/5798 1771/5974/5798
f 1771/5974/5799 5147/5980/5799 6912/5981/5799 5148/5982/5799
f 5147/5980/5800 630/5979/5800 2141/5983/5800 6912/5981/5800
f 6912/5981/5801 2141/5983/5801 126/5984/5801 3540/5985/5801
f 5148/5982/5802 6912/5981/5802 3540/5985/5802 1330/5986/5802
f 610/5976/5803 5149/5975/5803 6913/5987/5803 2101/5988/5803
f 5149/5975/5804 1771/5974/5804 5148/5982/5804 6913/5987/5804
f 6913/5987/5805 5148/5982/5805 1330/5986/5805 3541/5989/5805
f 2101/5988/5806 6913/5987/5806 3541/5989/5806 106/5990/5806
f 106/5990/5807 3541/5989/5807 6914/5991/5807 2102/5992/5807
f 3541/5989/5808 1330/5986/5808 5150/5993/5808 6914/5991/5808
f 6914/5991/5809 5150/5993/5809 1772/5994/5809 5153/5995/5809
f 2102/5992/5810 6914/5991/5810 5153/5995/5810 611/5996/5810
f 1330/5986/5811 3540/5985/5811 6915/5997/5811 5150/5993/5811
f 3540/5985/5812 126/5984/5812 2142/5998/5812 6915/5997/5812
f 6915/5997/5813 2142/5998/5813 631/5999/5813 5151/6000/5813
f 5150/5993/5814 6915/5997/5814 5151/6000/5814 1772/5994/5814
f 1772/5994/5815 5151/6000/5815 6916/6001/5815 5152/6002/5815
f 5151/6000/5816 631/5999/5816 2143/6003/5816 6916/6001/5816
f 6916/6001/5817 2143/6003/5817 127/6004/5817 3542/6005/5817
f 5152/6002/5818 6916/6001/5818 3542/6005/5818 1331/6006/5818
f 611/5996/5819 5153/5995/5819 6917/6007/5819 2103/6008/5819
f 5153/5995/5820 1772/5994/5820 5152/6002/5820 6917/6007/5820
f 6917/6007/5821 5152/6002/5821 1331/6006/5821 3543/6009/5821
f 2103/6008/5822 6917/6007/5822 3543/6009/5822 107/6010/5822
f 107/6010/5823 3543/6009/5823 6918/6011/5823 2104/6012/5823
f 3543/6009/5824 1331/6006/5824 5154/6013/5824 6918/6011/5824
f 6918/6011/5825 5154/6013/5825 1773/6014/5825 5157/6015/5825
f 2104/6012/5826 6918/6011/5826 5157/6015/5826 612/6016/5826
f 1331/6006/5827 3542/6005/5827 6919/6017/5827 5154/6013/5827
f 3542/6005/5828 127/6004/5828 2144/6018/5828 6919/6017/5828
f 6919/6017/5829 2144/6018/5829 632/6019/5829 5155/6020/5829
f 5154/6013/5830 6919/6017/5830 5155/6020/5830 1773/6014/5830
f 1773/6014/5831 5155/6020/5831 6920/6021/5831 5156/6022/5831
f 5155/6020/5832 632/6019/5832 2145/6023/5832 6920/6021/5832
f 6920/6021/5833 2145/6023/5833 128/6024/5833 3544/6025/5833
f 5156/6022/5834 6920/6021/5834 3544/6025/5834 1332/6026/5834
f 612/6016/5835 5157/6015/5835 6921/6027/5835 2105/6028/5835
f 5157/6015/5836 1773/6014/5836 5156/6022/5836 6921/6027/5836
f 6921/6027/5837 5156/6022/5837 1332/6026/5837 3545/6029/5837
f 2105/6028/5838 6921/6027/5838 3545/6029/5838 108/6030/5838
f 108/6030/5839 3545/6029/5839 6922/6031/5839 2106/6032/5839
f 3545/6029/5840 1332/6026/5840 5158/6033/5840 6922/6031/5840
f 6922/6031/5841 5158/6033/5841 1774/6034/5841 5161/6035/5841
f 2106/6032/5842 6922/6031/5842 5161/6035/5842 613/6036/5842
f 1332/6026/5843 3544/6025/5843 6923/6037/5843 5158/6033/5843
f 3544/6025/5844 128/6024/5844 2146/6038/5844 6923/6037/5844
f 6923/6037/5845 2146/6038/5845 633/6039/5845 5159/6040/5845
f 5158/6033/5846 6923/6037/5846 5159/6040/5846 1774/6034/5846
f 1774/6034/5847 5159/6040/5847 6924/6041/5847 5160/6042/5847
f 5159/6040/5848 633/6039/5848 2147/6043/5848 6924/6041/5848
f 6924/6041/5849 2147/6043/5849 129/6044/5849 3546/6045/5849
f 5160/6042/5850 6924/6041/5850 3546/6045/5850 1333/6046/5850
f 613/6036/5851 5161/6035/5851 6925/6047/5851 2107/6048/5851
f 5161/6035/5852 1774/6034/5852 5160/6042/5852 6925/6047/5852
f 6925/6047/5853 5160/6042/5853 1333/6046/5853 3547/6049/5853
f 2107/6048/5854 6925/6047/5854 3547/6049/5854 109/6050/5854
f 109/6050/5855 3547/6049/5855 6926/6051/5855 2108/6052/5855
f 3547/6049/5856 1333/6046/5856 5162/6053/5856 6926/6051/5856
f 6926/6051/5857 5162/6053/5857 1775/6054/5857 5165/6055/5857
f 2108/6052/5858 6926/6051/5858 5165/6055/5858 614/6056/5858
f 1333/6046/5859 3546/6045/5859 6927/6057/5859 5162/6053/5859
f 3546/6045/5860 129/6044/5860 2148/6058/5860 6927/6057/5860
f 6927/6057/5861 2148/6058/5861 634/6059/5861 5163/6060/5861
f 5162/6053/5862 6927/6057/5862 5163/6060/5862 1775/6054/5862
f 1775/6054/5863 5163/6060/5863 6928/6061/5863 5164/6062/5863
f 5163/6060/5864 634/6059/5864 2149/6063/5864 6928/6061/5864
f 6928/6061/5865 2149/6063/5865 130/6064/5865 3548/6065/5865
f 5164/6062/5866 6928/6061/5866 3548/6065/5866 1334/6066/5866
f 614/6056/5867 5165/6055/5867 6929/6067/5867 2109/6068/5867
f 5165/6055/5868 1775/6054/5868 5164/6062/5868 6929/6067/5868
f 6929/6067/5869 5164/6062/5869 1334/6066/5869 3549/6069/5869
f 2109/6068/5870 6929/6067/5870 3549/6069/5870 110/6070/5870
f 110/6070/5871 3549/6069/5871 6930/6071/5871 2110/6072/5871
f 3549/6069/5872 1334/6066/5872 5166/6073/5872 6930/6071/5872
f 6930/6071/5873 5166/6073/5873 1776/6074/5873 5169/6075/5873
f 2110/6072/5874 6930/6071/5874 5169/6075/5874 615/6076/5874
f 1334/6066/5875 3548/6065/5875 6931/6077/5875 5166/6073/5875
f 3548/6065/5876 130/6064/5876 2150/6078/5876 6931/6077/5876
f 6931/6077/5877 2150/6078/5877 635/6079/5877 5167/6080/5877
f 5166/6073/5878 6931/6077/5878 5167/6080/5878 1776/6074/5878
f 1776/6074/5879 5167/6080/5879 6932/6081/5879 5168/6082/5879
f 5167/6080/5880 635/6079/5880 2151/6083/5880 6932/6081/5880
f 6932/6081/5881 2151/6083/5881 131/6084/5881 3550/6085/5881
f 5168/6082/5882 6932/6081/5882 3550/6085/5882 1335/6086/5882
f 615/6076/5883 5169/6075/5883 6933/6087/5883 2111/6088/5883
f 5169/6075/5884 1776/6074/5884 5168/6082/5884 6933/6087/5884
f 6933/6087/5885 5168/6082/5885 1335/6086/5885 3551/6089/5885
f 2111/6088/5886 6933/6087/5886 3551/6089/5886 111/6090/5886
f 111/6090/5887 3551/6089/5887 6934/6091/5887 2112/6092/5887
f 3551/6089/5888 1335/6086/5888 5170/6093/5888 6934/6091/5888
f 6934/6091/5889 5170/6093/5889 1777/6094/5889 5173/6095/5889
f 2112/6092/5890 6934/6091/5890 5173/6095/5890 616/6096/5890
f 1335/6086/5891 3550/6085/5891 6935/6097/5891 5170/6093/5891
f 3550/6085/5892 131/6084/5892 2152/6098/5892 6935/6097/5892
f 6935/6097/5893 2152/6098/5893 636/6099/5893 5171/6100/5893
f 5170/6093/5894 6935/6097/5894 5171/6100/5894 1777/6094/5894
f 1777/6094/5895 5171/6100/5895 6936/6101/5895 5172/6102/5895
f 5171/6100/5896 636/6099/5896 2153/6103/5896 6936/6101/5896
f 6936/6101/5897 2153/6103/5897 132/6104/5897 3552/6105/5897
f 5172/6102/5898 6936/6101/5898 3552/6105/5898 1336/6106/5898
f 616/6096/5899 5173/6095/5899 6937/6107/5899 2113/6108/5899
f 5173/6095/5900 1777/6094/5900 5172/6102/5900 6937/6107/5900
f 6937/6107/5901 5172/6102/5901 1336/6106/5901 3553/6109/5901
f 2113/6108/5902 6937/6107/5902 3553/6109/5902 112/6110/5902
f 112/6110/5903 3553/6109/5903 6938/6111/5903 2114/6112/5903
f 3553/6109/5904 1336/6106/5904 5174/6113/5904 6938/6111/5904
f 6938/6111/5905 5174/6113/5905 1778/6114/5905 5177/6115/5905
f 2114/6112/5906 6938/6111/5906 5177/6115/5906 617/6116/5906
f 1336/6106/5907 3552/6105/5907 6939/6117/5907 5174/6113/5907
f 3552/6105/5908 132/6104/5908 2154/6118/5908 6939/6117/5908
f 6939/6117/5909 2154/6118/5909 637/6119/5909 5175/6120/5909
f 5174/6113/5910 6939/6117/5910 5175/6120/5910 1778/6114/5910
f 1778/6114/5911 5175/6120/5911 6940/6121/5911 5176/6122/5911
f 5175/6120/5912 637/6119/5912 2155/6123/5912 6940/6121/5912
f 6940/6121/5913 2155/6123/5913 133/6124/5913 3554/6125/5913
f 5176/6122/5914 6940/6121/5914 3554/6125/5914 1337/6126/5914
f 617/6116/5915 5177/6115/5915 6941/6127/5915 2115/6128/5915
f 5177/6115/5916 1778/6114/5916 5176/6122/5916 6941/6127/5916
f 6941/6127/5917 5176/6122/5917 1337/6126/5917 3555/6129/5917
f 2115/6128/5918 6941/6127/5918 3555/6129/5918 113/6130/5918
f 113/6130/5919 3555/6129/5919 6942/6131/5919 2116/6132/5919
f 3555/6129/5920 1337/6126/5920 5178/6133/5920 6942/6131/5920
f 6942/6131/5921 5178/6133/5921 1779/6134/5921 5181/6135/5921
f 2116/6132/5922 6942/6131/5922 5181/6135/5922 618/6136/5922
f 1337/6126/5923 3554/6125/5923 6943/6137/5923 5178/6133/5923
f 3554/6125/5924 133/6124/5924 2156/6138/5924 6943/6137/5924
f 6943/6137/5925 2156/6138/5925 638/6139/5925 5179/6140/5925
f 5178/6133/5926 6943/6137/5926 5179/6140/5926 1779/6134/5926
f 1779/6134/5927 5179/6140/5927 6944/6141/5927 5180/6142/5927
f 5179/6140/5928 638/6139/5928 2157/6143/5928 6944/6141/5928
f 6944/6141/5929 2157/6143/5929 134/6144/5929 3556/6145/5929
f 5180/6142/5930 6944/6141/5930 3556/6145/5930 1338/6146/5930
f 618/6136/5931 5181/6135/5931 6945/6147/5931 2117/6148/5931
f 5181/6135/5932 1779/6134/5932 5180/6142/5932 6945/6147/5932
f 6945/6147/5933 5180/6142/5933 1338/6146/5933 3557/6149/5933
f 2117/6148/5934 6945/6147/5934 3557/6149/5934 114/6150/5934
f 114/6150/5935 3557/6149/5935 6946/6151/5935 2118/6152/5935
f 3557/6149/5936 1338/6146/5936 5182/6153/5936 6946/6151/5936
f 6946/6151/5937 5182/6153/5937 1780/6154/5937 5185/6155/5937
f 2118/6152/5938 6946/6151/5938 5185/6155/5938 619/6156/5938
f 1338/6146/5939 3556/6145/5939 6947/6157/5939 5182/6153/5939
f 3556/6145/5940 134/6144/5940 2158/6158/5940 6947/6157/5940
f 6947/6157/5941 2158/6158/5941 639/6159/5941 5183/6160/5941
f 5182/6153/5942 6947/6157/5942 5183/6160/5942 1780/6154/5942
f 1780/6154/5943 5183/6160/5943 6948/6161/5943 5184/6162/5943
f 5183/6160/5944 639/6159/5944 2159/6163/5944 6948/6161/5944
f 6948/6161/5945 2159/6163/5945 135/6164/5945 3558/6165/5945
f 5184/6162/5946 6948/6161/5946 3558/6165/5946 1339/6166/5946
f 619/6156/5947 5185/6155/5947 6949/6167/5947 2119/6168/5947
f 5185/6155/5948 1780/6154/5948 5184/6162/5948 6949/6167/5948
f 6949/6167/5949 5184/6162/5949 1339/6166/5949 3559/6169/5949
f 2119/6168/5950 6949/6167/5950 3559/6169/5950 115/6170/5950
f 115/6170/5951 3559/6169/5951 6950/6171/5951 2120/6172/5951
f 3559/6169/5952 1339/6166/5952 5186/6173/5952 6950/6171/5952
f 6950/6171/5953 5186/6173/5953 1781/6174/5953 5189/6175/5953
f 2120/6172/5954 6950/6171/5954 5189/6175/5954 620/6176/5954
f 1339/6166/5955 3558/6165/5955 6951/6177/5955 5186/6173/5955
f 3558/6165/5956 135/6164/5956 2160/6178/5956 6951/6177/5956
f 6951/6177/5957 2160/6178/5957 640/6179/5957 5187/6180/5957
f 5186/6173/5958 6951/6177/5958 5187/6180/5958 1781/6174/5958
f 1781/6174/5959 5187/6180/5959 6952/6181/5959 5188/6182/5959
f 5187/6180/5960 640/6179/5960 2161/6183/5960 6952/6181/5960
f 6952/6181/5961 2161/6183/5961 136/6184/5961 3560/6185/5961
f 5188/6182/5962 6952/6181/5962 3560/6185/5962 1340/6186/5962
f 620/6176/5963 5189/6175/5963 6953/6187/5963 2121/6188/5963
f 5189/6175/5964 1781/6174/5964 5188/6182/5964 6953/6187/5964
f 6953/6187/5965 5188/6182/5965 1340/6186/5965 3561/6189/5965
f 2121/6188/5966 6953/6187/5966 3561/6189/5966 116/6190/5966
f 116/6190/5967 3561/6189/5967 6954/6191/5967 2122/6192/5967
f 3561/6189/5968 1340/6186/5968 5190/6193/5968 6954/6191/5968
f 6954/6191/5969 5190/6193/5969 1782/6194/5969 5193/6195/5969
f 2122/6192/5970 6954/6191/5970 5193/6195/5970 621/6196/5970
f 1340/6186/5971 3560/6185/5971 6955/6197/5971 5190/6193/5971
f 3560/6185/5972 136/6184/5972 2162/6198/5972 6955/6197/5972
f 6955/6197/5973 2162/6198/5973 641/6199/5973 5191/6200/5973
f 5190/6193/5974 6955/6197/5974 5191/6200/5974 1782/6194/5974
f 1782/6194/5975 5191/6200/5975 6956/6201/5975 5192/6202/5975
f 5191/6200/5976 641/6199/5976 2163/6203/5976 6956/6201/5976
f 6956/6201/5977 2163/6203/5977 137/6204/5977 3562/6205/5977
f 5192/6202/5978 6956/6201/5978 3562/6205/5978 1341/6206/5978
f 621/6196/5979 5193/6195/5979 6957/6207/5979 2123/6208/5979
f 5193/6195/5980 1782/6194/5980 5192/6202/5980 6957/6207/5980
f 6957/6207/5981 5192/6202/5981 1341/6206/5981 3563/6209/5981
f 2123/6208/5982 6957/6207/5982 3563/6209/5982 117/6210/5982
f 117/6210/5983 3563/6209/5983 6958/6211/5983 2124/6212/5983
f 3563/6209/5984 1341/6206/5984 5194/6213/5984 6958/6211/5984
f 6958/6211/5985 5194/6213/5985 1783/6214/5985 5197/6215/5985
f 2124/6212/5986 6958/6211/5986 5197/6215/5986 622/6216/5986
f 1341/6206/5987 3562/6205/5987 6959/6217/5987 5194/6213/5987
f 3562/6205/5988 137/6204/5988 2164/6218/5988 6959/6217/5988
f 6959/6217/5989 2164/6218/5989 642/6219/5989 5195/6220/5989
f 5194/6213/5990 6959/6217/5990 5195/6220/5990 1783/6214/5990
f 1783/6214/5991 5195/6220/5991 6960/6221/5991 5196/6222/5991
f 5195/6220/5992 642/6219/5992 2165/6223/5992 6960/6221/5992
f 6960/6221/5993 2165/6223/5993 138/6224/5993 3564/6225/5993
f 5196/6222/5994 6960/6221/5994 3564/6225/5994 1342/6226/5994
f 622/6216/5995 5197/6215/5995 6961/6227/5995 2125/6228/5995
f 5197/6215/5996 1783/6214/5996 5196/6222/5996 6961/6227/5996
f 6961/6227/5997 5196/6222/5997 1342/6226/5997 3565/6229/5997
f 2125/6228/5998 6961/6227/5998 3565/6229/5998 118/6230/5998
f 118/6230/5999 3565/6229/5999 6962/6231/5999 2126/6232/5999
f 3565/6229/6000 1342/6226/6000 5198/6233/6000 6962/6231/6000
f 6962/6231/6001 5198/6233/6001 1784/6234/6001 5201/6235/6001
f 2126/6232/6002 6962/6231/6002 5201/6235/6002 623/6236/6002
f 1342/6226/6003 3564/6225/6003 6963/6237/6003 5198/6233/6003
f 3564/6225/6004 138/6224/6004 2166/6238/6004 6963/6237/6004
f 6963/6237/6005 2166/6238/6005 643/6239/6005 5199/6240/6005
f 5198/6233/6006 6963/6237/6006 5199/6240/6006 1784/6234/6006
f 1784/6234/6007 5199/6240/6007 6964/6241/6007 5200/6242/6007
f 5199/6240/6008 643/6239/6008 2167/6243/6008 6964/6241/6008
f 6964/6241/6009 2167/6243/6009 139/6244/6009 3566/6245/6009
f 5200/6242/6010 6964/6241/6010 3566/6245/6010 1343/6246/6010
f 623/6236/6011 5201/6235/6011 6965/6247/6011 2127/6248/6011
f 5201/6235/6012 1784/6234/6012 5200/6242/6012 6965/6247/6012
f 6965/6247/6013 5200/6242/6013 1343/6246/6013 3567/6249/6013
f 2127/6248/6014 6965/6247/6014 3567/6249/6014 119/6250/6014
f 119/6250/6015 3567/6249/6015 6966/6251/6015 2128/6252/6015
f 3567/6249/6016 1343/6246/6016 5202/6253/6016 6966/6251/6016
f 6966/6251/6017 5202/6253/6017 1785/6254/6017 5205/6255/6017
f 2128/6252/6018 6966/6251/6018 5205/6255/6018 624/6256/6018
f 1343/6246/6019 3566/6245/6019 6967/6257/6019 5202/6253/6019
f 3566/6245/6020 139/6244/6020 2168/6258/6020 6967/6257/6020
f 6967/6257/6021 2168/6258/6021 644/6259/6021 5203/6260/6021
f 5202/6253/6022 6967/6257/6022 5203/6260/6022 1785/6254/6022
f 1785/6254/6023 5203/6260/6023 6968/6261/6023 5204/6262/6023
f 5203/6260/6024 644/6259/6024 2169/6263/6024 6968/6261/6024
f 6968/6261/6025 2169/6263/6025 140/6264/6025 3568/6265/6025
f 5204/6262/6026 6968/6261/6026 3568/6265/6026 1344/6266/6026
f 624/6256/6027 5205/6255/6027 6969/6267/6027 2129/6268/6027
f 5205/6255/6028 1785/6254/6028 5204/6262/6028 6969/6267/6028
f 6969/6267/6029 5204/6262/6029 1344/6266/6029 3569/6269/6029
f 2129/6268/6030 6969/6267/6030 3569/6269/6030 120/6270/6030
f 120/6270/6031 3569/6269/6031 6970/6271/6031 2130/6272/6031
f 3569/6269/6032 1344/6266/6032 5206/6273/6032 6970/6271/6032
f 6970/6271/6033 5206/6273/6033 1786/6274/6033 5209/6275/6033
f 2130/6272/6034 6970/6271/6034 5209/6275/6034 625/6276/6034
f 1344/6266/6035 3568/6265/6035 6971/6277/6035 5206/6273/6035
f 3568/6265/6036 140/6264/6036 2170/6278/6036 6971/6277/6036
f 6971/6277/6037 2170/6278/6037 645/6279/6037 5207/6280/6037
f 5206/6273/6038 6971/6277/6038 5207/6280/6038 1786/6274/6038
f 1786/6274/6039 5207/6280/6039 6972/6281/6039 5208/6282/6039
f 5207/6280/6040 645/6279/6040 2171/6283/6040 6972/6281/6040
f 6972/6281/6041 2171/6283/6041 141/6284/6041 3570/6285/6041
f 5208/6282/6042 6972/6281/6042 3570/6285/6042 1345/6286/6042
f 625/6276/6043 5209/6275/6043 6973/6287/6043 2131/6288/6043
f 5209/6275/6044 1786/6274/6044 5208/6282/6044 6973/6287/6044
f 6973/6287/6045 5208/6282/6045 1345/6286/6045 3571/6289/6045
f 2131/6288/6046 6973/6287/6046 3571/6289/6046 121/6290/6046
f 121/6290/6047 3571/6289/6047 6974/6291/6047 2132/6292/6047
f 3571/6289/6048 1345/6286/6048 5210/6293/6048 6974/6291/6048
f 6974/6291/6049 5210/6293/6049 1787/6294/6049 5213/6295/6049
f 2132/6292/6050 6974/6291/6050 5213/6295/6050 626/6296/6050
f 1345/6286/6051 3570/6285/6051 6975/6297/6051 5210/6293/6051
f 3570/6285/6052 141/6284/6052 2172/6298/6052 6975/6297/6052
f 6975/6297/6053 2172/6298/6053 646/6299/6053 5211/6300/6053
f 5210/6293/6054 6975/6297/6054 5211/6300/6054 1787/6294/6054
f 1787/6294/6055 5211/6300/6055 6976/6301/6055 5212/6302/6055
f 5211/6300/6056 646/6299/6056 2173/6303/6056 6976/6301/6056
f 6976/6301/6057 2173/6303/6057 142/6304/6057 3572/6305/6057
f 5212/6302/6058 6976/6301/6058 3572/6305/6058 1346/6306/6058
f 626/6296/6059 5213/6295/6059 6977/6307/6059 2133/6308/6059
f 5213/6295/6060 1787/6294/6060 5212/6302/6060 6977/6307/6060
f 6977/6307/6061 5212/6302/6061 1346/6306/6061 3573/6309/6061
f 2133/6308/6062 6977/6307/6062 3573/6309/6062 122/6310/6062
f 122/6310/6063 3573/6309/6063 6978/6311/6063 2134/6312/6063
f 3573/6309/6064 1346/6306/6064 5214/6313/6064 6978/6311/6064
f 6978/6311/6065 5214/6313/6065 1788/6314/6065 5217/6315/6065
f 2134/6312/6066 6978/6311/6066 5217/6315/6066 627/6316/6066
f 1346/6306/6067 3572/6305/6067 6979/6317/6067 5214/6313/6067
f 3572/6305/6068 142/6304/6068 2174/6318/6068 6979/6317/6068
f 6979/6317/6069 2174/6318/6069 647/6319/6069 5215/6320/6069
f 5214/6313/6070 6979/6317/6070 5215/6320/6070 1788/6314/6070
f 1788/6314/6071 5215/6320/6071 6980/6321/6071 5216/6322/6071
f 5215/6320/6072 647/6319/6072 2175/6323/6072 6980/6321/6072
f 6980/6321/6073 2175/6323/6073 143/6324/6073 3574/6325/6073
f 5216/6322/6074 6980/6321/6074 3574/6325/6074 1347/6326/6074
f 627/6316/6075 5217/6315/6075 6981/6327/6075 2135/6328/6075
f 5217/6315/6076 1788/6314/6076 5216/6322/6076 6981/6327/6076
f 6981/6327/6077 5216/6322/6077 1347/6326/6077 3575/6329/6077
f 2135/6328/6078 6981/6327/6078 3575/6329/6078 123/6330/6078
f 123/6330/6079 3575/6329/6079 6982/6331/6079 2136/6332/6079
f 3575/6329/6080 1347/6326/6080 5218/6333/6080 6982/6331/6080
f 6982/6331/6081 5218/6333/6081 1789/6334/6081 5221/6335/6081
f 2136/6332/6082 6982/6331/6082 5221/6335/6082 628/6336/6082
f 1347/6326/6083 3574/6325/6083 6983/6337/6083 5218/6333/6083
f 3574/6325/6084 143/6324/6084 2176/6338/6084 6983/6337/6084
f 6983/6337/6085 2176/6338/6085 648/6339/6085 5219/6340/6085
f 5218/6333/6086 6983/6337/6086 5219/6340/6086 1789/6334/6086
f 1789/6334/6087 5219/6340/6087 6984/6341/6087 5220/6342/6087
f 5219/6340/6088 648/6339/6088 2177/6343/6088 6984/6341/6088
f 6984/6341/6089 2177/6343/6089 144/1/6089 3576/77/6089
f 5220/6342/6090 6984/6341/6090 3576/77/6090 1348/73/6090
f 628/6336/6091 5221/6335/6091 6985/6344/6091 2137/6345/6091
f 5221/6335/6092 1789/6334/6092 5220/6342/6092 6985/6344/6092
f 6985/6344/6093 5220/6342/6093 1348/73/6093 3577/71/6093
f 2137/6345/6094 6985/6344/6094 3577/71/6094 124/37/6094
f 8/6346/6095 1861/6347/6095 6986/6348/6095 2018/6349/6095
f 1861/6347/6096 490/6350/6096 5222/6351/6096 6986/6348/6096
f 6986/6348/6097 5222/6351/6097 1790/6352/6097 5225/6353/6097
f 2018/6349/6098 6986/6348/6098 5225/6353/6098 569/6354/6098
f 490/6350/6099 1860/6355/6099 6987/6356/6099 5222/6351/6099
f 1860/6355/6100 24/6357/6100 2058/6358/6100 6987/6356/6100
f 6987/6356/6101 2058/6358/6101 589/6359/6101 5223/6360/6101
f 5222/6351/6102 6987/6356/6102 5223/6360/6102 1790/6352/6102
f 1790/6352/6103 5223/6360/6103 6988/6361/6103 5224/6362/6103
f 5223/6360/6104 589/6359/6104 2059/6363/6104 6988/6361/6104
f 6988/6361/6105 2059/6363/6105 85/6364/6105 3578/6365/6105
f 5224/6362/6106 6988/6361/6106 3578/6365/6106 1349/6366/6106
f 569/6354/6107 5225/6353/6107 6989/6367/6107 2019/6368/6107
f 5225/6353/6108 1790/6352/6108 5224/6362/6108 6989/6367/6108
f 6989/6367/6109 5224/6362/6109 1349/6366/6109 3579/6369/6109
f 2019/6368/6110 6989/6367/6110 3579/6369/6110 65/6370/6110
f 65/6370/6111 3579/6369/6111 6990/6371/6111 2020/6372/6111
f 3579/6369/6112 1349/6366/6112 5226/6373/6112 6990/6371/6112
f 6990/6371/6113 5226/6373/6113 1791/6374/6113 5229/6375/6113
f 2020/6372/6114 6990/6371/6114 5229/6375/6114 570/6376/6114
f 1349/6366/6115 3578/6365/6115 6991/6377/6115 5226/6373/6115
f 3578/6365/6116 85/6364/6116 2060/6378/6116 6991/6377/6116
f 6991/6377/6117 2060/6378/6117 590/6379/6117 5227/6380/6117
f 5226/6373/6118 6991/6377/6118 5227/6380/6118 1791/6374/6118
f 1791/6374/6119 5227/6380/6119 6992/6381/6119 5228/6382/6119
f 5227/6380/6120 590/6379/6120 2061/6383/6120 6992/6381/6120
f 6992/6381/6121 2061/6383/6121 86/6384/6121 3580/6385/6121
f 5228/6382/6122 6992/6381/6122 3580/6385/6122 1350/6386/6122
f 570/6376/6123 5229/6375/6123 6993/6387/6123 2021/6388/6123
f 5229/6375/6124 1791/6374/6124 5228/6382/6124 6993/6387/6124
f 6993/6387/6125 5228/6382/6125 1350/6386/6125 3581/6389/6125
f 2021/6388/6126 6993/6387/6126 3581/6389/6126 66/6390/6126
f 66/6390/6127 3581/6389/6127 6994/6391/6127 2022/6392/6127
f 3581/6389/6128 1350/6386/6128 5230/6393/6128 6994/6391/6128
f 6994/6391/6129 5230/6393/6129 1792/6394/6129 5233/6395/6129
f 2022/6392/6130 6994/6391/6130 5233/6395/6130 571/6396/6130
f 1350/6386/6131 3580/6385/6131 6995/6397/6131 5230/6393/6131
f 3580/6385/6132 86/6384/6132 2062/6398/6132 6995/6397/6132
f 6995/6397/6133 2062/6398/6133 591/6399/6133 5231/6400/6133
f 5230/6393/6134 6995/6397/6134 5231/6400/6134 1792/6394/6134
f 1792/6394/6135 5231/6400/6135 6996/6401/6135 5232/6402/6135
f 5231/6400/6136 591/6399/6136 2063/6403/6136 6996/6401/6136
f 6996/6401/6137 2063/6403/6137 87/6404/6137 3582/6405/6137
f 5232/6402/6138 6996/6401/6138 3582/6405/6138 1351/6406/6138
f 571/6396/6139 5233/6395/6139 6997/6407/6139 2023/6408/6139
f 5233/6395/6140 1792/6394/6140 5232/6402/6140 6997/6407/6140
f 6997/6407/6141 5232/6402/6141 1351/6406/6141 3583/6409/6141
f 2023/6408/6142 6997/6407/6142 3583/6409/6142 67/6410/6142
f 67/6410/6143 3583/6409/6143 6998/6411/6143 2024/6412/6143
f 3583/6409/6144 1351/6406/6144 5234/6413/6144 6998/6411/6144
f 6998/6411/6145 5234/6413/6145 1793/6414/6145 5237/6415/6145
f 2024/6412/6146 6998/6411/6146 5237/6415/6146 572/6416/6146
f 1351/6406/6147 3582/6405/6147 6999/6417/6147 5234/6413/6147
f 3582/6405/6148 87/6404/6148 2064/6418/6148 6999/6417/6148
f 6999/6417/6149 2064/6418/6149 592/6419/6149 5235/6420/6149
f 5234/6413/6150 6999/6417/6150 5235/6420/6150 1793/6414/6150
f 1793/6414/6151 5235/6420/6151 7000/6421/6151 5236/6422/6151
f 5235/6420/6152 592/6419/6152 2065/6423/6152 7000/6421/6152
f 7000/6421/6153 2065/6423/6153 88/6424/6153 3584/6425/6153
f 5236/6422/6154 7000/6421/6154 3584/6425/6154 1352/6426/6154
f 572/6416/6155 5237/6415/6155 7001/6427/6155 2025/6428/6155
f 5237/6415/6156 1793/6414/6156 5236/6422/6156 7001/6427/6156
f 7001/6427/6157 5236/6422/6157 1352/6426/6157 3585/6429/6157
f 2025/6428/6158 7001/6427/6158 3585/6429/6158 68/6430/6158
f 68/6430/6159 3585/6429/6159 7002/6431/6159 2026/6432/6159
f 3585/6429/6160 1352/6426/6160 5238/6433/6160 7002/6431/6160
f 7002/6431/6161 5238/6433/6161 1794/6434/6161 5241/6435/6161
f 2026/6432/6162 7002/6431/6162 5241/6435/6162 573/6436/6162
f 1352/6426/6163 3584/6425/6163 7003/6437/6163 5238/6433/6163
f 3584/6425/6164 88/6424/6164 2066/6438/6164 7003/6437/6164
f 7003/6437/6165 2066/6438/6165 593/6439/6165 5239/6440/6165
f 5238/6433/6166 7003/6437/6166 5239/6440/6166 1794/6434/6166
f 1794/6434/6167 5239/6440/6167 7004/6441/6167 5240/6442/6167
f 5239/6440/6168 593/6439/6168 2067/6443/6168 7004/6441/6168
f 7004/6441/6169 2067/6443/6169 89/6444/6169 3586/6445/6169
f 5240/6442/6170 7004/6441/6170 3586/6445/6170 1353/6446/6170
f 573/6436/6171 5241/6435/6171 7005/6447/6171 2027/6448/6171
f 5241/6435/6172 1794/6434/6172 5240/6442/6172 7005/6447/6172
f 7005/6447/6173 5240/6442/6173 1353/6446/6173 3587/6449/6173
f 2027/6448/6174 7005/6447/6174 3587/6449/6174 69/6450/6174
f 69/6450/6175 3587/6449/6175 7006/6451/6175 2028/6452/6175
f 3587/6449/6176 1353/6446/6176 5242/6453/6176 7006/6451/6176
f 7006/6451/6177 5242/6453/6177 1795/6454/6177 5245/6455/6177
f 2028/6452/6178 7006/6451/6178 5245/6455/6178 574/6456/6178
f 1353/6446/6179 3586/6445/6179 7007/6457/6179 5242/6453/6179
f 3586/6445/6180 89/6444/6180 2068/6458/6180 7007/6457/6180
f 7007/6457/6181 2068/6458/6181 594/6459/6181 5243/6460/6181
f 5242/6453/6182 7007/6457/6182 5243/6460/6182 1795/6454/6182
f 1795/6454/6183 5243/6460/6183 7008/6461/6183 5244/6462/6183
f 5243/6460/6184 594/6459/6184 2069/6463/6184 7008/6461/6184
f 7008/6461/6185 2069/6463/6185 90/6464/6185 3588/6465/6185
f 5244/6462/6186 7008/6461/6186 3588/6465/6186 1354/6466/6186
f 574/6456/6187 5245/6455/6187 7009/6467/6187 2029/6468/6187
f 5245/6455/6188 1795/6454/6188 5244/6462/6188 7009/6467/6188
f 7009/6467/6189 5244/6462/6189 1354/6466/6189 3589/6469/6189
f 2029/6468/6190 7009/6467/6190 3589/6469/6190 70/6470/6190
f 70/6470/6191 3589/6469/6191 7010/6471/6191 2030/6472/6191
f 3589/6469/6192 1354/6466/6192 5246/6473/6192 7010/6471/6192
f 7010/6471/6193 5246/6473/6193 1796/6474/6193 5249/6475/6193
f 2030/6472/6194 7010/6471/6194 5249/6475/6194 575/6476/6194
f 1354/6466/6195 3588/6465/6195 7011/6477/6195 5246/6473/6195
f 3588/6465/6196 90/6464/6196 2070/6478/6196 7011/6477/6196
f 7011/6477/6197 2070/6478/6197 595/6479/6197 5247/6480/6197
f 5246/6473/6198 7011/6477/6198 5247/6480/6198 1796/6474/6198
f 1796/6474/6199 5247/6480/6199 7012/6481/6199 5248/6482/6199
f 5247/6480/6200 595/6479/6200 2071/6483/6200 7012/6481/6200
f 7012/6481/6201 2071/6483/6201 91/6484/6201 3590/6485/6201
f 5248/6482/6202 7012/6481/6202 3590/6485/6202 1355/6486/6202
f 575/6476/6203 5249/6475/6203 7013/6487/6203 2031/6488/6203
f 5249/6475/6204 1796/6474/6204 5248/6482/6204 7013/6487/6204
f 7013/6487/6205 5248/6482/6205 1355/6486/6205 3591/6489/6205
f 2031/6488/6206 7013/6487/6206 3591/6489/6206 71/6490/6206
f 71/6490/6207 3591/6489/6207 7014/6491/6207 2032/6492/6207
f 3591/6489/6208 1355/6486/6208 5250/6493/6208 7014/6491/6208
f 7014/6491/6209 5250/6493/6209 1797/6494/6209 5253/6495/6209
f 2032/6492/6210 7014/6491/6210 5253/6495/6210 576/6496/6210
f 1355/6486/6211 3590/6485/6211 7015/6497/6211 5250/6493/6211
f 3590/6485/6212 91/6484/6212 2072/6498/6212 7015/6497/6212
f 7015/6497/6213 2072/6498/6213 596/6499/6213 5251/6500/6213
f 5250/6493/6214 7015/6497/6214 5251/6500/6214 1797/6494/6214
f 1797/6494/6215 5251/6500/6215 7016/6501/6215 5252/6502/6215
f 5251/6500/6216 596/6499/6216 2073/6503/6216 7016/6501/6216
f 7016/6501/6217 2073/6503/6217 92/6504/6217 3592/6505/6217
f 5252/6502/6218 7016/6501/6218 3592/6505/6218 1356/6506/6218
f 576/6496/6219 5253/6495/6219 7017/6507/6219 2033/6508/6219
f 5253/6495/6220 1797/6494/6220 5252/6502/6220 7017/6507/6220
f 7017/6507/6221 5252/6502/6221 1356/6506/6221 3593/6509/6221
f 2033/6508/6222 7017/6507/6222 3593/6509/6222 72/6510/6222
f 72/6510/6223 3593/6509/6223 7018/6511/6223 2034/6512/6223
f 3593/6509/6224 1356/6506/6224 5254/6513/6224 7018/6511/6224
f 7018/6511/6225 5254/6513/6225 1798/6514/6225 5257/6515/6225
f 2034/6512/6226 7018/6511/6226 5257/6515/6226 577/6516/6226
f 1356/6506/6227 3592/6505/6227 7019/6517/6227 5254/6513/6227
f 3592/6505/6228 92/6504/6228 2074/6518/6228 7019/6517/6228
f 7019/6517/6229 2074/6518/6229 597/6519/6229 5255/6520/6229
f 5254/6513/6230 7019/6517/6230 5255/6520/6230 1798/6514/6230
f 1798/6514/6231 5255/6520/6231 7020/6521/6231 5256/6522/6231
f 5255/6520/6232 597/6519/6232 2075/6523/6232 7020/6521/6232
f 7020/6521/6233 2075/6523/6233 93/6524/6233 3594/6525/6233
f 5256/6522/6234 7020/6521/6234 3594/6525/6234 1357/6526/6234
f 577/6516/6235 5257/6515/6235 7021/6527/6235 2035/6528/6235
f 5257/6515/6236 1798/6514/6236 5256/6522/6236 7021/6527/6236
f 7021/6527/6237 5256/6522/6237 1357/6526/6237 3595/6529/6237
f 2035/6528/6238 7021/6527/6238 3595/6529/6238 73/6530/6238
f 73/6530/6239 3595/6529/6239 7022/6531/6239 2036/6532/6239
f 3595/6529/6240 1357/6526/6240 5258/6533/6240 7022/6531/6240
f 7022/6531/6241 5258/6533/6241 1799/6534/6241 5261/6535/6241
f 2036/6532/6242 7022/6531/6242 5261/6535/6242 578/6536/6242
f 1357/6526/6243 3594/6525/6243 7023/6537/6243 5258/6533/6243
f 3594/6525/6244 93/6524/6244 2076/6538/6244 7023/6537/6244
f 7023/6537/6245 2076/6538/6245 598/6539/6245 5259/6540/6245
f 5258/6533/6246 7023/6537/6246 5259/6540/6246 1799/6534/6246
f 1799/6534/6247 5259/6540/6247 7024/6541/6247 5260/6542/6247
f 5259/6540/6248 598/6539/6248 2077/6543/6248 7024/6541/6248
f 7024/6541/6249 2077/6543/6249 94/6544/6249 3596/6545/6249
f 5260/6542/6250 7024/6541/6250 3596/6545/6250 1358/6546/6250
f 578/6536/6251 5261/6535/6251 7025/6547/6251 2037/6548/6251
f 5261/6535/6252 1799/6534/6252 5260/6542/6252 7025/6547/6252
f 7025/6547/6253 5260/6542/6253 1358/6546/6253 3597/6549/6253
f 2037/6548/6254 7025/6547/6254 3597/6549/6254 74/6550/6254
f 74/6550/6255 3597/6549/6255 7026/6551/6255 2038/6552/6255
f 3597/6549/6256 1358/6546/6256 5262/6553/6256 7026/6551/6256
f 7026/6551/6257 5262/6553/6257 1800/6554/6257 5265/6555/6257
f 2038/6552/6258 7026/6551/6258 5265/6555/6258 579/6556/6258
f 1358/6546/6259 3596/6545/6259 7027/6557/6259 5262/6553/6259
f 3596/6545/6260 94/6544/6260 2078/6558/6260 7027/6557/6260
f 7027/6557/6261 2078/6558/6261 599/6559/6261 5263/6560/6261
f 5262/6553/6262 7027/6557/6262 5263/6560/6262 1800/6554/6262
f 1800/6554/6263 5263/6560/6263 7028/6561/6263 5264/6562/6263
f 5263/6560/6264 599/6559/6264 2079/6563/6264 7028/6561/6264
f 7028/6561/6265 2079/6563/6265 95/6564/6265 3598/6565/6265
f 5264/6562/6266 7028/6561/6266 3598/6565/6266 1359/6566/6266
f 579/6556/6267 5265/6555/6267 7029/6567/6267 2039/6568/6267
f 5265/6555/6268 1800/6554/6268 5264/6562/6268 7029/6567/6268
f 7029/6567/6269 5264/6562/6269 1359/6566/6269 3599/6569/6269
f 2039/6568/6270 7029/6567/6270 3599/6569/6270 75/6570/6270
f 75/6570/6271 3599/6569/6271 7030/6571/6271 2040/6572/6271
f 3599/6569/6272 1359/6566/6272 5266/6573/6272 7030/6571/6272
f 7030/6571/6273 5266/6573/6273 1801/6574/6273 5269/6575/6273
f 2040/6572/6274 7030/6571/6274 5269/6575/6274 580/6576/6274
f 1359/6566/6275 3598/6565/6275 7031/6577/6275 5266/6573/6275
f 3598/6565/6276 95/6564/6276 2080/6578/6276 7031/6577/6276
f 7031/6577/6277 2080/6578/6277 600/6579/6277 5267/6580/6277
f 5266/6573/6278 7031/6577/6278 5267/6580/6278 1801/6574/6278
f 1801/6574/6279 5267/6580/6279 7032/6581/6279 5268/6582/6279
f 5267/6580/6280 600/6579/6280 2081/6583/6280 7032/6581/6280
f 7032/6581/6281 2081/6583/6281 96/6584/6281 3600/6585/6281
f 5268/6582/6282 7032/6581/6282 3600/6585/6282 1360/6586/6282
f 580/6576/6283 5269/6575/6283 7033/6587/6283 2041/6588/6283
f 5269/6575/6284 1801/6574/6284 5268/6582/6284 7033/6587/6284
f 7033/6587/6285 5268/6582/6285 1360/6586/6285 3601/6589/6285
f 2041/6588/6286 7033/6587/6286 3601/6589/6286 76/6590/6286
f 76/6590/6287 3601/6589/6287 7034/6591/6287 2042/6592/6287
f 3601/6589/6288 1360/6586/6288 5270/6593/6288 7034/6591/6288
f 7034/6591/6289 5270/6593/6289 1802/6594/6289 5273/6595/6289
f 2042/6592/6290 7034/6591/6290 5273/6595/6290 581/6596/6290
f 1360/6586/6291 3600/6585/6291 7035/6597/6291 5270/6593/6291
f 3600/6585/6292 96/6584/6292 2082/6598/6292 7035/6597/6292
f 7035/6597/6293 2082/6598/6293 601/6599/6293 5271/6600/6293
f 5270/6593/6294 7035/6597/6294 5271/6600/6294 1802/6594/6294
f 1802/6594/6295 5271/6600/6295 7036/6601/6295 5272/6602/6295
f 5271/6600/6296 601/6599/6296 2083/6603/6296 7036/6601/6296
f 7036/6601/6297 2083/6603/6297 97/6604/6297 3602/6605/6297
f 5272/6602/6298 7036/6601/6298 3602/6605/6298 1361/6606/6298
f 581/6596/6299 5273/6595/6299 7037/6607/6299 2043/6608/6299
f 5273/6595/6300 1802/6594/6300 5272/6602/6300 7037/6607/6300
f 7037/6607/6301 5272/6602/6301 1361/6606/6301 3603/6609/6301
f 2043/6608/6302 7037/6607/6302 3603/6609/6302 77/6610/6302
f 77/6610/6303 3603/6609/6303 7038/6611/6303 2044/6612/6303
f 3603/6609/6304 1361/6606/6304 5274/6613/6304 7038/6611/6304
f 7038/6611/6305 5274/6613/6305 1803/6614/6305 5277/6615/6305
f 2044/6612/6306 7038/6611/6306 5277/6615/6306 582/6616/6306
f 1361/6606/6307 3602/6605/6307 7039/6617/6307 5274/6613/6307
f 3602/6605/6308 97/6604/6308 2084/6618/6308 7039/6617/6308
f 7039/6617/6309 2084/6618/6309 602/6619/6309 5275/6620/6309
f 5274/6613/6310 7039/6617/6310 5275/6620/6310 1803/6614/6310
f 1803/6614/6311 5275/6620/6311 7040/6621/6311 5276/6622/6311
f 5275/6620/6312 602/6619/6312 2085/6623/6312 7040/6621/6312
f 7040/6621/6313 2085/6623/6313 98/6624/6313 3604/6625/6313
f 5276/6622/6314 7040/6621/6314 3604/6625/6314 1362/6626/6314
f 582/6616/6315 5277/6615/6315 7041/6627/6315 2045/6628/6315
f 5277/6615/6316 1803/6614/6316 5276/6622/6316 7041/6627/6316
f 7041/6627/6317 5276/6622/6317 1362/6626/6317 3605/6629/6317
f 2045/6628/6318 7041/6627/6318 3605/6629/6318 78/6630/6318
f 78/6630/6319 3605/6629/6319 7042/6631/6319 2046/6632/6319
f 3605/6629/6320 1362/6626/6320 5278/6633/6320 7042/6631/6320
f 7042/6631/6321 5278/6633/6321 1804/6634/6321 5281/6635/6321
f 2046/6632/6322 7042/6631/6322 5281/6635/6322 583/6636/6322
f 1362/6626/6323 3604/6625/6323 7043/6637/6323 5278/6633/6323
f 3604/6625/6324 98/6624/6324 2086/6638/6324 7043/6637/6324
f 7043/6637/6325 2086/6638/6325 603/6639/6325 5279/6640/6325
f 5278/6633/6326 7043/6637/6326 5279/6640/6326 1804/6634/6326
f 1804/6634/6327 5279/6640/6327 7044/6641/6327 5280/6642/6327
f 5279/6640/6328 603/6639/6328 2087/6643/6328 7044/6641/6328
f 7044/6641/6329 2087/6643/6329 99/6644/6329 3606/6645/6329
f 5280/6642/6330 7044/6641/6330 3606/6645/6330 1363/6646/6330
f 583/6636/6331 5281/6635/6331 7045/6647/6331 2047/6648/6331
f 5281/6635/6332 1804/6634/6332 5280/6642/6332 7045/6647/6332
f 7045/6647/6333 5280/6642/6333 1363/6646/6333 3607/6649/6333
f 2047/6648/6334 7045/6647/6334 3607/6649/6334 79/6650/6334
f 79/6650/6335 3607/6649/6335 7046/6651/6335 2048/6652/6335
f 3607/6649/6336 1363/6646/6336 5282/6653/6336 7046/6651/6336
f 7046/6651/6337 5282/6653/6337 1805/6654/6337 5285/6655/6337
f 2048/6652/6338 7046/6651/6338 5285/6655/6338 584/6656/6338
f 1363/6646/6339 3606/6645/6339 7047/6657/6339 5282/6653/6339
f 3606/6645/6340 99/6644/6340 2088/6658/6340 7047/6657/6340
f 7047/6657/6341 2088/6658/6341 604/6659/6341 5283/6660/6341
f 5282/6653/6342 7047/6657/6342 5283/6660/6342 1805/6654/6342
f 1805/6654/6343 5283/6660/6343 7048/6661/6343 5284/6662/6343
f 5283/6660/6344 604/6659/6344 2089/6663/6344 7048/6661/6344
f 7048/6661/6345 2089/6663/6345 100/6664/6345 3608/6665/6345
f 5284/6662/6346 7048/6661/6346 3608/6665/6346 1364/6666/6346
f 584/6656/6347 5285/6655/6347 7049/6667/6347 2049/6668/6347
f 5285/6655/6348 1805/6654/6348 5284/6662/6348 7049/6667/6348
f 7049/6667/6349 5284/6662/6349 1364/6666/6349 3609/6669/6349
f 2049/6668/6350 7049/6667/6350 3609/6669/6350 80/6670/6350
f 80/6670/6351 3609/6669/6351 7050/6671/6351 2050/6672/6351
f 3609/6669/6352 1364/6666/6352 5286/6673/6352 7050/6671/6352
f 7050/6671/6353 5286/6673/6353 1806/6674/6353 5289/6675/6353
f 2050/6672/6354 7050/6671/6354 5289/6675/6354 585/6676/6354
f 1364/6666/6355 3608/6665/6355 7051/6677/6355 5286/6673/6355
f 3608/6665/6356 100/6664/6356 2090/6678/6356 7051/6677/6356
f 7051/6677/6357 2090/6678/6357 605/6679/6357 5287/6680/6357
f 5286/6673/6358 7051/6677/6358 5287/6680/6358 1806/6674/6358
f 1806/6674/6359 5287/6680/6359 7052/6681/6359 5288/6682/6359
f 5287/6680/6360 605/6679/6360 2091/6683/6360 7052/6681/6360
f 7052/6681/6361 2091/6683/6361 101/6684/6361 3610/6685/6361
f 5288/6682/6362 7052/6681/6362 3610/6685/6362 1365/6686/6362
f 585/6676/6363 5289/6675/6363 7053/6687/6363 2051/6688/6363
f 5289/6675/6364 1806/6674/6364 5288/6682/6364 7053/6687/6364
f 7053/6687/6365 5288/6682/6365 1365/6686/6365 3611/6689/6365
f 2051/6688/6366 7053/6687/6366 3611/6689/6366 81/6690/6366
f 81/6690/6367 3611/6689/6367 7054/6691/6367 2052/6692/6367
f 3611/6689/6368 1365/6686/6368 5290/6693/6368 7054/6691/6368
f 7054/6691/6369 5290/6693/6369 1807/6694/6369 5293/6695/6369
f 2052/6692/6370 7054/6691/6370 5293/6695/6370 586/6696/6370
f 1365/6686/6371 3610/6685/6371 7055/6697/6371 5290/6693/6371
f 3610/6685/6372 101/6684/6372 2092/6698/6372 7055/6697/6372
f 7055/6697/6373 2092/6698/6373 606/6699/6373 5291/6700/6373
f 5290/6693/6374 7055/6697/6374 5291/6700/6374 1807/6694/6374
f 1807/6694/6375 5291/6700/6375 7056/6701/6375 5292/6702/6375
f 5291/6700/6376 606/6699/6376 2093/6703/6376 7056/6701/6376
f 7056/6701/6377 2093/6703/6377 102/6704/6377 3612/6705/6377
f 5292/6702/6378 7056/6701/6378 3612/6705/6378 1366/6706/6378
f 586/6696/6379 5293/6695/6379 7057/6707/6379 2053/6708/6379
f 5293/6695/6380 1807/6694/6380 5292/6702/6380 7057/6707/6380
f 7057/6707/6381 5292/6702/6381 1366/6706/6381 3613/6709/6381
f 2053/6708/6382 7057/6707/6382 3613/6709/6382 82/6710/6382
f 82/6710/6383 3613/6709/6383 7058/6711/6383 2054/6712/6383
f 3613/6709/6384 1366/6706/6384 5294/6713/6384 7058/6711/6384
f 7058/6711/6385 5294/6713/6385 1808/6714/6385 5297/6715/6385
f 2054/6712/6386 7058/6711/6386 5297/6715/6386 587/6716/6386
f 1366/6706/6387 3612/6705/6387 7059/6717/6387 5294/6713/6387
f 3612/6705/6388 102/6704/6388 2094/6718/6388 7059/6717/6388
f 7059/6717/6389 2094/6718/6389 607/6719/6389 5295/6720/6389
f 5294/6713/6390 7059/6717/6390 5295/6720/6390 1808/6714/6390
f 1808/6714/6391 5295/6720/6391 7060/6721/6391 5296/6722/6391
f 5295/6720/6392 607/6719/6392 2095/6723/6392 7060/6721/6392
f 7060/6721/6393 2095/6723/6393 103/6724/6393 3614/6725/6393
f 5296/6722/6394 7060/6721/6394 3614/6725/6394 1367/6726/6394
f 587/6716/6395 5297/6715/6395 7061/6727/6395 2055/6728/6395
f 5297/6715/6396 1808/6714/6396 5296/6722/6396 7061/6727/6396
f 7061/6727/6397 5296/6722/6397 1367/6726/6397 3615/6729/6397
f 2055/6728/6398 7061/6727/6398 3615/6729/6398 83/6730/6398
f 83/6730/6399 3615/6729/6399 7062/6731/6399 2056/6732/6399
f 3615/6729/6400 1367/6726/6400 5298/6733/6400 7062/6731/6400
f 7062/6731/6401 5298/6733/6401 1809/6734/6401 5301/6735/6401
f 2056/6732/6402 7062/6731/6402 5301/6735/6402 588/6736/6402
f 1367/6726/6403 3614/6725/6403 7063/6737/6403 5298/6733/6403
f 3614/6725/6404 103/6724/6404 2096/6738/6404 7063/6737/6404
f 7063/6737/6405 2096/6738/6405 608/6739/6405 5299/6740/6405
f 5298/6733/6406 7063/6737/6406 5299/6740/6406 1809/6734/6406
f 1809/6734/6407 5299/6740/6407 7064/6741/6407 5300/6742/6407
f 5299/6740/6408 608/6739/6408 2097/6743/6408 7064/6741/6408
f 7064/6741/6409 2097/6743/6409 104/26/6409 3616/60/6409
f 5300/6742/6410 7064/6741/6410 3616/60/6410 1368/55/6410
f 588/6736/6411 5301/6735/6411 7065/6744/6411 2057/6745/6411
f 5301/6735/6412 1809/6734/6412 5300/6742/6412 7065/6744/6412
f 7065/6744/6413 5300/6742/6413 1368/55/6413 3617/52/6413
f 2057/6745/6414 7065/6744/6414 3617/52/6414 84/51/6414
f 24/6357/6415 1897/6746/6415 7066/6747/6415 2058/6358/6415
f 1897/6746/6416 508/6748/6416 5302/6749/6416 7066/6747/6416
f 7066/6747/6417 5302/6749/6417 1810/6750/6417 5305/6751/6417
f 2058/6358/6418 7066/6747/6418 5305/6751/6418 589/6359/6418
f 508/6748/6419 1896/6752/6419 7067/6753/6419 5302/6749/6419
f 1896/6752/6420 23/5946/6420 2098/5949/6420 7067/6753/6420
f 7067/6753/6421 2098/5949/6421 609/5954/6421 5303/6754/6421
f 5302/6749/6422 7067/6753/6422 5303/6754/6422 1810/6750/6422
f 1810/6750/6423 5303/6754/6423 7068/6755/6423 5304/6756/6423
f 5303/6754/6424 609/5954/6424 2099/5968/6424 7068/6755/6424
f 7068/6755/6425 2099/5968/6425 105/5970/6425 3618/6757/6425
f 5304/6756/6426 7068/6755/6426 3618/6757/6426 1369/6758/6426
f 589/6359/6427 5305/6751/6427 7069/6759/6427 2059/6363/6427
f 5305/6751/6428 1810/6750/6428 5304/6756/6428 7069/6759/6428
f 7069/6759/6429 5304/6756/6429 1369/6758/6429 3619/6760/6429
f 2059/6363/6430 7069/6759/6430 3619/6760/6430 85/6364/6430
f 85/6364/6431 3619/6760/6431 7070/6761/6431 2060/6378/6431
f 3619/6760/6432 1369/6758/6432 5306/6762/6432 7070/6761/6432
f 7070/6761/6433 5306/6762/6433 1811/6763/6433 5309/6764/6433
f 2060/6378/6434 7070/6761/6434 5309/6764/6434 590/6379/6434
f 1369/6758/6435 3618/6757/6435 7071/6765/6435 5306/6762/6435
f 3618/6757/6436 105/5970/6436 2100/5972/6436 7071/6765/6436
f 7071/6765/6437 2100/5972/6437 610/5976/6437 5307/6766/6437
f 5306/6762/6438 7071/6765/6438 5307/6766/6438 1811/6763/6438
f 1811/6763/6439 5307/6766/6439 7072/6767/6439 5308/6768/6439
f 5307/6766/6440 610/5976/6440 2101/5988/6440 7072/6767/6440
f 7072/6767/6441 2101/5988/6441 106/5990/6441 3620/6769/6441
f 5308/6768/6442 7072/6767/6442 3620/6769/6442 1370/6770/6442
f 590/6379/6443 5309/6764/6443 7073/6771/6443 2061/6383/6443
f 5309/6764/6444 1811/6763/6444 5308/6768/6444 7073/6771/6444
f 7073/6771/6445 5308/6768/6445 1370/6770/6445 3621/6772/6445
f 2061/6383/6446 7073/6771/6446 3621/6772/6446 86/6384/6446
f 86/6384/6447 3621/6772/6447 7074/6773/6447 2062/6398/6447
f 3621/6772/6448 1370/6770/6448 5310/6774/6448 7074/6773/6448
f 7074/6773/6449 5310/6774/6449 1812/6775/6449 5313/6776/6449
f 2062/6398/6450 7074/6773/6450 5313/6776/6450 591/6399/6450
f 1370/6770/6451 3620/6769/6451 7075/6777/6451 5310/6774/6451
f 3620/6769/6452 106/5990/6452 2102/5992/6452 7075/6777/6452
f 7075/6777/6453 2102/5992/6453 611/5996/6453 5311/6778/6453
f 5310/6774/6454 7075/6777/6454 5311/6778/6454 1812/6775/6454
f 1812/6775/6455 5311/6778/6455 7076/6779/6455 5312/6780/6455
f 5311/6778/6456 611/5996/6456 2103/6008/6456 7076/6779/6456
f 7076/6779/6457 2103/6008/6457 107/6010/6457 3622/6781/6457
f 5312/6780/6458 7076/6779/6458 3622/6781/6458 1371/6782/6458
f 591/6399/6459 5313/6776/6459 7077/6783/6459 2063/6403/6459
f 5313/6776/6460 1812/6775/6460 5312/6780/6460 7077/6783/6460
f 7077/6783/6461 5312/6780/6461 1371/6782/6461 3623/6784/6461
f 2063/6403/6462 7077/6783/6462 3623/6784/6462 87/6404/6462
f 87/6404/6463 3623/6784/6463 7078/6785/6463 2064/6418/6463
f 3623/6784/6464 1371/6782/6464 5314/6786/6464 7078/6785/6464
f 7078/6785/6465 5314/6786/6465 1813/6787/6465 5317/6788/6465
f 2064/6418/6466 7078/6785/6466 5317/6788/6466 592/6419/6466
f 1371/6782/6467 3622/6781/6467 7079/6789/6467 5314/6786/6467
f 3622/6781/6468 107/6010/6468 2104/6012/6468 7079/6789/6468
f 7079/6789/6469 2104/6012/6469 612/6016/6469 5315/6790/6469
f 5314/6786/6470 7079/6789/6470 5315/6790/6470 1813/6787/6470
f 1813/6787/6471 5315/6790/6471 7080/6791/6471 5316/6792/6471
f 5315/6790/6472 612/6016/6472 2105/6028/6472 7080/6791/6472
f 7080/6791/6473 2105/6028/6473 108/6030/6473 3624/6793/6473
f 5316/6792/6474 7080/6791/6474 3624/6793/6474 1372/6794/6474
f 592/6419/6475 5317/6788/6475 7081/6795/6475 2065/6423/6475
f 5317/6788/6476 1813/6787/6476 5316/6792/6476 7081/6795/6476
f 7081/6795/6477 5316/6792/6477 1372/6794/6477 3625/6796/6477
f 2065/6423/6478 7081/6795/6478 3625/6796/6478 88/6424/6478
f 88/6424/6479 3625/6796/6479 7082/6797/6479 2066/6438/6479
f 3625/6796/6480 1372/6794/6480 5318/6798/6480 7082/6797/6480
f 7082/6797/6481 5318/6798/6481 1814/6799/6481 5321/6800/6481
f 2066/6438/6482 7082/6797/6482 5321/6800/6482 593/6439/6482
f 1372/6794/6483 3624/6793/6483 7083/6801/6483 5318/6798/6483
f 3624/6793/6484 108/6030/6484 2106/6032/6484 7083/6801/6484
f 7083/6801/6485 2106/6032/6485 613/6036/6485 5319/6802/6485
f 5318/6798/6486 7083/6801/6486 5319/6802/6486 1814/6799/6486
f 1814/6799/6487 5319/6802/6487 7084/6803/6487 5320/6804/6487
f 5319/6802/6488 613/6036/6488 2107/6048/6488 7084/6803/6488
f 7084/6803/6489 2107/6048/6489 109/6050/6489 3626/6805/6489
f 5320/6804/6490 7084/6803/6490 3626/6805/6490 1373/6806/6490
f 593/6439/6491 5321/6800/6491 7085/6807/6491 2067/6443/6491
f 5321/6800/6492 1814/6799/6492 5320/6804/6492 7085/6807/6492
f 7085/6807/6493 5320/6804/6493 1373/6806/6493 3627/6808/6493
f 2067/6443/6494 7085/6807/6494 3627/6808/6494 89/6444/6494
f 89/6444/6495 3627/6808/6495 7086/6809/6495 2068/6458/6495
f 3627/6808/6496 1373/6806/6496 5322/6810/6496 7086/6809/6496
f 7086/6809/6497 5322/6810/6497 1815/6811/6497 5325/6812/6497
f 2068/6458/6498 7086/6809/6498 5325/6812/6498 594/6459/6498
f 1373/6806/6499 3626/6805/6499 7087/6813/6499 5322/6810/6499
f 3626/6805/6500 109/6050/6500 2108/6052/6500 7087/6813/6500
f 7087/6813/6501 2108/6052/6501 614/6056/6501 5323/6814/6501
f 5322/6810/6502 7087/6813/6502 5323/6814/6502 1815/6811/6502
f 1815/6811/6503 5323/6814/6503 7088/6815/6503 5324/6816/6503
f 5323/6814/6504 614/6056/6504 2109/6068/6504 7088/6815/6504
f 7088/6815/6505 2109/6068/6505 110/6070/6505 3628/6817/6505
f 5324/6816/6506 7088/6815/6506 3628/6817/6506 1374/6818/6506
f 594/6459/6507 5325/6812/6507 7089/6819/6507 2069/6463/6507
f 5325/6812/6508 1815/6811/6508 5324/6816/6508 7089/6819/6508
f 7089/6819/6509 5324/6816/6509 1374/6818/6509 3629/6820/6509
f 2069/6463/6510 7089/6819/6510 3629/6820/6510 90/6464/6510
f 90/6464/6511 3629/6820/6511 7090/6821/6511 2070/6478/6511
f 3629/6820/6512 1374/6818/6512 5326/6822/6512 7090/6821/6512
f 7090/6821/6513 5326/6822/6513 1816/6823/6513 5329/6824/6513
f 2070/6478/6514 7090/6821/6514 5329/6824/6514 595/6479/6514
f 1374/6818/6515 3628/6817/6515 7091/6825/6515 5326/6822/6515
f 3628/6817/6516 110/6070/6516 2110/6072/6516 7091/6825/6516
f 7091/6825/6517 2110/6072/6517 615/6076/6517 5327/6826/6517
f 5326/6822/6518 7091/6825/6518 5327/6826/6518 1816/6823/6518
f 1816/6823/6519 5327/6826/6519 7092/6827/6519 5328/6828/6519
f 5327/6826/6520 615/6076/6520 2111/6088/6520 7092/6827/6520
f 7092/6827/6521 2111/6088/6521 111/6090/6521 3630/6829/6521
f 5328/6828/6522 7092/6827/6522 3630/6829/6522 1375/6830/6522
f 595/6479/6523 5329/6824/6523 7093/6831/6523 2071/6483/6523
f 5329/6824/6524 1816/6823/6524 5328/6828/6524 7093/6831/6524
f 7093/6831/6525 5328/6828/6525 1375/6830/6525 3631/6832/6525
f 2071/6483/6526 7093/6831/6526 3631/6832/6526 91/6484/6526
f 91/6484/6527 3631/6832/6527 7094/6833/6527 2072/6498/6527
f 3631/6832/6528 1375/6830/6528 5330/6834/6528 7094/6833/6528
f 7094/6833/6529 5330/6834/6529 1817/6835/6529 5333/6836/6529
f 2072/6498/6530 7094/6833/6530 5333/6836/6530 596/6499/6530
f 1375/6830/6531 3630/6829/6531 7095/6837/6531 5330/6834/6531
f 3630/6829/6532 111/6090/6532 2112/6092/6532 7095/6837/6532
f 7095/6837/6533 2112/6092/6533 616/6096/6533 5331/6838/6533
f 5330/6834/6534 7095/6837/6534 5331/6838/6534 1817/6835/6534
f 1817/6835/6535 5331/6838/6535 7096/6839/6535 5332/6840/6535
f 5331/6838/6536 616/6096/6536 2113/6108/6536 7096/6839/6536
f 7096/6839/6537 2113/6108/6537 112/6110/6537 3632/6841/6537
f 5332/6840/6538 7096/6839/6538 3632/6841/6538 1376/6842/6538
f 596/6499/6539 5333/6836/6539 7097/6843/6539 2073/6503/6539
f 5333/6836/6540 1817/6835/6540 5332/6840/6540 7097/6843/6540
f 7097/6843/6541 5332/6840/6541 1376/6842/6541 3633/6844/6541
f 2073/6503/6542 7097/6843/6542 3633/6844/6542 92/6504/6542
f 92/6504/6543 3633/6844/6543 7098/6845/6543 2074/6518/6543
f 3633/6844/6544 1376/6842/6544 5334/6846/6544 7098/6845/6544
f 7098/6845/6545 5334/6846/6545 1818/6847/6545 5337/6848/6545
f 2074/6518/6546 7098/6845/6546 5337/6848/6546 597/6519/6546
f 1376/6842/6547 3632/6841/6547 7099/6849/6547 5334/6846/6547
f 3632/6841/6548 112/6110/6548 2114/6112/6548 7099/6849/6548
f 7099/6849/6549 2114/6112/6549 617/6116/6549 5335/6850/6549
f 5334/6846/6550 7099/6849/6550 5335/6850/6550 1818/6847/6550
f 1818/6847/6551 5335/6850/6551 7100/6851/6551 5336/6852/6551
f 5335/6850/6552 617/6116/6552 2115/6128/6552 7100/6851/6552
f 7100/6851/6553 2115/6128/6553 113/6130/6553 3634/6853/6553
f 5336/6852/6554 7100/6851/6554 3634/6853/6554 1377/6854/6554
f 597/6519/6555 5337/6848/6555 7101/6855/6555 2075/6523/6555
f 5337/6848/6556 1818/6847/6556 5336/6852/6556 7101/6855/6556
f 7101/6855/6557 5336/6852/6557 1377/6854/6557 3635/6856/6557
f 2075/6523/6558 7101/6855/6558 3635/6856/6558 93/6524/6558
f 93/6524/6559 3635/6856/6559 7102/6857/6559 2076/6538/6559
f 3635/6856/6560 1377/6854/6560 5338/6858/6560 7102/6857/6560
f 7102/6857/6561 5338/6858/6561 1819/6859/6561 5341/6860/6561
f 2076/6538/6562 7102/6857/6562 5341/6860/6562 598/6539/6562
f 1377/6854/6563 3634/6853/6563 7103/6861/6563 5338/6858/6563
f 3634/6853/6564 113/6130/6564 2116/6132/6564 7103/6861/6564
f 7103/6861/6565 2116/6132/6565 618/6136/6565 5339/6862/6565
f 5338/6858/6566 7103/6861/6566 5339/6862/6566 1819/6859/6566
f 1819/6859/6567 5339/6862/6567 7104/6863/6567 5340/6864/6567
f 5339/6862/6568 618/6136/6568 2117/6148/6568 7104/6863/6568
f 7104/6863/6569 2117/6148/6569 114/6150/6569 3636/6865/6569
f 5340/6864/6570 7104/6863/6570 3636/6865/6570 1378/6866/6570
f 598/6539/6571 5341/6860/6571 7105/6867/6571 2077/6543/6571
f 5341/6860/6572 1819/6859/6572 5340/6864/6572 7105/6867/6572
f 7105/6867/6573 5340/6864/6573 1378/6866/6573 3637/6868/6573
f 2077/6543/6574 7105/6867/6574 3637/6868/6574 94/6544/6574
f 94/6544/6575 3637/6868/6575 7106/6869/6575 2078/6558/6575
f 3637/6868/6576 1378/6866/6576 5342/6870/6576 7106/6869/6576
f 7106/6869/6577 5342/6870/6577 1820/6871/6577 5345/6872/6577
f 2078/6558/6578 7106/6869/6578 5345/6872/6578 599/6559/6578
f 1378/6866/6579 3636/6865/6579 7107/6873/6579 5342/6870/6579
f 3636/6865/6580 114/6150/6580 2118/6152/6580 7107/6873/6580
f 7107/6873/6581 2118/6152/6581 619/6156/6581 5343/6874/6581
f 5342/6870/6582 7107/6873/6582 5343/6874/6582 1820/6871/6582
f 1820/6871/6583 5343/6874/6583 7108/6875/6583 5344/6876/6583
f 5343/6874/6584 619/6156/6584 2119/6168/6584 7108/6875/6584
f 7108/6875/6585 2119/6168/6585 115/6170/6585 3638/6877/6585
f 5344/6876/6586 7108/6875/6586 3638/6877/6586 1379/6878/6586
f 599/6559/6587 5345/6872/6587 7109/6879/6587 2079/6563/6587
f 5345/6872/6588 1820/6871/6588 5344/6876/6588 7109/6879/6588
f 7109/6879/6589 5344/6876/6589 1379/6878/6589 3639/6880/6589
f 2079/6563/6590 7109/6879/6590 3639/6880/6590 95/6564/6590
f 95/6564/6591 3639/6880/6591 7110/6881/6591 2080/6578/6591
f 3639/6880/6592 1379/6878/6592 5346/6882/6592 7110/6881/6592
f 7110/6881/6593 5346/6882/6593 1821/6883/6593 5349/6884/6593
f 2080/6578/6594 7110/6881/6594 5349/6884/6594 600/6579/6594
f 1379/6878/6595 3638/6877/6595 7111/6885/6595 5346/6882/6595
f 3638/6877/6596 115/6170/6596 2120/6172/6596 7111/6885/6596
f 7111/6885/6597 2120/6172/6597 620/6176/6597 5347/6886/6597
f 5346/6882/6598 7111/6885/6598 5347/6886/6598 1821/6883/6598
f 1821/6883/6599 5347/6886/6599 7112/6887/6599 5348/6888/6599
f 5347/6886/6600 620/6176/6600 2121/6188/6600 7112/6887/6600
f 7112/6887/6601 2121/6188/6601 116/6190/6601 3640/6889/6601
f 5348/6888/6602 7112/6887/6602 3640/6889/6602 1380/6890/6602
f 600/6579/6603 5349/6884/6603 7113/6891/6603 2081/6583/6603
f 5349/6884/6604 1821/6883/6604 5348/6888/6604 7113/6891/6604
f 7113/6891/6605 5348/6888/6605 1380/6890/6605 3641/6892/6605
f 2081/6583/6606 7113/6891/6606 3641/6892/6606 96/6584/6606
f 96/6584/6607 3641/6892/6607 7114/6893/6607 2082/6598/6607
f 3641/6892/6608 1380/6890/6608 5350/6894/6608 7114/6893/6608
f 7114/6893/6609 5350/6894/6609 1822/6895/6609 5353/6896/6609
f 2082/6598/6610 7114/6893/6610 5353/6896/6610 601/6599/6610
f 1380/6890/6611 3640/6889/6611 7115/6897/6611 5350/6894/6611
f 3640/6889/6612 116/6190/6612 2122/6192/6612 7115/6897/6612
f 7115/6897/6613 2122/6192/6613 621/6196/6613 5351/6898/6613
f 5350/6894/6614 7115/6897/6614 5351/6898/6614 1822/6895/6614
f 1822/6895/6615 5351/6898/6615 7116/6899/6615 5352/6900/6615
f 5351/6898/6616 621/6196/6616 2123/6208/6616 7116/6899/6616
f 7116/6899/6617 2123/6208/6617 117/6210/6617 3642/6901/6617
f 5352/6900/6618 7116/6899/6618 3642/6901/6618 1381/6902/6618
f 601/6599/6619 5353/6896/6619 7117/6903/6619 2083/6603/6619
f 5353/6896/6620 1822/6895/6620 5352/6900/6620 7117/6903/6620
f 7117/6903/6621 5352/6900/6621 1381/6902/6621 3643/6904/6621
f 2083/6603/6622 7117/6903/6622 3643/6904/6622 97/6604/6622
f 97/6604/6623 3643/6904/6623 7118/6905/6623 2084/6618/6623
f 3643/6904/6624 1381/6902/6624 5354/6906/6624 7118/6905/6624
f 7118/6905/6625 5354/6906/6625 1823/6907/6625 5357/6908/6625
f 2084/6618/6626 7118/6905/6626 5357/6908/6626 602/6619/6626
f 1381/6902/6627 3642/6901/6627 7119/6909/6627 5354/6906/6627
f 3642/6901/6628 117/6210/6628 2124/6212/6628 7119/6909/6628
f 7119/6909/6629 2124/6212/6629 622/6216/6629 5355/6910/6629
f 5354/6906/6630 7119/6909/6630 5355/6910/6630 1823/6907/6630
f 1823/6907/6631 5355/6910/6631 7120/6911/6631 5356/6912/6631
f 5355/6910/6632 622/6216/6632 2125/6228/6632 7120/6911/6632
f 7120/6911/6633 2125/6228/6633 118/6230/6633 3644/6913/6633
f 5356/6912/6634 7120/6911/6634 3644/6913/6634 1382/6914/6634
f 602/6619/6635 5357/6908/6635 7121/6915/6635 2085/6623/6635
f 5357/6908/6636 1823/6907/6636 5356/6912/6636 7121/6915/6636
f 7121/6915/6637 5356/6912/6637 1382/6914/6637 3645/6916/6637
f 2085/6623/6638 7121/6915/6638 3645/6916/6638 98/6624/6638
f 98/6624/6639 3645/6916/6639 7122/6917/6639 2086/6638/6639
f 3645/6916/6640 1382/6914/6640 5358/6918/6640 7122/6917/6640
f 7122/6917/6641 5358/6918/6641 1824/6919/6641 5361/6920/6641
f 2086/6638/6642 7122/6917/6642 5361/6920/6642 603/6639/6642
f 1382/6914/6643 3644/6913/6643 7123/6921/6643 5358/6918/6643
f 3644/6913/6644 118/6230/6644 2126/6232/6644 7123/6921/6644
f 7123/6921/6645 2126/6232/6645 623/6236/6645 5359/6922/6645
f 5358/6918/6646 7123/6921/6646 5359/6922/6646 1824/6919/6646
f 1824/6919/6647 5359/6922/6647 7124/6923/6647 5360/6924/6647
f 5359/6922/6648 623/6236/6648 2127/6248/6648 7124/6923/6648
f 7124/6923/6649 2127/6248/6649 119/6250/6649 3646/6925/6649
f 5360/6924/6650 7124/6923/6650 3646/6925/6650 1383/6926/6650
f 603/6639/6651 5361/6920/6651 7125/6927/6651 2087/6643/6651
f 5361/6920/6652 1824/6919/6652 5360/6924/6652 7125/6927/6652
f 7125/6927/6653 5360/6924/6653 1383/6926/6653 3647/6928/6653
f 2087/6643/6654 7125/6927/6654 3647/6928/6654 99/6644/6654
f 99/6644/6655 3647/6928/6655 7126/6929/6655 2088/6658/6655
f 3647/6928/6656 1383/6926/6656 5362/6930/6656 7126/6929/6656
f 7126/6929/6657 5362/6930/6657 1825/6931/6657 5365/6932/6657
f 2088/6658/6658 7126/6929/6658 5365/6932/6658 604/6659/6658
f 1383/6926/6659 3646/6925/6659 7127/6933/6659 5362/6930/6659
f 3646/6925/6660 119/6250/6660 2128/6252/6660 7127/6933/6660
f 7127/6933/6661 2128/6252/6661 624/6256/6661 5363/6934/6661
f 5362/6930/6662 7127/6933/6662 5363/6934/6662 1825/6931/6662
f 1825/6931/6663 5363/6934/6663 7128/6935/6663 5364/6936/6663
f 5363/6934/6664 624/6256/6664 2129/6268/6664 7128/6935/6664
f 7128/6935/6665 2129/6268/6665 120/6270/6665 3648/6937/6665
f 5364/6936/6666 7128/6935/6666 3648/6937/6666 1384/6938/6666
f 604/6659/6667 5365/6932/6667 7129/6939/6667 2089/6663/6667
f 5365/6932/6668 1825/6931/6668 5364/6936/6668 7129/6939/6668
f 7129/6939/6669 5364/6936/6669 1384/6938/6669 3649/6940/6669
f 2089/6663/6670 7129/6939/6670 3649/6940/6670 100/6664/6670
f 100/6664/6671 3649/6940/6671 7130/6941/6671 2090/6678/6671
f 3649/6940/6672 1384/6938/6672 5366/6942/6672 7130/6941/6672
f 7130/6941/6673 5366/6942/6673 1826/6943/6673 5369/6944/6673
f 2090/6678/6674 7130/6941/6674 5369/6944/6674 605/6679/6674
f 1384/6938/6675 3648/6937/6675 7131/6945/6675 5366/6942/6675
f 3648/6937/6676 120/6270/6676 2130/6272/6676 7131/6945/6676
f 7131/6945/6677 2130/6272/6677 625/6276/6677 5367/6946/6677
f 5366/6942/6678 7131/6945/6678 5367/6946/6678 1826/6943/6678
f 1826/6943/6679 5367/6946/6679 7132/6947/6679 5368/6948/6679
f 5367/6946/6680 625/6276/6680 2131/6288/6680 7132/6947/6680
f 7132/6947/6681 2131/6288/6681 121/6290/6681 3650/6949/6681
f 5368/6948/6682 7132/6947/6682 3650/6949/6682 1385/6950/6682
f 605/6679/6683 5369/6944/6683 7133/6951/6683 2091/6683/6683
f 5369/6944/6684 1826/6943/6684 5368/6948/6684 7133/6951/6684
f 7133/6951/6685 5368/6948/6685 1385/6950/6685 3651/6952/6685
f 2091/6683/6686 7133/6951/6686 3651/6952/6686 101/6684/6686
f 101/6684/6687 3651/6952/6687 7134/6953/6687 2092/6698/6687
f 3651/6952/6688 1385/6950/6688 5370/6954/6688 7134/6953/6688
f 7134/6953/6689 5370/6954/6689 1827/6955/6689 5373/6956/6689
f 2092/6698/6690 7134/6953/6690 5373/6956/6690 606/6699/6690
f 1385/6950/6691 3650/6949/6691 7135/6957/6691 5370/6954/6691
f 3650/6949/6692 121/6290/6692 2132/6292/6692 7135/6957/6692
f 7135/6957/6693 2132/6292/6693 626/6296/6693 5371/6958/6693
f 5370/6954/6694 7135/6957/6694 5371/6958/6694 1827/6955/6694
f 1827/6955/6695 5371/6958/6695 7136/6959/6695 5372/6960/6695
f 5371/6958/6696 626/6296/6696 2133/6308/6696 7136/6959/6696
f 7136/6959/6697 2133/6308/6697 122/6310/6697 3652/6961/6697
f 5372/6960/6698 7136/6959/6698 3652/6961/6698 1386/6962/6698
f 606/6699/6699 5373/6956/6699 7137/6963/6699 2093/6703/6699
f 5373/6956/6700 1827/6955/6700 5372/6960/6700 7137/6963/6700
f 7137/6963/6701 5372/6960/6701 1386/6962/6701 3653/6964/6701
f 2093/6703/6702 7137/6963/6702 3653/6964/6702 102/6704/6702
f 102/6704/6703 3653/6964/6703 7138/6965/6703 2094/6718/6703
f 3653/6964/6704 1386/6962/6704 5374/6966/6704 7138/6965/6704
f 7138/6965/6705 5374/6966/6705 1828/6967/6705 5377/6968/6705
f 2094/6718/6706 7138/6965/6706 5377/6968/6706 607/6719/6706
f 1386/6962/6707 3652/6961/6707 7139/6969/6707 5374/6966/6707
f 3652/6961/6708 122/6310/6708 2134/6312/6708 7139/6969/6708
f 7139/6969/6709 2134/6312/6709 627/6316/6709 5375/6970/6709
f 5374/6966/6710 7139/6969/6710 5375/6970/6710 1828/6967/6710
f 1828/6967/6711 5375/6970/6711 7140/6971/6711 5376/6972/6711
f 5375/6970/6712 627/6316/6712 2135/6328/6712 7140/6971/6712
f 7140/6971/6713 2135/6328/6713 123/6330/6713 3654/6973/6713
f 5376/6972/6714 7140/6971/6714 3654/6973/6714 1387/6974/6714
f 607/6719/6715 5377/6968/6715 7141/6975/6715 2095/6723/6715
f 5377/6968/6716 1828/6967/6716 5376/6972/6716 7141/6975/6716
f 7141/6975/6717 5376/6972/6717 1387/6974/6717 3655/6976/6717
f 2095/6723/6718 7141/6975/6718 3655/6976/6718 103/6724/6718
f 103/6724/6719 3655/6976/6719 7142/6977/6719 2096/6738/6719
f 3655/6976/6720 1387/6974/6720 5378/6978/6720 7142/6977/6720
f 7142/6977/6721 5378/6978/6721 1829/6979/6721 5381/6980/6721
f 2096/6738/6722 7142/6977/6722 5381/6980/6722 608/6739/6722
f 1387/6974/6723 3654/6973/6723 7143/6981/6723 5378/6978/6723
f 3654/6973/6724 123/6330/6724 2136/6332/6724 7143/6981/6724
f 7143/6981/6725 2136/6332/6725 628/6336/6725 5379/6982/6725
f 5378/6978/6726 7143/6981/6726 5379/6982/6726 1829/6979/6726
f 1829/6979/6727 5379/6982/6727 7144/6983/6727 5380/6984/6727
f 5379/6982/6728 628/6336/6728 2137/6345/6728 7144/6983/6728
f 7144/6983/6729 2137/6345/6729 124/37/6729 3656/35/6729
f 5380/6984/6730 7144/6983/6730 3656/35/6730 1388/30/6730
f 608/6739/6731 5381/6980/6731 7145/6985/6731 2097/6743/6731
f 5381/6980/6732 1829/6979/6732 5380/6984/6732 7145/6985/6732
f 7145/6985/6733 5380/6984/6733 1388/30/6733 3657/27/6733
f 2097/6743/6734 7145/6985/6734 3657/27/6734 104/26/6734
f 22/5957/6735 1893/6986/6735 7146/6987/6735 2138/5958/6735
f 1893/6986/6736 506/6988/6736 5382/6989/6736 7146/6987/6736
f 7146/6987/6737 5382/6989/6737 1830/6990/6737 5385/6991/6737
f 2138/5958/6738 7146/6987/6738 5385/6991/6738 629/5959/6738
f 506/6988/6739 1892/6992/6739 7147/6993/6739 5382/6989/6739
f 1892/6992/6740 21/5626/6740 2178/5629/6740 7147/6993/6740
f 7147/6993/6741 2178/5629/6741 649/5634/6741 5383/6994/6741
f 5382/6989/6742 7147/6993/6742 5383/6994/6742 1830/6990/6742
f 1830/6990/6743 5383/6994/6743 7148/6995/6743 5384/6996/6743
f 5383/6994/6744 649/5634/6744 2179/5643/6744 7148/6995/6744
f 7148/6995/6745 2179/5643/6745 145/5645/6745 3658/6997/6745
f 5384/6996/6746 7148/6995/6746 3658/6997/6746 1389/6998/6746
f 629/5959/6747 5385/6991/6747 7149/6999/6747 2139/5963/6747
f 5385/6991/6748 1830/6990/6748 5384/6996/6748 7149/6999/6748
f 7149/6999/6749 5384/6996/6749 1389/6998/6749 3659/7000/6749
f 2139/5963/6750 7149/6999/6750 3659/7000/6750 125/5964/6750
f 125/5964/6751 3659/7000/6751 7150/7001/6751 2140/5978/6751
f 3659/7000/6752 1389/6998/6752 5386/7002/6752 7150/7001/6752
f 7150/7001/6753 5386/7002/6753 1831/7003/6753 5389/7004/6753
f 2140/5978/6754 7150/7001/6754 5389/7004/6754 630/5979/6754
f 1389/6998/6755 3658/6997/6755 7151/7005/6755 5386/7002/6755
f 3658/6997/6756 145/5645/6756 2180/5647/6756 7151/7005/6756
f 7151/7005/6757 2180/5647/6757 650/5651/6757 5387/7006/6757
f 5386/7002/6758 7151/7005/6758 5387/7006/6758 1831/7003/6758
f 1831/7003/6759 5387/7006/6759 7152/7007/6759 5388/7008/6759
f 5387/7006/6760 650/5651/6760 2181/5659/6760 7152/7007/6760
f 7152/7007/6761 2181/5659/6761 146/5661/6761 3660/7009/6761
f 5388/7008/6762 7152/7007/6762 3660/7009/6762 1390/7010/6762
f 630/5979/6763 5389/7004/6763 7153/7011/6763 2141/5983/6763
f 5389/7004/6764 1831/7003/6764 5388/7008/6764 7153/7011/6764
f 7153/7011/6765 5388/7008/6765 1390/7010/6765 3661/7012/6765
f 2141/5983/6766 7153/7011/6766 3661/7012/6766 126/5984/6766
f 126/5984/6767 3661/7012/6767 7154/7013/6767 2142/5998/6767
f 3661/7012/6768 1390/7010/6768 5390/7014/6768 7154/7013/6768
f 7154/7013/6769 5390/7014/6769 1832/7015/6769 5393/7016/6769
f 2142/5998/6770 7154/7013/6770 5393/7016/6770 631/5999/6770
f 1390/7010/6771 3660/7009/6771 7155/7017/6771 5390/7014/6771
f 3660/7009/6772 146/5661/6772 2182/5663/6772 7155/7017/6772
f 7155/7017/6773 2182/5663/6773 651/5667/6773 5391/7018/6773
f 5390/7014/6774 7155/7017/6774 5391/7018/6774 1832/7015/6774
f 1832/7015/6775 5391/7018/6775 7156/7019/6775 5392/7020/6775
f 5391/7018/6776 651/5667/6776 2183/5675/6776 7156/7019/6776
f 7156/7019/6777 2183/5675/6777 147/5677/6777 3662/7021/6777
f 5392/7020/6778 7156/7019/6778 3662/7021/6778 1391/7022/6778
f 631/5999/6779 5393/7016/6779 7157/7023/6779 2143/6003/6779
f 5393/7016/6780 1832/7015/6780 5392/7020/6780 7157/7023/6780
f 7157/7023/6781 5392/7020/6781 1391/7022/6781 3663/7024/6781
f 2143/6003/6782 7157/7023/6782 3663/7024/6782 127/6004/6782
f 127/6004/6783 3663/7024/6783 7158/7025/6783 2144/6018/6783
f 3663/7024/6784 1391/7022/6784 5394/7026/6784 7158/7025/6784
f 7158/7025/6785 5394/7026/6785 1833/7027/6785 5397/7028/6785
f 2144/6018/6786 7158/7025/6786 5397/7028/6786 632/6019/6786
f 1391/7022/6787 3662/7021/6787 7159/7029/6787 5394/7026/6787
f 3662/7021/6788 147/5677/6788 2184/5679/6788 7159/7029/6788
f 7159/7029/6789 2184/5679/6789 652/5683/6789 5395/7030/6789
f 5394/7026/6790 7159/7029/6790 5395/7030/6790 1833/7027/6790
f 1833/7027/6791 5395/7030/6791 7160/7031/6791 5396/7032/6791
f 5395/7030/6792 652/5683/6792 2185/5691/6792 7160/7031/6792
f 7160/7031/6793 2185/5691/6793 148/5693/6793 3664/7033/6793
f 5396/7032/6794 7160/7031/6794 3664/7033/6794 1392/7034/6794
f 632/6019/6795 5397/7028/6795 7161/7035/6795 2145/6023/6795
f 5397/7028/6796 1833/7027/6796 5396/7032/6796 7161/7035/6796
f 7161/7035/6797 5396/7032/6797 1392/7034/6797 3665/7036/6797
f 2145/6023/6798 7161/7035/6798 3665/7036/6798 128/6024/6798
f 128/6024/6799 3665/7036/6799 7162/7037/6799 2146/6038/6799
f 3665/7036/6800 1392/7034/6800 5398/7038/6800 7162/7037/6800
f 7162/7037/6801 5398/7038/6801 1834/7039/6801 5401/7040/6801
f 2146/6038/6802 7162/7037/6802 5401/7040/6802 633/6039/6802
f 1392/7034/6803 3664/7033/6803 7163/7041/6803 5398/7038/6803
f 3664/7033/6804 148/5693/6804 2186/5695/6804 7163/7041/6804
f 7163/7041/6805 2186/5695/6805 653/5699/6805 5399/7042/6805
f 5398/7038/6806 7163/7041/6806 5399/7042/6806 1834/7039/6806
f 1834/7039/6807 5399/7042/6807 7164/7043/6807 5400/7044/6807
f 5399/7042/6808 653/5699/6808 2187/5707/6808 7164/7043/6808
f 7164/7043/6809 2187/5707/6809 149/5709/6809 3666/7045/6809
f 5400/7044/6810 7164/7043/6810 3666/7045/6810 1393/7046/6810
f 633/6039/6811 5401/7040/6811 7165/7047/6811 2147/6043/6811
f 5401/7040/6812 1834/7039/6812 5400/7044/6812 7165/7047/6812
f 7165/7047/6813 5400/7044/6813 1393/7046/6813 3667/7048/6813
f 2147/6043/6814 7165/7047/6814 3667/7048/6814 129/6044/6814
f 129/6044/6815 3667/7048/6815 7166/7049/6815 2148/6058/6815
f 3667/7048/6816 1393/7046/6816 5402/7050/6816 7166/7049/6816
f 7166/7049/6817 5402/7050/6817 1835/7051/6817 5405/7052/6817
f 2148/6058/6818 7166/7049/6818 5405/7052/6818 634/6059/6818
f 1393/7046/6819 3666/7045/6819 7167/7053/6819 5402/7050/6819
f 3666/7045/6820 149/5709/6820 2188/5711/6820 7167/7053/6820
f 7167/7053/6821 2188/5711/6821 654/5715/6821 5403/7054/6821
f 5402/7050/6822 7167/7053/6822 5403/7054/6822 1835/7051/6822
f 1835/7051/6823 5403/7054/6823 7168/7055/6823 5404/7056/6823
f 5403/7054/6824 654/5715/6824 2189/5723/6824 7168/7055/6824
f 7168/7055/6825 2189/5723/6825 150/5725/6825 3668/7057/6825
f 5404/7056/6826 7168/7055/6826 3668/7057/6826 1394/7058/6826
f 634/6059/6827 5405/7052/6827 7169/7059/6827 2149/6063/6827
f 5405/7052/6828 1835/7051/6828 5404/7056/6828 7169/7059/6828
f 7169/7059/6829 5404/7056/6829 1394/7058/6829 3669/7060/6829
f 2149/6063/6830 7169/7059/6830 3669/7060/6830 130/6064/6830
f 130/6064/6831 3669/7060/6831 7170/7061/6831 2150/6078/6831
f 3669/7060/6832 1394/7058/6832 5406/7062/6832 7170/7061/6832
f 7170/7061/6833 5406/7062/6833 1836/7063/6833 5409/7064/6833
f 2150/6078/6834 7170/7061/6834 5409/7064/6834 635/6079/6834
f 1394/7058/6835 3668/7057/6835 7171/7065/6835 5406/7062/6835
f 3668/7057/6836 150/5725/6836 2190/5727/6836 7171/7065/6836
f 7171/7065/6837 2190/5727/6837 655/5731/6837 5407/7066/6837
f 5406/7062/6838 7171/7065/6838 5407/7066/6838 1836/7063/6838
f 1836/7063/6839 5407/7066/6839 7172/7067/6839 5408/7068/6839
f 5407/7066/6840 655/5731/6840 2191/5739/6840 7172/7067/6840
f 7172/7067/6841 2191/5739/6841 151/5741/6841 3670/7069/6841
f 5408/7068/6842 7172/7067/6842 3670/7069/6842 1395/7070/6842
f 635/6079/6843 5409/7064/6843 7173/7071/6843 2151/6083/6843
f 5409/7064/6844 1836/7063/6844 5408/7068/6844 7173/7071/6844
f 7173/7071/6845 5408/7068/6845 1395/7070/6845 3671/7072/6845
f 2151/6083/6846 7173/7071/6846 3671/7072/6846 131/6084/6846
f 131/6084/6847 3671/7072/6847 7174/7073/6847 2152/6098/6847
f 3671/7072/6848 1395/7070/6848 5410/7074/6848 7174/7073/6848
f 7174/7073/6849 5410/7074/6849 1837/7075/6849 5413/7076/6849
f 2152/6098/6850 7174/7073/6850 5413/7076/6850 636/6099/6850
f 1395/7070/6851 3670/7069/6851 7175/7077/6851 5410/7074/6851
f 3670/7069/6852 151/5741/6852 2192/5743/6852 7175/7077/6852
f 7175/7077/6853 2192/5743/6853 656/5747/6853 5411/7078/6853
f 5410/7074/6854 7175/7077/6854 5411/7078/6854 1837/7075/6854
f 1837/7075/6855 5411/7078/6855 7176/7079/6855 5412/7080/6855
f 5411/7078/6856 656/5747/6856 2193/5755/6856 7176/7079/6856
f 7176/7079/6857 2193/5755/6857 152/5757/6857 3672/7081/6857
f 5412/7080/6858 7176/7079/6858 3672/7081/6858 1396/7082/6858
f 636/6099/6859 5413/7076/6859 7177/7083/6859 2153/6103/6859
f 5413/7076/6860 1837/7075/6860 5412/7080/6860 7177/7083/6860
f 7177/7083/6861 5412/7080/6861 1396/7082/6861 3673/7084/6861
f 2153/6103/6862 7177/7083/6862 3673/7084/6862 132/6104/6862
f 132/6104/6863 3673/7084/6863 7178/7085/6863 2154/6118/6863
f 3673/7084/6864 1396/7082/6864 5414/7086/6864 7178/7085/6864
f 7178/7085/6865 5414/7086/6865 1838/7087/6865 5417/7088/6865
f 2154/6118/6866 7178/7085/6866 5417/7088/6866 637/6119/6866
f 1396/7082/6867 3672/7081/6867 7179/7089/6867 5414/7086/6867
f 3672/7081/6868 152/5757/6868 2194/5759/6868 7179/7089/6868
f 7179/7089/6869 2194/5759/6869 657/5763/6869 5415/7090/6869
f 5414/7086/6870 7179/7089/6870 5415/7090/6870 1838/7087/6870
f 1838/7087/6871 5415/7090/6871 7180/7091/6871 5416/7092/6871
f 5415/7090/6872 657/5763/6872 2195/5771/6872 7180/7091/6872
f 7180/7091/6873 2195/5771/6873 153/5773/6873 3674/7093/6873
f 5416/7092/6874 7180/7091/6874 3674/7093/6874 1397/7094/6874
f 637/6119/6875 5417/7088/6875 7181/7095/6875 2155/6123/6875
f 5417/7088/6876 1838/7087/6876 5416/7092/6876 7181/7095/6876
f 7181/7095/6877 5416/7092/6877 1397/7094/6877 3675/7096/6877
f 2155/6123/6878 7181/7095/6878 3675/7096/6878 133/6124/6878
f 133/6124/6879 3675/7096/6879 7182/7097/6879 2156/6138/6879
f 3675/7096/6880 1397/7094/6880 5418/7098/6880 7182/7097/6880
f 7182/7097/6881 5418/7098/6881 1839/7099/6881 5421/7100/6881
f 2156/6138/6882 7182/7097/6882 5421/7100/6882 638/6139/6882
f 1397/7094/6883 3674/7093/6883 7183/7101/6883 5418/7098/6883
f 3674/7093/6884 153/5773/6884 2196/5775/6884 7183/7101/6884
f 7183/7101/6885 2196/5775/6885 658/5779/6885 5419/7102/6885
f 5418/7098/6886 7183/7101/6886 5419/7102/6886 1839/7099/6886
f 1839/7099/6887 5419/7102/6887 7184/7103/6887 5420/7104/6887
f 5419/7102/6888 658/5779/6888 2197/5787/6888 7184/7103/6888
f 7184/7103/6889 2197/5787/6889 154/5789/6889 3676/7105/6889
f 5420/7104/6890 7184/7103/6890 3676/7105/6890 1398/7106/6890
f 638/6139/6891 5421/7100/6891 7185/7107/6891 2157/6143/6891
f 5421/7100/6892 1839/7099/6892 5420/7104/6892 7185/7107/6892
f 7185/7107/6893 5420/7104/6893 1398/7106/6893 3677/7108/6893
f 2157/6143/6894 7185/7107/6894 3677/7108/6894 134/6144/6894
f 134/6144/6895 3677/7108/6895 7186/7109/6895 2158/6158/6895
f 3677/7108/6896 1398/7106/6896 5422/7110/6896 7186/7109/6896
f 7186/7109/6897 5422/7110/6897 1840/7111/6897 5425/7112/6897
f 2158/6158/6898 7186/7109/6898 5425/7112/6898 639/6159/6898
f 1398/7106/6899 3676/7105/6899 7187/7113/6899 5422/7110/6899
f 3676/7105/6900 154/5789/6900 2198/5791/6900 7187/7113/6900
f 7187/7113/6901 2198/5791/6901 659/5795/6901 5423/7114/6901
f 5422/7110/6902 7187/7113/6902 5423/7114/6902 1840/7111/6902
f 1840/7111/6903 5423/7114/6903 7188/7115/6903 5424/7116/6903
f 5423/7114/6904 659/5795/6904 2199/5803/6904 7188/7115/6904
f 7188/7115/6905 2199/5803/6905 155/5805/6905 3678/7117/6905
f 5424/7116/6906 7188/7115/6906 3678/7117/6906 1399/7118/6906
f 639/6159/6907 5425/7112/6907 7189/7119/6907 2159/6163/6907
f 5425/7112/6908 1840/7111/6908 5424/7116/6908 7189/7119/6908
f 7189/7119/6909 5424/7116/6909 1399/7118/6909 3679/7120/6909
f 2159/6163/6910 7189/7119/6910 3679/7120/6910 135/6164/6910
f 135/6164/6911 3679/7120/6911 7190/7121/6911 2160/6178/6911
f 3679/7120/6912 1399/7118/6912 5426/7122/6912 7190/7121/6912
f 7190/7121/6913 5426/7122/6913 1841/7123/6913 5429/7124/6913
f 2160/6178/6914 7190/7121/6914 5429/7124/6914 640/6179/6914
f 1399/7118/6915 3678/7117/6915 7191/7125/6915 5426/7122/6915
f 3678/7117/6916 155/5805/6916 2200/5807/6916 7191/7125/6916
f 7191/7125/6917 2200/5807/6917 660/5811/6917 5427/7126/6917
f 5426/7122/6918 7191/7125/6918 5427/7126/6918 1841/7123/6918
f 1841/7123/6919 5427/7126/6919 7192/7127/6919 5428/7128/6919
f 5427/7126/6920 660/5811/6920 2201/5819/6920 7192/7127/6920
f 7192/7127/6921 2201/5819/6921 156/5821/6921 3680/7129/6921
f 5428/7128/6922 7192/7127/6922 3680/7129/6922 1400/7130/6922
f 640/6179/6923 5429/7124/6923 7193/7131/6923 2161/6183/6923
f 5429/7124/6924 1841/7123/6924 5428/7128/6924 7193/7131/6924
f 7193/7131/6925 5428/7128/6925 1400/7130/6925 3681/7132/6925
f 2161/6183/6926 7193/7131/6926 3681/7132/6926 136/6184/6926
f 136/6184/6927 3681/7132/6927 7194/7133/6927 2162/6198/6927
f 3681/7132/6928 1400/7130/6928 5430/7134/6928 7194/7133/6928
f 7194/7133/6929 5430/7134/6929 1842/7135/6929 5433/7136/6929
f 2162/6198/6930 7194/7133/6930 5433/7136/6930 641/6199/6930
f 1400/7130/6931 3680/7129/6931 7195/7137/6931 5430/7134/6931
f 3680/7129/6932 156/5821/6932 2202/5823/6932 7195/7137/6932
f 7195/7137/6933 2202/5823/6933 661/5827/6933 5431/7138/6933
f 5430/7134/6934 7195/7137/6934 5431/7138/6934 1842/7135/6934
f 1842/7135/6935 5431/7138/6935 7196/7139/6935 5432/7140/6935
f 5431/7138/6936 661/5827/6936 2203/5835/6936 7196/7139/6936
f 7196/7139/6937 2203/5835/6937 157/5837/6937 3682/7141/6937
f 5432/7140/6938 7196/7139/6938 3682/7141/6938 1401/7142/6938
f 641/6199/6939 5433/7136/6939 7197/7143/6939 2163/6203/6939
f 5433/7136/6940 1842/7135/6940 5432/7140/6940 7197/7143/6940
f 7197/7143/6941 5432/7140/6941 1401/7142/6941 3683/7144/6941
f 2163/6203/6942 7197/7143/6942 3683/7144/6942 137/6204/6942
f 137/6204/6943 3683/7144/6943 7198/7145/6943 2164/6218/6943
f 3683/7144/6944 1401/7142/6944 5434/7146/6944 7198/7145/6944
f 7198/7145/6945 5434/7146/6945 1843/7147/6945 5437/7148/6945
f 2164/6218/6946 7198/7145/6946 5437/7148/6946 642/6219/6946
f 1401/7142/6947 3682/7141/6947 7199/7149/6947 5434/7146/6947
f 3682/7141/6948 157/5837/6948 2204/5839/6948 7199/7149/6948
f 7199/7149/6949 2204/5839/6949 662/5843/6949 5435/7150/6949
f 5434/7146/6950 7199/7149/6950 5435/7150/6950 1843/7147/6950
f 1843/7147/6951 5435/7150/6951 7200/7151/6951 5436/7152/6951
f 5435/7150/6952 662/5843/6952 2205/5851/6952 7200/7151/6952
f 7200/7151/6953 2205/5851/6953 158/5853/6953 3684/7153/6953
f 5436/7152/6954 7200/7151/6954 3684/7153/6954 1402/7154/6954
f 642/6219/6955 5437/7148/6955 7201/7155/6955 2165/6223/6955
f 5437/7148/6956 1843/7147/6956 5436/7152/6956 7201/7155/6956
f 7201/7155/6957 5436/7152/6957 1402/7154/6957 3685/7156/6957
f 2165/6223/6958 7201/7155/6958 3685/7156/6958 138/6224/6958
f 138/6224/6959 3685/7156/6959 7202/7157/6959 2166/6238/6959
f 3685/7156/6960 1402/7154/6960 5438/7158/6960 7202/7157/6960
f 7202/7157/6961 5438/7158/6961 1844/7159/6961 5441/7160/6961
f 2166/6238/6962 7202/7157/6962 5441/7160/6962 643/6239/6962
f 1402/7154/6963 3684/7153/6963 7203/7161/6963 5438/7158/6963
f 3684/7153/6964 158/5853/6964 2206/5855/6964 7203/7161/6964
f 7203/7161/6965 2206/5855/6965 663/5859/6965 5439/7162/6965
f 5438/7158/6966 7203/7161/6966 5439/7162/6966 1844/7159/6966
f 1844/7159/6967 5439/7162/6967 7204/7163/6967 5440/7164/6967
f 5439/7162/6968 663/5859/6968 2207/5867/6968 7204/7163/6968
f 7204/7163/6969 2207/5867/6969 159/5869/6969 3686/7165/6969
f 5440/7164/6970 7204/7163/6970 3686/7165/6970 1403/7166/6970
f 643/6239/6971 5441/7160/6971 7205/7167/6971 2167/6243/6971
f 5441/7160/6972 1844/7159/6972 5440/7164/6972 7205/7167/6972
f 7205/7167/6973 5440/7164/6973 1403/7166/6973 3687/7168/6973
f 2167/6243/6974 7205/7167/6974 3687/7168/6974 139/6244/6974
f 139/6244/6975 3687/7168/6975 7206/7169/6975 2168/6258/6975
f 3687/7168/6976 1403/7166/6976 5442/7170/6976 7206/7169/6976
f 7206/7169/6977 5442/7170/6977 1845/7171/6977 5445/7172/6977
f 2168/6258/6978 7206/7169/6978 5445/7172/6978 644/6259/6978
f 1403/7166/6979 3686/7165/6979 7207/7173/6979 5442/7170/6979
f 3686/7165/6980 159/5869/6980 2208/5871/6980 7207/7173/6980
f 7207/7173/6981 2208/5871/6981 664/5875/6981 5443/7174/6981
f 5442/7170/6982 7207/7173/6982 5443/7174/6982 1845/7171/6982
f 1845/7171/6983 5443/7174/6983 7208/7175/6983 5444/7176/6983
f 5443/7174/6984 664/5875/6984 2209/5883/6984 7208/7175/6984
f 7208/7175/6985 2209/5883/6985 160/5885/6985 3688/7177/6985
f 5444/7176/6986 7208/7175/6986 3688/7177/6986 1404/7178/6986
f 644/6259/6987 5445/7172/6987 7209/7179/6987 2169/6263/6987
f 5445/7172/6988 1845/7171/6988 5444/7176/6988 7209/7179/6988
f 7209/7179/6989 5444/7176/6989 1404/7178/6989 3689/7180/6989
f 2169/6263/6990 7209/7179/6990 3689/7180/6990 140/6264/6990
f 140/6264/6991 3689/7180/6991 7210/7181/6991 2170/6278/6991
f 3689/7180/6992 1404/7178/6992 5446/7182/6992 7210/7181/6992
f 7210/7181/6993 5446/7182/6993 1846/7183/6993 5449/7184/6993
f 2170/6278/6994 7210/7181/6994 5449/7184/6994 645/6279/6994
f 1404/7178/6995 3688/7177/6995 7211/7185/6995 5446/7182/6995
f 3688/7177/6996 160/5885/6996 2210/5887/6996 7211/7185/6996
f 7211/7185/6997 2210/5887/6997 665/5891/6997 5447/7186/6997
f 5446/7182/6998 7211/7185/6998 5447/7186/6998 1846/7183/6998
f 1846/7183/6999 5447/7186/6999 7212/7187/6999 5448/7188/6999
f 5447/7186/7000 665/5891/7000 2211/5899/7000 7212/7187/7000
f 7212/7187/7001 2211/5899/7001 161/5901/7001 3690/7189/7001
f 5448/7188/7002 7212/7187/7002 3690/7189/7002 1405/7190/7002
f 645/6279/7003 5449/7184/7003 7213/7191/7003 2171/6283/7003
f 5449/7184/7004 1846/7183/7004 5448/7188/7004 7213/7191/7004
f 7213/7191/7005 5448/7188/7005 1405/7190/7005 3691/7192/7005
f 2171/6283/7006 7213/7191/7006 3691/7192/7006 141/6284/7006
f 141/6284/7007 3691/7192/7007 7214/7193/7007 2172/6298/7007
f 3691/7192/7008 1405/7190/7008 5450/7194/7008 7214/7193/7008
f 7214/7193/7009 5450/7194/7009 1847/7195/7009 5453/7196/7009
f 2172/6298/7010 7214/7193/7010 5453/7196/7010 646/6299/7010
f 1405/7190/7011 3690/7189/7011 7215/7197/7011 5450/7194/7011
f 3690/7189/7012 161/5901/7012 2212/5903/7012 7215/7197/7012
f 7215/7197/7013 2212/5903/7013 666/5907/7013 5451/7198/7013
f 5450/7194/7014 7215/7197/7014 5451/7198/7014 1847/7195/7014
f 1847/7195/7015 5451/7198/7015 7216/7199/7015 5452/7200/7015
f 5451/7198/7016 666/5907/7016 2213/5915/7016 7216/7199/7016
f 7216/7199/7017 2213/5915/7017 162/5917/7017 3692/7201/7017
f 5452/7200/7018 7216/7199/7018 3692/7201/7018 1406/7202/7018
f 646/6299/7019 5453/7196/7019 7217/7203/7019 2173/6303/7019
f 5453/7196/7020 1847/7195/7020 5452/7200/7020 7217/7203/7020
f 7217/7203/7021 5452/7200/7021 1406/7202/7021 3693/7204/7021
f 2173/6303/7022 7217/7203/7022 3693/7204/7022 142/6304/7022
f 142/6304/7023 3693/7204/7023 7218/7205/7023 2174/6318/7023
f 3693/7204/7024 1406/7202/7024 5454/7206/7024 7218/7205/7024
f 7218/7205/7025 5454/7206/7025 1848/7207/7025 5457/7208/7025
f 2174/6318/7026 7218/7205/7026 5457/7208/7026 647/6319/7026
f 1406/7202/7027 3692/7201/7027 7219/7209/7027 5454/7206/7027
f 3692/7201/7028 162/5917/7028 2214/5919/7028 7219/7209/7028
f 7219/7209/7029 2214/5919/7029 667/5923/7029 5455/7210/7029
f 5454/7206/7030 7219/7209/7030 5455/7210/7030 1848/7207/7030
f 1848/7207/7031 5455/7210/7031 7220/7211/7031 5456/7212/7031
f 5455/7210/7032 667/5923/7032 2215/5931/7032 7220/7211/7032
f 7220/7211/7033 2215/5931/7033 163/5933/7033 3694/7213/7033
f 5456/7212/7034 7220/7211/7034 3694/7213/7034 1407/7214/7034
f 647/6319/7035 5457/7208/7035 7221/7215/7035 2175/6323/7035
f 5457/7208/7036 1848/7207/7036 5456/7212/7036 7221/7215/7036
f 7221/7215/7037 5456/7212/7037 1407/7214/7037 3695/7216/7037
f 2175/6323/7038 7221/7215/7038 3695/7216/7038 143/6324/7038
f 143/6324/7039 3695/7216/7039 7222/7217/7039 2176/6338/7039
f 3695/7216/7040 1407/7214/7040 5458/7218/7040 7222/7217/7040
f 7222/7217/7041 5458/7218/7041 1849/7219/7041 5461/7220/7041
f 2176/6338/7042 7222/7217/7042 5461/7220/7042 648/6339/7042
f 1407/7214/7043 3694/7213/7043 7223/7221/7043 5458/7218/7043
f 3694/7213/7044 163/5933/7044 2216/5935/7044 7223/7221/7044
f 7223/7221/7045 2216/5935/7045 668/5939/7045 5459/7222/7045
f 5458/7218/7046 7223/7221/7046 5459/7222/7046 1849/7219/7046
f 1849/7219/7047 5459/7222/7047 7224/7223/7047 5460/7224/7047
f 5459/7222/7048 668/5939/7048 2217/5945/7048 7224/7223/7048
f 7224/7223/7049 2217/5945/7049 164/12/7049 3696/10/7049
f 5460/7224/7050 7224/7223/7050 3696/10/7050 1408/5/7050
f 648/6339/7051 5461/7220/7051 7225/7225/7051 2177/6343/7051
f 5461/7220/7052 1849/7219/7052 5460/7224/7052 7225/7225/7052
f 7225/7225/7053 5460/7224/7053 1408/5/7053 3697/2/7053
f 2177/6343/7054 7225/7225/7054 3697/2/7054 144/1/7054
